{"v":"5.3.4","fr":29.9700012207031,"ip":0,"op":141.000005743048,"w":136,"h":136,"nm":"7_Seat_forward","ddd":0,"assets":[],"layers":[{"ddd":0,"ind":1,"ty":4,"nm":"Stroke 288","parent":4,"sr":1,"ks":{"o":{"a":0,"k":100,"ix":11},"r":{"a":0,"k":0,"ix":10},"p":{"a":0,"k":[0,0,0],"ix":2},"a":{"a":0,"k":[0,0,0],"ix":1},"s":{"a":0,"k":[100,100,100],"ix":6}},"ao":0,"shapes":[{"ty":"gr","it":[{"ind":0,"ty":"sh","ix":1,"ks":{"a":0,"k":{"i":[[0,0],[0.13,0.81],[0,0],[-0.82,0],[0,0],[-0.14,-0.81],[0,0],[-0.82,0],[0,0],[0.14,-0.81],[0,0],[0.83,0]],"o":[[-0.82,0],[0,0],[-0.14,-0.81],[0,0],[0.83,0],[0,0],[0.14,0.81],[0,0],[0.82,0],[0,0],[-0.14,0.81],[0,0]],"v":[[-5.671,12],[-7.411,10.52],[-10.921,-10.52],[-9.671,-12],[-7.671,-12],[-5.921,-10.52],[-3.751,2.52],[-2.001,4],[9.669,4],[10.919,5.48],[10.079,10.52],[8.329,12]],"c":true},"ix":2},"nm":"Path 1","mn":"ADBE Vector Shape - Group","hd":false},{"ty":"st","c":{"a":0,"k":[0.113609999418,0.112988002598,0.1074699983,1],"ix":3},"o":{"a":0,"k":100,"ix":4},"w":{"a":0,"k":1,"ix":5},"lc":2,"lj":2,"nm":"Stroke 1","mn":"ADBE Vector Graphic - Stroke","hd":false},{"ty":"tr","p":{"a":0,"k":[0,0],"ix":2},"a":{"a":0,"k":[0,0],"ix":1},"s":{"a":0,"k":[500,500],"ix":3},"r":{"a":0,"k":0,"ix":6},"o":{"a":0,"k":100,"ix":7},"sk":{"a":0,"k":0,"ix":4},"sa":{"a":0,"k":0,"ix":5},"nm":"Transform"}],"nm":"Stroke 288","np":2,"cix":2,"ix":1,"mn":"ADBE Vector Group","hd":false}],"ip":0,"op":141.000005743048,"st":0,"bm":0},{"ddd":0,"ind":2,"ty":4,"nm":"Fill 283","parent":4,"sr":1,"ks":{"o":{"a":0,"k":100,"ix":11},"r":{"a":0,"k":0,"ix":10},"p":{"a":0,"k":[-36.521,-0.003,0],"ix":2},"a":{"a":0,"k":[0,0,0],"ix":1},"s":{"a":0,"k":[100,100,100],"ix":6}},"ao":0,"shapes":[{"ty":"gr","it":[{"ind":0,"ty":"sh","ix":1,"ks":{"a":0,"k":{"i":[[0,0],[0,0],[-0.82,0],[0,0],[-0.14,-0.81],[0,0],[-0.82,0],[0,0],[0.13,0.81]],"o":[[0,0],[-0.14,-0.81],[0,0],[-0.82,0],[0,0],[0.13,0.81],[0,0],[-0.82,0],[0,0]],"v":[[1.893,10.52],[-1.617,-10.52],[-0.367,-12],[-2.367,-12],[-3.617,-10.52],[-0.107,10.52],[1.633,12],[3.633,12],[1.893,10.52]],"c":false},"ix":2},"nm":"Path 1","mn":"ADBE Vector Shape - Group","hd":false},{"ty":"fl","c":{"a":0,"k":[0.980224013329,0.7353489995,0.261079996824,1],"ix":4},"o":{"a":0,"k":100,"ix":5},"r":1,"nm":"Fill 1","mn":"ADBE Vector Graphic - Fill","hd":false},{"ty":"tr","p":{"a":0,"k":[0,0],"ix":2},"a":{"a":0,"k":[0,0],"ix":1},"s":{"a":0,"k":[500,500],"ix":3},"r":{"a":0,"k":0,"ix":6},"o":{"a":0,"k":100,"ix":7},"sk":{"a":0,"k":0,"ix":4},"sa":{"a":0,"k":0,"ix":5},"nm":"Transform"}],"nm":"Fill 283","np":2,"cix":2,"ix":1,"mn":"ADBE Vector Group","hd":false}],"ip":0,"op":141.000005743048,"st":0,"bm":0},{"ddd":0,"ind":3,"ty":4,"nm":"Fill 282","parent":4,"sr":1,"ks":{"o":{"a":0,"k":100,"ix":11},"r":{"a":0,"k":0,"ix":10},"p":{"a":0,"k":[43.183,40,0],"ix":2},"a":{"a":0,"k":[0,0,0],"ix":1},"s":{"a":0,"k":[100,100,100],"ix":6}},"ao":0,"shapes":[{"ty":"gr","it":[{"ind":0,"ty":"sh","ix":1,"ks":{"a":0,"k":{"i":[[0,0],[0,0],[0.13,-0.81],[0,0],[0.83,0],[0,0],[-0.14,0.81],[0,0],[0.83,0]],"o":[[0,0],[0.83,0],[0,0],[-0.14,0.81],[0,0],[0.83,0],[0,0],[0.13,-0.81],[0,0]],"v":[[1.026,-4],[-0.974,-4],[0.286,-2.52],[-0.554,2.52],[-2.304,4],[-0.304,4],[1.446,2.52],[2.286,-2.52],[1.026,-4]],"c":false},"ix":2},"nm":"Path 1","mn":"ADBE Vector Shape - Group","hd":false},{"ty":"fl","c":{"a":0,"k":[0.863620996475,0.455334991217,0,1],"ix":4},"o":{"a":0,"k":100,"ix":5},"r":1,"nm":"Fill 1","mn":"ADBE Vector Graphic - Fill","hd":false},{"ty":"tr","p":{"a":0,"k":[0,0],"ix":2},"a":{"a":0,"k":[0,0],"ix":1},"s":{"a":0,"k":[500,500],"ix":3},"r":{"a":0,"k":0,"ix":6},"o":{"a":0,"k":100,"ix":7},"sk":{"a":0,"k":0,"ix":4},"sa":{"a":0,"k":0,"ix":5},"nm":"Transform"}],"nm":"Fill 282","np":2,"cix":2,"ix":1,"mn":"ADBE Vector Group","hd":false}],"ip":0,"op":141.000005743048,"st":0,"bm":0},{"ddd":0,"ind":4,"ty":4,"nm":"Fill 281","sr":1,"ks":{"o":{"a":0,"k":100,"ix":11},"r":{"a":0,"k":0,"ix":10},"p":{"a":1,"k":[{"i":{"x":0.43,"y":0.835},"o":{"x":0.223,"y":0.168},"n":"0p43_0p835_0p223_0p168","t":0,"s":[-138.226,104,0],"e":[27.84,104,0],"to":[21.9274959564209,0,0],"ti":[-30.2984161376953,0,0]},{"i":{"x":0.632,"y":1},"o":{"x":0.117,"y":1},"n":"0p632_1_0p117_1","t":13,"s":[27.84,104,0],"e":[35.174,104,0],"to":[4.24872255325317,0,0],"ti":[0,0,0]},{"i":{"x":0.38,"y":0.38},"o":{"x":0.167,"y":0.167},"n":"0p38_0p38_0p167_0p167","t":30,"s":[35.174,104,0],"e":[35.174,104,0],"to":[0,0,0],"ti":[0,0,0]},{"i":{"x":0.604,"y":0.675},"o":{"x":0.197,"y":0},"n":"0p604_0p675_0p197_0","t":85,"s":[35.174,104,0],"e":[14.244,104,0],"to":[0,0,0],"ti":[0,0,0]},{"i":{"x":0.674,"y":1},"o":{"x":0.163,"y":1},"n":"0p674_1_0p163_1","t":94,"s":[14.244,104,0],"e":[12.374,104,0],"to":[0,0,0],"ti":[0,0,0]},{"i":{"x":0.597,"y":0.785},"o":{"x":0.172,"y":0},"n":"0p597_0p785_0p172_0","t":100,"s":[12.374,104,0],"e":[241.863,104,0],"to":[0,0,0],"ti":[0,0,0]},{"i":{"x":0.677,"y":1},"o":{"x":0.082,"y":1},"n":"0p677_1_0p082_1","t":110,"s":[241.863,104,0],"e":[261.974,104,0],"to":[0,0,0],"ti":[0,0,0]},{"t":130.000005295009}],"ix":2},"a":{"a":0,"k":[-54.709,60,0],"ix":1},"s":{"a":0,"k":[60,60,100],"ix":6}},"ao":0,"shapes":[{"ty":"gr","it":[{"ind":0,"ty":"sh","ix":1,"ks":{"a":0,"k":{"i":[[0,0],[0.13,0.81],[0,0],[-0.82,0],[0,0],[-0.14,-0.81],[0,0],[-0.82,0],[0,0],[0.14,-0.81],[0,0],[0.83,0]],"o":[[-0.82,0],[0,0],[-0.14,-0.81],[0,0],[0.83,0],[0,0],[0.14,0.81],[0,0],[0.82,0],[0,0],[-0.14,0.81],[0,0]],"v":[[-5.671,12],[-7.411,10.52],[-10.921,-10.52],[-9.671,-12],[-7.671,-12],[-5.921,-10.52],[-3.751,2.52],[-2.001,4],[9.669,4],[10.919,5.48],[10.079,10.52],[8.329,12]],"c":true},"ix":2},"nm":"Path 1","mn":"ADBE Vector Shape - Group","hd":false},{"ty":"fl","c":{"a":0,"k":[0.949927985668,0.57481098175,0.145550996065,1],"ix":4},"o":{"a":0,"k":100,"ix":5},"r":1,"nm":"Fill 1","mn":"ADBE Vector Graphic - Fill","hd":false},{"ty":"tr","p":{"a":0,"k":[0,0],"ix":2},"a":{"a":0,"k":[0,0],"ix":1},"s":{"a":0,"k":[500,500],"ix":3},"r":{"a":0,"k":0,"ix":6},"o":{"a":0,"k":100,"ix":7},"sk":{"a":0,"k":0,"ix":4},"sa":{"a":0,"k":0,"ix":5},"nm":"Transform"}],"nm":"Fill 281","np":2,"cix":2,"ix":1,"mn":"ADBE Vector Group","hd":false}],"ip":0,"op":141.000005743048,"st":0,"bm":0},{"ddd":0,"ind":5,"ty":4,"nm":"Stroke 289","parent":6,"sr":1,"ks":{"o":{"a":0,"k":100,"ix":11},"r":{"a":0,"k":0,"ix":10},"p":{"a":0,"k":[20,0,0],"ix":2},"a":{"a":0,"k":[0,0,0],"ix":1},"s":{"a":0,"k":[100,100,100],"ix":6}},"ao":0,"shapes":[{"ty":"gr","it":[{"ind":0,"ty":"sh","ix":1,"ks":{"a":0,"k":{"i":[[0,0],[0,0],[0,0]],"o":[[0,0],[0,0],[0,0]],"v":[[-1,2],[1,0],[-1,-2]],"c":false},"ix":2},"nm":"Path 1","mn":"ADBE Vector Shape - Group","hd":false},{"ty":"st","c":{"a":0,"k":[0.113609999418,0.112988002598,0.1074699983,1],"ix":3},"o":{"a":0,"k":100,"ix":4},"w":{"a":0,"k":1,"ix":5},"lc":2,"lj":2,"nm":"Stroke 1","mn":"ADBE Vector Graphic - Stroke","hd":false},{"ty":"tr","p":{"a":0,"k":[0,0],"ix":2},"a":{"a":0,"k":[0,0],"ix":1},"s":{"a":0,"k":[500,500],"ix":3},"r":{"a":0,"k":0,"ix":6},"o":{"a":0,"k":100,"ix":7},"sk":{"a":0,"k":0,"ix":4},"sa":{"a":0,"k":0,"ix":5},"nm":"Transform"}],"nm":"Stroke 289","np":2,"cix":2,"ix":1,"mn":"ADBE Vector Group","hd":false},{"ty":"tm","s":{"a":1,"k":[{"i":{"x":[0.38],"y":[1]},"o":{"x":[0.167],"y":[0.167]},"n":["0p38_1_0p167_0p167"],"t":14,"s":[50],"e":[100]},{"t":44.0000017921567}],"ix":1},"e":{"a":1,"k":[{"i":{"x":[0.38],"y":[1]},"o":{"x":[0.167],"y":[0.167]},"n":["0p38_1_0p167_0p167"],"t":14,"s":[50],"e":[0]},{"t":44.0000017921567}],"ix":2},"o":{"a":0,"k":0,"ix":3},"m":1,"ix":2,"nm":"Trim Paths 1","mn":"ADBE Vector Filter - Trim","hd":false}],"ip":0,"op":141.000005743048,"st":0,"bm":0},{"ddd":0,"ind":6,"ty":4,"nm":"Stroke 290","parent":4,"sr":1,"ks":{"o":{"a":0,"k":100,"ix":11},"r":{"a":0,"k":0,"ix":10},"p":{"a":1,"k":[{"i":{"x":0.427,"y":0.846},"o":{"x":0.191,"y":0.113},"n":"0p427_0p846_0p191_0p113","t":4,"s":[-151.002,-15,0],"e":[32.186,-15,0],"to":[25.8986015319824,0,0],"ti":[-38.787654876709,0,0]},{"i":{"x":0.63,"y":1},"o":{"x":0.272,"y":1},"n":"0p63_1_0p272_1","t":23,"s":[32.186,-15,0],"e":[19.998,-15,0],"to":[3.89604687690735,0,0],"ti":[0,0,0]},{"i":{"x":0.38,"y":0.38},"o":{"x":0.167,"y":0.167},"n":"0p38_0p38_0p167_0p167","t":42,"s":[19.998,-15,0],"e":[19.998,-15,0],"to":[0,0,0],"ti":[0,0,0]},{"i":{"x":0.604,"y":0.805},"o":{"x":0.197,"y":0},"n":"0p604_0p805_0p197_0","t":85,"s":[19.998,-15,0],"e":[32.849,-15,0],"to":[0,0,0],"ti":[0,0,0]},{"i":{"x":0.674,"y":1},"o":{"x":0.272,"y":1},"n":"0p674_1_0p272_1","t":94,"s":[32.849,-15,0],"e":[33.998,-15,0],"to":[0,0,0],"ti":[0,0,0]},{"t":100.000004073084}],"ix":2},"a":{"a":0,"k":[0,0,0],"ix":1},"s":{"a":0,"k":[100,100,100],"ix":6}},"ao":0,"shapes":[{"ty":"gr","it":[{"ind":0,"ty":"sh","ix":1,"ks":{"a":0,"k":{"i":[[0,0],[0,0]],"o":[[0,0],[0,0]],"v":[[5,0],[-5,0]],"c":false},"ix":2},"nm":"Path 1","mn":"ADBE Vector Shape - Group","hd":false},{"ty":"st","c":{"a":0,"k":[0.113609999418,0.112988002598,0.1074699983,1],"ix":3},"o":{"a":0,"k":100,"ix":4},"w":{"a":0,"k":1,"ix":5},"lc":2,"lj":2,"nm":"Stroke 1","mn":"ADBE Vector Graphic - Stroke","hd":false},{"ty":"tr","p":{"a":0,"k":[0,0],"ix":2},"a":{"a":0,"k":[0,0],"ix":1},"s":{"a":0,"k":[500,500],"ix":3},"r":{"a":0,"k":0,"ix":6},"o":{"a":0,"k":100,"ix":7},"sk":{"a":0,"k":0,"ix":4},"sa":{"a":0,"k":0,"ix":5},"nm":"Transform"}],"nm":"Stroke 290","np":2,"cix":2,"ix":1,"mn":"ADBE Vector Group","hd":false},{"ty":"tm","s":{"a":0,"k":100,"ix":1},"e":{"a":1,"k":[{"i":{"x":[0.38],"y":[1]},"o":{"x":[0.167],"y":[0.167]},"n":["0p38_1_0p167_0p167"],"t":4,"s":[100],"e":[0]},{"t":34.0000013848484}],"ix":2},"o":{"a":0,"k":0,"ix":3},"m":1,"ix":2,"nm":"Trim Paths 1","mn":"ADBE Vector Filter - Trim","hd":false}],"ip":0,"op":141.000005743048,"st":0,"bm":0}],"markers":[]}