{"v":"5.3.4","fr":29.9700012207031,"ip":0,"op":141.000005743048,"w":136,"h":136,"nm":"12_Christmas_tree","ddd":0,"assets":[],"layers":[{"ddd":0,"ind":1,"ty":4,"nm":"Oval","parent":2,"sr":1,"ks":{"o":{"a":0,"k":100,"ix":11},"r":{"a":0,"k":0,"ix":10},"p":{"a":0,"k":[0,0,0],"ix":2},"a":{"a":0,"k":[0,0,0],"ix":1},"s":{"a":0,"k":[100,100,100],"ix":6}},"ao":0,"shapes":[{"ty":"gr","it":[{"d":1,"ty":"el","s":{"a":0,"k":[2.5,2.5],"ix":2},"p":{"a":0,"k":[0,0],"ix":3},"nm":"Ellipse Path 1","mn":"ADBE Vector Shape - Ellipse","hd":false},{"ty":"st","c":{"a":0,"k":[0,0,0,1],"ix":3},"o":{"a":0,"k":100,"ix":4},"w":{"a":0,"k":1,"ix":5},"lc":2,"lj":2,"nm":"Stroke 1","mn":"ADBE Vector Graphic - Stroke","hd":false},{"ty":"tr","p":{"a":0,"k":[0,0],"ix":2},"a":{"a":0,"k":[0,0],"ix":1},"s":{"a":0,"k":[500,500],"ix":3},"r":{"a":0,"k":0,"ix":6},"o":{"a":0,"k":100,"ix":7},"sk":{"a":0,"k":0,"ix":4},"sa":{"a":0,"k":0,"ix":5},"nm":"Transform"}],"nm":"Oval","np":2,"cix":2,"ix":1,"mn":"ADBE Vector Group","hd":false}],"ip":0,"op":141.000005743048,"st":0,"bm":0},{"ddd":0,"ind":2,"ty":4,"nm":"Oval","parent":16,"sr":1,"ks":{"o":{"a":0,"k":100,"ix":11},"r":{"a":0,"k":0,"ix":10},"p":{"a":1,"k":[{"i":{"x":0.385,"y":0.966},"o":{"x":0.222,"y":0.246},"n":"0p385_0p966_0p222_0p246","t":6,"s":[-13.75,-70.25,0],"e":[-13.75,-28.549,0],"to":[0,-29.4255867004395,0],"ti":[0,-9.16583728790283,0]},{"i":{"x":0.67,"y":0.82},"o":{"x":0.301,"y":0.118},"n":"0p67_0p82_0p301_0p118","t":16,"s":[-13.75,-28.549,0],"e":[-13.75,-40.575,0],"to":[0,0.68359500169754,0],"ti":[0,0.55824244022369,0]},{"i":{"x":0.666,"y":1},"o":{"x":0.317,"y":0.215},"n":"0p666_1_0p317_0p215","t":31,"s":[-13.75,-40.575,0],"e":[-13.75,-36.25,0],"to":[0,-0.95213496685028,0],"ti":[0,0.0066505917348,0]},{"t":38.0000015477717}],"ix":2},"a":{"a":0,"k":[0,0,0],"ix":1},"s":{"a":0,"k":[100,100,100],"ix":6}},"ao":0,"shapes":[{"ty":"gr","it":[{"d":1,"ty":"el","s":{"a":0,"k":[2.5,2.5],"ix":2},"p":{"a":0,"k":[0,0],"ix":3},"nm":"Ellipse Path 1","mn":"ADBE Vector Shape - Ellipse","hd":false},{"ty":"fl","c":{"a":0,"k":[0.043136999011,0.7333329916,0.93725502491,1],"ix":4},"o":{"a":0,"k":100,"ix":5},"r":1,"nm":"Fill 1","mn":"ADBE Vector Graphic - Fill","hd":false},{"ty":"tr","p":{"a":0,"k":[0,0],"ix":2},"a":{"a":0,"k":[0,0],"ix":1},"s":{"a":0,"k":[500,500],"ix":3},"r":{"a":0,"k":0,"ix":6},"o":{"a":0,"k":100,"ix":7},"sk":{"a":0,"k":0,"ix":4},"sa":{"a":0,"k":0,"ix":5},"nm":"Transform"}],"nm":"Oval","np":2,"cix":2,"ix":1,"mn":"ADBE Vector Group","hd":false}],"ip":0,"op":141.000005743048,"st":0,"bm":0},{"ddd":0,"ind":3,"ty":4,"nm":"Oval","parent":4,"sr":1,"ks":{"o":{"a":0,"k":100,"ix":11},"r":{"a":0,"k":0,"ix":10},"p":{"a":0,"k":[0,0,0],"ix":2},"a":{"a":0,"k":[0,0,0],"ix":1},"s":{"a":0,"k":[100,100,100],"ix":6}},"ao":0,"shapes":[{"ty":"gr","it":[{"d":1,"ty":"el","s":{"a":0,"k":[2.5,2.5],"ix":2},"p":{"a":0,"k":[0,0],"ix":3},"nm":"Ellipse Path 1","mn":"ADBE Vector Shape - Ellipse","hd":false},{"ty":"st","c":{"a":0,"k":[0,0,0,1],"ix":3},"o":{"a":0,"k":100,"ix":4},"w":{"a":0,"k":1,"ix":5},"lc":2,"lj":2,"nm":"Stroke 1","mn":"ADBE Vector Graphic - Stroke","hd":false},{"ty":"tr","p":{"a":0,"k":[0,0],"ix":2},"a":{"a":0,"k":[0,0],"ix":1},"s":{"a":0,"k":[500,500],"ix":3},"r":{"a":0,"k":0,"ix":6},"o":{"a":0,"k":100,"ix":7},"sk":{"a":0,"k":0,"ix":4},"sa":{"a":0,"k":0,"ix":5},"nm":"Transform"}],"nm":"Oval","np":2,"cix":2,"ix":1,"mn":"ADBE Vector Group","hd":false}],"ip":0,"op":141.000005743048,"st":0,"bm":0},{"ddd":0,"ind":4,"ty":4,"nm":"Oval","parent":16,"sr":1,"ks":{"o":{"a":0,"k":100,"ix":11},"r":{"a":0,"k":0,"ix":10},"p":{"a":1,"k":[{"i":{"x":0.385,"y":0.966},"o":{"x":0.222,"y":0.246},"n":"0p385_0p966_0p222_0p246","t":4,"s":[-3.75,-115.25,0],"e":[-3.75,-73.549,0],"to":[0,-29.4255886077881,0],"ti":[0,-9.16583728790283,0]},{"i":{"x":0.669,"y":0.819},"o":{"x":0.301,"y":0.118},"n":"0p669_0p819_0p301_0p118","t":14,"s":[-3.75,-73.549,0],"e":[-3.75,-85.575,0],"to":[0,0.68359500169754,0],"ti":[0,0.62909954786301,0]},{"i":{"x":0.666,"y":1},"o":{"x":0.317,"y":0.215},"n":"0p666_1_0p317_0p215","t":29,"s":[-3.75,-85.575,0],"e":[-3.75,-81.25,0],"to":[0,-0.95213496685028,0],"ti":[0,0.00730849290267,0]},{"t":36.0000014663101}],"ix":2},"a":{"a":0,"k":[0,0,0],"ix":1},"s":{"a":0,"k":[100,100,100],"ix":6}},"ao":0,"shapes":[{"ty":"gr","it":[{"d":1,"ty":"el","s":{"a":0,"k":[2.5,2.5],"ix":2},"p":{"a":0,"k":[0,0],"ix":3},"nm":"Ellipse Path 1","mn":"ADBE Vector Shape - Ellipse","hd":false},{"ty":"fl","c":{"a":0,"k":[0.043136999011,0.7333329916,0.93725502491,1],"ix":4},"o":{"a":0,"k":100,"ix":5},"r":1,"nm":"Fill 1","mn":"ADBE Vector Graphic - Fill","hd":false},{"ty":"tr","p":{"a":0,"k":[0,0],"ix":2},"a":{"a":0,"k":[0,0],"ix":1},"s":{"a":0,"k":[500,500],"ix":3},"r":{"a":0,"k":0,"ix":6},"o":{"a":0,"k":100,"ix":7},"sk":{"a":0,"k":0,"ix":4},"sa":{"a":0,"k":0,"ix":5},"nm":"Transform"}],"nm":"Oval","np":2,"cix":2,"ix":1,"mn":"ADBE Vector Group","hd":false}],"ip":0,"op":141.000005743048,"st":0,"bm":0},{"ddd":0,"ind":5,"ty":4,"nm":"Oval","parent":6,"sr":1,"ks":{"o":{"a":0,"k":100,"ix":11},"r":{"a":0,"k":0,"ix":10},"p":{"a":0,"k":[0,0,0],"ix":2},"a":{"a":0,"k":[0,0,0],"ix":1},"s":{"a":0,"k":[100,100,100],"ix":6}},"ao":0,"shapes":[{"ty":"gr","it":[{"d":1,"ty":"el","s":{"a":0,"k":[2.5,2.5],"ix":2},"p":{"a":0,"k":[0,0],"ix":3},"nm":"Ellipse Path 1","mn":"ADBE Vector Shape - Ellipse","hd":false},{"ty":"st","c":{"a":0,"k":[0,0,0,1],"ix":3},"o":{"a":0,"k":100,"ix":4},"w":{"a":0,"k":1,"ix":5},"lc":2,"lj":2,"nm":"Stroke 1","mn":"ADBE Vector Graphic - Stroke","hd":false},{"ty":"tr","p":{"a":0,"k":[0,0],"ix":2},"a":{"a":0,"k":[0,0],"ix":1},"s":{"a":0,"k":[500,500],"ix":3},"r":{"a":0,"k":0,"ix":6},"o":{"a":0,"k":100,"ix":7},"sk":{"a":0,"k":0,"ix":4},"sa":{"a":0,"k":0,"ix":5},"nm":"Transform"}],"nm":"Oval","np":2,"cix":2,"ix":1,"mn":"ADBE Vector Group","hd":false}],"ip":0,"op":141.000005743048,"st":0,"bm":0},{"ddd":0,"ind":6,"ty":4,"nm":"Oval","parent":7,"sr":1,"ks":{"o":{"a":0,"k":100,"ix":11},"r":{"a":0,"k":0,"ix":10},"p":{"a":1,"k":[{"i":{"x":0.385,"y":0.966},"o":{"x":0.222,"y":0.246},"n":"0p385_0p966_0p222_0p246","t":2,"s":[10,-4,0],"e":[10,37.701,0],"to":[0,-29.4255886077881,0],"ti":[0,-9.16583728790283,0]},{"i":{"x":0.668,"y":0.819},"o":{"x":0.301,"y":0.118},"n":"0p668_0p819_0p301_0p118","t":12,"s":[10,37.701,0],"e":[10,25.675,0],"to":[0,0.68359500169754,0],"ti":[0,0.71206003427505,0]},{"i":{"x":0.665,"y":1},"o":{"x":0.317,"y":0.215},"n":"0p665_1_0p317_0p215","t":27,"s":[10,25.675,0],"e":[10,30,0],"to":[0,-0.95213496685028,0],"ti":[0,0.00807170011103,0]},{"t":34.0000013848484}],"ix":2},"a":{"a":0,"k":[0,0,0],"ix":1},"s":{"a":0,"k":[100,100,100],"ix":6}},"ao":0,"shapes":[{"ty":"gr","it":[{"d":1,"ty":"el","s":{"a":0,"k":[2.5,2.5],"ix":2},"p":{"a":0,"k":[0,0],"ix":3},"nm":"Ellipse Path 1","mn":"ADBE Vector Shape - Ellipse","hd":false},{"ty":"fl","c":{"a":0,"k":[0.905882000923,0.203922003508,0.274509996176,1],"ix":4},"o":{"a":0,"k":100,"ix":5},"r":1,"nm":"Fill 1","mn":"ADBE Vector Graphic - Fill","hd":false},{"ty":"tr","p":{"a":0,"k":[0,0],"ix":2},"a":{"a":0,"k":[0,0],"ix":1},"s":{"a":0,"k":[500,500],"ix":3},"r":{"a":0,"k":0,"ix":6},"o":{"a":0,"k":100,"ix":7},"sk":{"a":0,"k":0,"ix":4},"sa":{"a":0,"k":0,"ix":5},"nm":"Transform"}],"nm":"Oval","np":2,"cix":2,"ix":1,"mn":"ADBE Vector Group","hd":false}],"ip":0,"op":141.000005743048,"st":0,"bm":0},{"ddd":0,"ind":7,"ty":4,"nm":"Oval","parent":8,"sr":1,"ks":{"o":{"a":0,"k":100,"ix":11},"r":{"a":0,"k":0,"ix":10},"p":{"a":0,"k":[0,0,0],"ix":2},"a":{"a":0,"k":[0,0,0],"ix":1},"s":{"a":0,"k":[100,100,100],"ix":6}},"ao":0,"shapes":[{"ty":"gr","it":[{"d":1,"ty":"el","s":{"a":0,"k":[2.5,2.5],"ix":2},"p":{"a":0,"k":[0,0],"ix":3},"nm":"Ellipse Path 1","mn":"ADBE Vector Shape - Ellipse","hd":false},{"ty":"st","c":{"a":0,"k":[0,0,0,1],"ix":3},"o":{"a":0,"k":100,"ix":4},"w":{"a":0,"k":1,"ix":5},"lc":2,"lj":2,"nm":"Stroke 1","mn":"ADBE Vector Graphic - Stroke","hd":false},{"ty":"tr","p":{"a":0,"k":[0,0],"ix":2},"a":{"a":0,"k":[0,0],"ix":1},"s":{"a":0,"k":[500,500],"ix":3},"r":{"a":0,"k":0,"ix":6},"o":{"a":0,"k":100,"ix":7},"sk":{"a":0,"k":0,"ix":4},"sa":{"a":0,"k":0,"ix":5},"nm":"Transform"}],"nm":"Oval","np":2,"cix":2,"ix":1,"mn":"ADBE Vector Group","hd":false}],"ip":0,"op":141.000005743048,"st":0,"bm":0},{"ddd":0,"ind":8,"ty":4,"nm":"Oval","parent":16,"sr":1,"ks":{"o":{"a":0,"k":100,"ix":11},"r":{"a":0,"k":0,"ix":10},"p":{"a":1,"k":[{"i":{"x":0.385,"y":0.966},"o":{"x":0.222,"y":0.246},"n":"0p385_0p966_0p222_0p246","t":0,"s":[6.25,-90.25,0],"e":[6.25,-48.549,0],"to":[0,-29.4255867004395,0],"ti":[0,-9.16583728790283,0]},{"i":{"x":0.667,"y":0.818},"o":{"x":0.301,"y":0.118},"n":"0p667_0p818_0p301_0p118","t":10,"s":[6.25,-48.549,0],"e":[6.25,-60.575,0],"to":[0,0.68359500169754,0],"ti":[0,0.81161689758301,0]},{"i":{"x":0.665,"y":1},"o":{"x":0.317,"y":0.215},"n":"0p665_1_0p317_0p215","t":25,"s":[6.25,-60.575,0],"e":[6.25,-56.25,0],"to":[0,-0.95213496685028,0],"ti":[0,0.0089660724625,0]},{"t":32.0000013033867}],"ix":2},"a":{"a":0,"k":[0,0,0],"ix":1},"s":{"a":0,"k":[100,100,100],"ix":6}},"ao":0,"shapes":[{"ty":"gr","it":[{"d":1,"ty":"el","s":{"a":0,"k":[2.5,2.5],"ix":2},"p":{"a":0,"k":[0,0],"ix":3},"nm":"Ellipse Path 1","mn":"ADBE Vector Shape - Ellipse","hd":false},{"ty":"fl","c":{"a":0,"k":[0.905882000923,0.203922003508,0.274509996176,1],"ix":4},"o":{"a":0,"k":100,"ix":5},"r":1,"nm":"Fill 1","mn":"ADBE Vector Graphic - Fill","hd":false},{"ty":"tr","p":{"a":0,"k":[0,0],"ix":2},"a":{"a":0,"k":[0,0],"ix":1},"s":{"a":0,"k":[500,500],"ix":3},"r":{"a":0,"k":0,"ix":6},"o":{"a":0,"k":100,"ix":7},"sk":{"a":0,"k":0,"ix":4},"sa":{"a":0,"k":0,"ix":5},"nm":"Transform"}],"nm":"Oval","np":2,"cix":2,"ix":1,"mn":"ADBE Vector Group","hd":false}],"ip":0,"op":141.000005743048,"st":0,"bm":0},{"ddd":0,"ind":9,"ty":4,"nm":"Path","parent":16,"sr":1,"ks":{"o":{"a":0,"k":100,"ix":11},"r":{"a":0,"k":0,"ix":10},"p":{"a":0,"k":[0,-60,0],"ix":2},"a":{"a":0,"k":[0,0,0],"ix":1},"s":{"a":0,"k":[100,100,100],"ix":6}},"ao":0,"shapes":[{"ty":"gr","it":[{"ind":0,"ty":"sh","ix":1,"ks":{"a":0,"k":{"i":[[0,0],[-0.56,0],[0,0],[0.4,0.4],[0,0],[-0.56,0],[0,0],[0.4,0.39],[0,0],[0.39,-0.4],[0,0],[-0.56,0],[0,0],[0.4,-0.4],[0,0],[-0.56,0],[0,0],[0.4,-0.39],[0,0],[-0.56,0],[0,0],[0.4,-0.4],[0,0],[-0.56,0],[0,0],[0.4,0.4],[0,0],[-0.56,0],[0,0],[0.4,0.39]],"o":[[-0.4,-0.4],[0,0],[0.56,0],[0,0],[-0.4,-0.4],[0,0],[0.56,0],[0,0],[-0.4,-0.4],[0,0],[-0.4,0.4],[0,0],[0.56,0],[0,0],[-0.4,0.4],[0,0],[0.56,0],[0,0],[-0.4,0.4],[0,0],[0.56,0],[0,0],[-0.4,0.4],[0,0],[0.56,0],[0,0],[-0.4,-0.4],[0,0],[0.56,0],[0,0]],"v":[[5.821,0],[6.121,-0.72],[7.141,-0.72],[7.441,-1.44],[4.801,-4.08],[5.101,-4.8],[5.101,-4.8],[5.401,-5.52],[0.721,-10.2],[-0.719,-10.2],[-5.399,-5.52],[-5.099,-4.8],[-5.099,-4.8],[-4.799,-4.08],[-7.439,-1.44],[-7.139,-0.72],[-6.119,-0.72],[-5.819,0],[-9.479,3.66],[-9.179,4.38],[-7.139,4.38],[-6.839,5.1],[-11.519,9.78],[-11.219,10.5],[11.221,10.5],[11.521,9.78],[6.841,5.1],[7.141,4.38],[9.181,4.38],[9.481,3.66]],"c":true},"ix":2},"nm":"Path 1","mn":"ADBE Vector Shape - Group","hd":false},{"ty":"st","c":{"a":0,"k":[0,0,0,1],"ix":3},"o":{"a":0,"k":100,"ix":4},"w":{"a":0,"k":1,"ix":5},"lc":2,"lj":2,"nm":"Stroke 1","mn":"ADBE Vector Graphic - Stroke","hd":false},{"ty":"tr","p":{"a":0,"k":[0,0],"ix":2},"a":{"a":0,"k":[0,0],"ix":1},"s":{"a":0,"k":[500,500],"ix":3},"r":{"a":0,"k":0,"ix":6},"o":{"a":0,"k":100,"ix":7},"sk":{"a":0,"k":0,"ix":4},"sa":{"a":0,"k":0,"ix":5},"nm":"Transform"}],"nm":"Path","np":2,"cix":2,"ix":1,"mn":"ADBE Vector Group","hd":false}],"ip":0,"op":141.000005743048,"st":0,"bm":0},{"ddd":0,"ind":10,"ty":4,"nm":"Path","parent":16,"sr":1,"ks":{"o":{"a":0,"k":100,"ix":11},"r":{"a":0,"k":0,"ix":10},"p":{"a":0,"k":[40.9,-22.8,0],"ix":2},"a":{"a":0,"k":[0,0,0],"ix":1},"s":{"a":0,"k":[100,100,100],"ix":6}},"ao":0,"shapes":[{"ty":"gr","it":[{"ind":0,"ty":"sh","ix":1,"ks":{"a":0,"k":{"i":[[0.4,0.4],[0,0],[-0.56,0],[0,0],[-0.4,-0.4],[0,0],[0.56,0],[0,0]],"o":[[0,0],[-0.4,-0.4],[0,0],[-0.56,0],[0,0],[0.4,0.4],[0,0],[0.56,0]],"v":[[3.341,2.34],[-1.339,-2.34],[-1.039,-3.06],[-3.039,-3.06],[-3.339,-2.34],[1.341,2.34],[1.041,3.06],[3.041,3.06]],"c":true},"ix":2},"nm":"Path 1","mn":"ADBE Vector Shape - Group","hd":false},{"ty":"fl","c":{"a":0,"k":[0.545098006725,0.701960980892,0.11372499913,1],"ix":4},"o":{"a":0,"k":100,"ix":5},"r":1,"nm":"Fill 1","mn":"ADBE Vector Graphic - Fill","hd":false},{"ty":"tr","p":{"a":0,"k":[0,0],"ix":2},"a":{"a":0,"k":[0,0],"ix":1},"s":{"a":0,"k":[500,500],"ix":3},"r":{"a":0,"k":0,"ix":6},"o":{"a":0,"k":100,"ix":7},"sk":{"a":0,"k":0,"ix":4},"sa":{"a":0,"k":0,"ix":5},"nm":"Transform"}],"nm":"Path","np":2,"cix":2,"ix":1,"mn":"ADBE Vector Group","hd":false}],"ip":0,"op":141.000005743048,"st":0,"bm":0},{"ddd":0,"ind":11,"ty":4,"nm":"Path","parent":16,"sr":1,"ks":{"o":{"a":0,"k":100,"ix":11},"r":{"a":0,"k":0,"ix":10},"p":{"a":0,"k":[21.772,-75.3,0],"ix":2},"a":{"a":0,"k":[0,0,0],"ix":1},"s":{"a":0,"k":[100,100,100],"ix":6}},"ao":0,"shapes":[{"ty":"gr","it":[{"ind":0,"ty":"sh","ix":1,"ks":{"a":0,"k":{"i":[[0,0],[0.56,0],[-0.4,-0.4],[0,0],[0.56,0],[0,0],[-0.4,-0.39],[0,0],[0.56,0],[0,0],[0.4,0.39],[0,0],[-0.56,0],[0,0],[0.4,0.4],[0,0],[-0.56,0],[0.4,0.39],[0,0],[0.39,-0.4],[0,0]],"o":[[0.4,0.4],[-0.56,0],[0,0],[0.4,0.4],[0,0],[-0.56,0],[0,0],[0.4,0.4],[0,0],[0.56,0],[0,0],[-0.4,-0.4],[0,0],[0.56,0],[0,0],[-0.4,-0.4],[0.56,0],[0,0],[-0.4,-0.4],[0,0],[0,0]],"v":[[-0.954,-2.46],[-1.254,-1.74],[-1.554,-1.02],[1.086,1.62],[0.786,2.34],[-0.234,2.34],[-0.534,3.06],[3.126,6.72],[2.826,7.44],[4.826,7.44],[5.126,6.72],[1.466,3.06],[1.766,2.34],[2.786,2.34],[3.086,1.62],[0.446,-1.02],[0.746,-1.74],[1.046,-2.46],[-3.634,-7.14],[-5.074,-7.14],[-5.354,-6.86]],"c":true},"ix":2},"nm":"Path 1","mn":"ADBE Vector Shape - Group","hd":false},{"ty":"fl","c":{"a":0,"k":[0.545098006725,0.701960980892,0.11372499913,1],"ix":4},"o":{"a":0,"k":100,"ix":5},"r":1,"nm":"Fill 1","mn":"ADBE Vector Graphic - Fill","hd":false},{"ty":"tr","p":{"a":0,"k":[0,0],"ix":2},"a":{"a":0,"k":[0,0],"ix":1},"s":{"a":0,"k":[500,500],"ix":3},"r":{"a":0,"k":0,"ix":6},"o":{"a":0,"k":100,"ix":7},"sk":{"a":0,"k":0,"ix":4},"sa":{"a":0,"k":0,"ix":5},"nm":"Transform"}],"nm":"Path","np":2,"cix":2,"ix":1,"mn":"ADBE Vector Group","hd":false}],"ip":0,"op":141.000005743048,"st":0,"bm":0},{"ddd":0,"ind":12,"ty":4,"nm":"Path","parent":16,"sr":1,"ks":{"o":{"a":0,"k":100,"ix":11},"r":{"a":0,"k":0,"ix":10},"p":{"a":0,"k":[-40.9,-22.8,0],"ix":2},"a":{"a":0,"k":[0,0,0],"ix":1},"s":{"a":0,"k":[100,100,100],"ix":6}},"ao":0,"shapes":[{"ty":"gr","it":[{"ind":0,"ty":"sh","ix":1,"ks":{"a":0,"k":{"i":[[-0.4,0.4],[0,0],[0.56,0],[0,0],[0.4,-0.4],[0,0],[-0.56,0],[0,0]],"o":[[0,0],[0.4,-0.4],[0,0],[0.56,0],[0,0],[-0.4,0.4],[0,0],[-0.56,0]],"v":[[-3.339,2.34],[1.341,-2.34],[1.041,-3.06],[3.041,-3.06],[3.341,-2.34],[-1.339,2.34],[-1.039,3.06],[-3.039,3.06]],"c":true},"ix":2},"nm":"Path 1","mn":"ADBE Vector Shape - Group","hd":false},{"ty":"fl","c":{"a":0,"k":[0.866666972637,0.874509990215,0.294117987156,1],"ix":4},"o":{"a":0,"k":100,"ix":5},"r":1,"nm":"Fill 1","mn":"ADBE Vector Graphic - Fill","hd":false},{"ty":"tr","p":{"a":0,"k":[0,0],"ix":2},"a":{"a":0,"k":[0,0],"ix":1},"s":{"a":0,"k":[500,500],"ix":3},"r":{"a":0,"k":0,"ix":6},"o":{"a":0,"k":100,"ix":7},"sk":{"a":0,"k":0,"ix":4},"sa":{"a":0,"k":0,"ix":5},"nm":"Transform"}],"nm":"Path","np":2,"cix":2,"ix":1,"mn":"ADBE Vector Group","hd":false}],"ip":0,"op":141.000005743048,"st":0,"bm":0},{"ddd":0,"ind":13,"ty":4,"nm":"Path","parent":16,"sr":1,"ks":{"o":{"a":0,"k":100,"ix":11},"r":{"a":0,"k":0,"ix":10},"p":{"a":0,"k":[-21.772,-75.3,0],"ix":2},"a":{"a":0,"k":[0,0,0],"ix":1},"s":{"a":0,"k":[100,100,100],"ix":6}},"ao":0,"shapes":[{"ty":"gr","it":[{"ind":0,"ty":"sh","ix":1,"ks":{"a":0,"k":{"i":[[0,0],[-0.56,0],[0.4,-0.4],[0,0],[-0.56,0],[0,0],[0.4,-0.39],[0,0],[-0.56,0],[0,0],[-0.4,0.39],[0,0],[0.56,0],[0,0],[-0.4,0.4],[0,0],[0.56,0],[-0.4,0.39],[0,0],[-0.39,-0.4],[0,0]],"o":[[-0.4,0.4],[0.56,0],[0,0],[-0.4,0.4],[0,0],[0.56,0],[0,0],[-0.4,0.4],[0,0],[-0.56,0],[0,0],[0.4,-0.4],[0,0],[-0.56,0],[0,0],[0.4,-0.4],[-0.56,0],[0,0],[0.4,-0.4],[0,0],[0,0]],"v":[[0.956,-2.46],[1.256,-1.74],[1.556,-1.02],[-1.084,1.62],[-0.784,2.34],[0.236,2.34],[0.536,3.06],[-3.124,6.72],[-2.824,7.44],[-4.824,7.44],[-5.124,6.72],[-1.464,3.06],[-1.764,2.34],[-2.784,2.34],[-3.084,1.62],[-0.444,-1.02],[-0.744,-1.74],[-1.044,-2.46],[3.636,-7.14],[5.076,-7.14],[5.356,-6.86]],"c":true},"ix":2},"nm":"Path 1","mn":"ADBE Vector Shape - Group","hd":false},{"ty":"fl","c":{"a":0,"k":[0.866666972637,0.874509990215,0.294117987156,1],"ix":4},"o":{"a":0,"k":100,"ix":5},"r":1,"nm":"Fill 1","mn":"ADBE Vector Graphic - Fill","hd":false},{"ty":"tr","p":{"a":0,"k":[0,0],"ix":2},"a":{"a":0,"k":[0,0],"ix":1},"s":{"a":0,"k":[500,500],"ix":3},"r":{"a":0,"k":0,"ix":6},"o":{"a":0,"k":100,"ix":7},"sk":{"a":0,"k":0,"ix":4},"sa":{"a":0,"k":0,"ix":5},"nm":"Transform"}],"nm":"Path","np":2,"cix":2,"ix":1,"mn":"ADBE Vector Group","hd":false}],"ip":0,"op":141.000005743048,"st":0,"bm":0},{"ddd":0,"ind":14,"ty":4,"nm":"Path","parent":16,"sr":1,"ks":{"o":{"a":0,"k":100,"ix":11},"r":{"a":0,"k":0,"ix":10},"p":{"a":0,"k":[0,-60,0],"ix":2},"a":{"a":0,"k":[0,0,0],"ix":1},"s":{"a":0,"k":[100,100,100],"ix":6}},"ao":0,"shapes":[{"ty":"gr","it":[{"ind":0,"ty":"sh","ix":1,"ks":{"a":0,"k":{"i":[[0,0],[-0.56,0],[0,0],[0.4,0.4],[0,0],[-0.56,0],[0,0],[0.4,0.39],[0,0],[0.39,-0.4],[0,0],[-0.56,0],[0,0],[0.4,-0.4],[0,0],[-0.56,0],[0,0],[0.4,-0.39],[0,0],[-0.56,0],[0,0],[0.4,-0.4],[0,0],[-0.56,0],[0,0],[0.4,0.4],[0,0],[-0.56,0],[0,0],[0.4,0.39]],"o":[[-0.4,-0.4],[0,0],[0.56,0],[0,0],[-0.4,-0.4],[0,0],[0.56,0],[0,0],[-0.4,-0.4],[0,0],[-0.4,0.4],[0,0],[0.56,0],[0,0],[-0.4,0.4],[0,0],[0.56,0],[0,0],[-0.4,0.4],[0,0],[0.56,0],[0,0],[-0.4,0.4],[0,0],[0.56,0],[0,0],[-0.4,-0.4],[0,0],[0.56,0],[0,0]],"v":[[5.821,0],[6.121,-0.72],[7.141,-0.72],[7.441,-1.44],[4.801,-4.08],[5.101,-4.8],[5.101,-4.8],[5.401,-5.52],[0.721,-10.2],[-0.719,-10.2],[-5.399,-5.52],[-5.099,-4.8],[-5.099,-4.8],[-4.799,-4.08],[-7.439,-1.44],[-7.139,-0.72],[-6.119,-0.72],[-5.819,0],[-9.479,3.66],[-9.179,4.38],[-7.139,4.38],[-6.839,5.1],[-11.519,9.78],[-11.219,10.5],[11.221,10.5],[11.521,9.78],[6.841,5.1],[7.141,4.38],[9.181,4.38],[9.481,3.66]],"c":true},"ix":2},"nm":"Path 1","mn":"ADBE Vector Shape - Group","hd":false},{"ty":"fl","c":{"a":0,"k":[0.686275005341,0.796078026295,0.215685993433,1],"ix":4},"o":{"a":0,"k":100,"ix":5},"r":1,"nm":"Fill 1","mn":"ADBE Vector Graphic - Fill","hd":false},{"ty":"tr","p":{"a":0,"k":[0,0],"ix":2},"a":{"a":0,"k":[0,0],"ix":1},"s":{"a":0,"k":[500,500],"ix":3},"r":{"a":0,"k":0,"ix":6},"o":{"a":0,"k":100,"ix":7},"sk":{"a":0,"k":0,"ix":4},"sa":{"a":0,"k":0,"ix":5},"nm":"Transform"}],"nm":"Path","np":2,"cix":2,"ix":1,"mn":"ADBE Vector Group","hd":false}],"ip":0,"op":141.000005743048,"st":0,"bm":0},{"ddd":0,"ind":15,"ty":4,"nm":"Path","parent":16,"sr":1,"ks":{"o":{"a":0,"k":100,"ix":11},"r":{"a":0,"k":0,"ix":10},"p":{"a":0,"k":[0,0,0],"ix":2},"a":{"a":0,"k":[0,0,0],"ix":1},"s":{"a":0,"k":[100,100,100],"ix":6}},"ao":0,"shapes":[{"ty":"gr","it":[{"ind":0,"ty":"sh","ix":1,"ks":{"a":0,"k":{"i":[[0,0],[0,0],[0.55,0],[0,0],[0,0.55],[0,0]],"o":[[0,0],[0,0.55],[0,0],[-0.55,0],[0,0],[0,0]],"v":[[1.5,-1.5],[1.5,0.5],[0.5,1.5],[-0.5,1.5],[-1.5,0.5],[-1.5,-1.5]],"c":false},"ix":2},"nm":"Path 1","mn":"ADBE Vector Shape - Group","hd":false},{"ty":"st","c":{"a":0,"k":[0,0,0,1],"ix":3},"o":{"a":0,"k":100,"ix":4},"w":{"a":0,"k":1,"ix":5},"lc":2,"lj":2,"nm":"Stroke 1","mn":"ADBE Vector Graphic - Stroke","hd":false},{"ty":"tr","p":{"a":0,"k":[0,0],"ix":2},"a":{"a":0,"k":[0,0],"ix":1},"s":{"a":0,"k":[500,500],"ix":3},"r":{"a":0,"k":0,"ix":6},"o":{"a":0,"k":100,"ix":7},"sk":{"a":0,"k":0,"ix":4},"sa":{"a":0,"k":0,"ix":5},"nm":"Transform"}],"nm":"Path","np":2,"cix":2,"ix":1,"mn":"ADBE Vector Group","hd":false}],"ip":0,"op":141.000005743048,"st":0,"bm":0},{"ddd":0,"ind":16,"ty":4,"nm":"Path","sr":1,"ks":{"o":{"a":0,"k":100,"ix":11},"r":{"a":0,"k":0,"ix":10},"p":{"a":1,"k":[{"i":{"x":0.373,"y":0.832},"o":{"x":0.235,"y":0.029},"n":"0p373_0p832_0p235_0p029","t":0,"s":[68,250.7,0],"e":[68,87.593,0],"to":[0,2.51615524291992,0],"ti":[0,30.5359973907471,0]},{"i":{"x":0.642,"y":0.812},"o":{"x":0.31,"y":0.665},"n":"0p642_0p812_0p31_0p665","t":10,"s":[68,87.593,0],"e":[68,102.637,0],"to":[0,-3.70684242248535,0],"ti":[0,-4.07252931594849,0]},{"i":{"x":0.651,"y":1},"o":{"x":0.318,"y":0.588},"n":"0p651_1_0p318_0p588","t":18,"s":[68,102.637,0],"e":[68,99.5,0],"to":[0,1.01000475883484,0],"ti":[0,0,0]},{"i":{"x":0.651,"y":0.651},"o":{"x":0.167,"y":0.167},"n":"0p651_0p651_0p167_0p167","t":24,"s":[68,99.5,0],"e":[68,99.5,0],"to":[0,0,0],"ti":[0,0,0]},{"i":{"x":0.597,"y":0.706},"o":{"x":0.173,"y":0},"n":"0p597_0p706_0p173_0","t":90,"s":[68,99.5,0],"e":[68,123.653,0],"to":[0,0,0],"ti":[0,0,0]},{"i":{"x":0.688,"y":1},"o":{"x":0.153,"y":1},"n":"0p688_1_0p153_1","t":96,"s":[68,123.653,0],"e":[68,127.7,0],"to":[0,0,0],"ti":[0,0,0]},{"i":{"x":0.616,"y":0.752},"o":{"x":0.169,"y":0},"n":"0p616_0p752_0p169_0","t":105,"s":[68,127.7,0],"e":[68,-53.375,0],"to":[0,0,0],"ti":[0,0,0]},{"i":{"x":0.703,"y":1},"o":{"x":0.134,"y":1},"n":"0p703_1_0p134_1","t":114,"s":[68,-53.375,0],"e":[68,-81.1,0],"to":[0,0,0],"ti":[0,0,0]},{"t":130.000005295009}],"ix":2},"a":{"a":0,"k":[0,0,0],"ix":1},"s":{"a":1,"k":[{"i":{"x":[0.335,0.335,0.335],"y":[1,0.949,1]},"o":{"x":[0.179,0.179,0.179],"y":[0,0,0]},"n":["0p335_1_0p179_0","0p335_0p949_0p179_0","0p335_1_0p179_0"],"t":0,"s":[60,0,100],"e":[60,68.806,100]},{"i":{"x":[0.651,0.651,0.651],"y":[1,0.879,1]},"o":{"x":[0.318,0.318,0.318],"y":[0,-0.088,0]},"n":["0p651_1_0p318_0","0p651_0p879_0p318_-0p088","0p651_1_0p318_0"],"t":13,"s":[60,68.806,100],"e":[60,55.423,100]},{"i":{"x":[0.664,0.664,0.664],"y":[1,1,1]},"o":{"x":[0.33,0.33,0.33],"y":[0,-0.446,0]},"n":["0p664_1_0p33_0","0p664_1_0p33_-0p446","0p664_1_0p33_0"],"t":22,"s":[60,55.423,100],"e":[60,60,100]},{"t":34.0000013848484}],"ix":6}},"ao":0,"shapes":[{"ty":"gr","it":[{"ind":0,"ty":"sh","ix":1,"ks":{"a":0,"k":{"i":[[0,0],[0,0],[0,0],[-0.55,0],[0,0],[0,0.55]],"o":[[0,0],[0,0],[0,0.55],[0,0],[0.55,0],[0,0]],"v":[[1.5,-1.5],[-1.5,-1.5],[-1.5,0.5],[-0.5,1.5],[0.5,1.5],[1.5,0.5]],"c":true},"ix":2},"nm":"Path 1","mn":"ADBE Vector Shape - Group","hd":false},{"ty":"fl","c":{"a":0,"k":[0.643136978149,0.541176021099,0.482353001833,1],"ix":4},"o":{"a":0,"k":100,"ix":5},"r":1,"nm":"Fill 1","mn":"ADBE Vector Graphic - Fill","hd":false},{"ty":"tr","p":{"a":0,"k":[0,0],"ix":2},"a":{"a":0,"k":[0,0],"ix":1},"s":{"a":0,"k":[500,500],"ix":3},"r":{"a":0,"k":0,"ix":6},"o":{"a":0,"k":100,"ix":7},"sk":{"a":0,"k":0,"ix":4},"sa":{"a":0,"k":0,"ix":5},"nm":"Transform"}],"nm":"Path","np":2,"cix":2,"ix":1,"mn":"ADBE Vector Group","hd":false}],"ip":0,"op":141.000005743048,"st":0,"bm":0}],"markers":[]}