{"v":"5.3.4","fr":29.9700012207031,"ip":0,"op":141.000005743048,"w":136,"h":136,"nm":"14_Christmas_bell","ddd":0,"assets":[],"layers":[{"ddd":0,"ind":1,"ty":3,"nm":"Null 1","sr":1,"ks":{"o":{"a":0,"k":0,"ix":11},"r":{"a":0,"k":0,"ix":10},"p":{"a":0,"k":[68,68,0],"ix":2},"a":{"a":0,"k":[0,0,0],"ix":1},"s":{"a":1,"k":[{"i":{"x":[0.25,0.25,0.25],"y":[1,1,1]},"o":{"x":[0.167,0.167,0.167],"y":[0,0,0]},"n":["0p25_1_0p167_0","0p25_1_0p167_0","0p25_1_0p167_0"],"t":0,"s":[60,60,100],"e":[47.4,47.4,100]},{"i":{"x":[0.318,0.318,0.318],"y":[0.787,0.787,0.534]},"o":{"x":[0.232,0.232,0.232],"y":[0.137,0.137,-1.581]},"n":["0p318_0p787_0p232_0p137","0p318_0p787_0p232_0p137","0p318_0p534_0p232_-1p581"],"t":15,"s":[47.4,47.4,100],"e":[40.481,40.481,100]},{"i":{"x":[0.622,0.622,0.622],"y":[1,1,1]},"o":{"x":[0.291,0.291,0.291],"y":[1.671,1.671,0.464]},"n":["0p622_1_0p291_1p671","0p622_1_0p291_1p671","0p622_1_0p291_0p464"],"t":24,"s":[40.481,40.481,100],"e":[39.6,39.6,100]},{"i":{"x":[0.833,0.833,0.833],"y":[1,1,1]},"o":{"x":[0.167,0.167,0.167],"y":[0,0,0]},"n":["0p833_1_0p167_0","0p833_1_0p167_0","0p833_1_0p167_0"],"t":45,"s":[39.6,39.6,100],"e":[39.6,39.6,100]},{"i":{"x":[0.188,0.188,0.188],"y":[0.927,0.927,1]},"o":{"x":[0.181,0.181,0.181],"y":[0,0,0]},"n":["0p188_0p927_0p181_0","0p188_0p927_0p181_0","0p188_1_0p181_0"],"t":90,"s":[39.6,39.6,100],"e":[59.577,59.577,100]},{"i":{"x":[0.636,0.636,0.636],"y":[1,1,1]},"o":{"x":[0.304,0.304,0.304],"y":[1.94,1.94,0]},"n":["0p636_1_0p304_1p94","0p636_1_0p304_1p94","0p636_1_0p304_0"],"t":102,"s":[59.577,59.577,100],"e":[60,60,100]},{"t":120.0000048877}],"ix":6}},"ao":0,"ip":0,"op":141.000005743048,"st":0,"bm":0},{"ddd":0,"ind":2,"ty":4,"nm":"Oval","parent":1,"sr":1,"ks":{"o":{"a":0,"k":100,"ix":11},"r":{"a":1,"k":[{"i":{"x":[0.25],"y":[1]},"o":{"x":[0.167],"y":[0.167]},"n":["0p25_1_0p167_0p167"],"t":15,"s":[0],"e":[-91]},{"i":{"x":[0.668],"y":[0.854]},"o":{"x":[0.157],"y":[0.069]},"n":["0p668_0p854_0p157_0p069"],"t":25,"s":[-91],"e":[43.8]},{"i":{"x":[0.737],"y":[0.645]},"o":{"x":[0.392],"y":[-0.345]},"n":["0p737_0p645_0p392_-0p345"],"t":38,"s":[43.8],"e":[-23.47]},{"i":{"x":[0.699],"y":[-1.526]},"o":{"x":[0.305],"y":[-4.706]},"n":["0p699_-1p526_0p305_-4p706"],"t":51,"s":[-23.47],"e":[-18.95]},{"i":{"x":[0.787],"y":[1]},"o":{"x":[0.429],"y":[1.031]},"n":["0p787_1_0p429_1p031"],"t":61,"s":[-18.95],"e":[0]},{"i":{"x":[0.833],"y":[1]},"o":{"x":[0.167],"y":[0]},"n":["0p833_1_0p167_0"],"t":73,"s":[0],"e":[0]},{"i":{"x":[0.63],"y":[0.828]},"o":{"x":[0.158],"y":[0]},"n":["0p63_0p828_0p158_0"],"t":90,"s":[0],"e":[265.141]},{"i":{"x":[0.697],"y":[0.887]},"o":{"x":[0.358],"y":[0.444]},"n":["0p697_0p887_0p358_0p444"],"t":99,"s":[265.141],"e":[376.135]},{"i":{"x":[0.713],"y":[0.756]},"o":{"x":[0.375],"y":[-0.488]},"n":["0p713_0p756_0p375_-0p488"],"t":109,"s":[376.135],"e":[334.931]},{"i":{"x":[0.737],"y":[1]},"o":{"x":[0.399],"y":[-0.642]},"n":["0p737_1_0p399_-0p642"],"t":122,"s":[334.931],"e":[360]},{"t":137.000005580124}],"ix":10},"p":{"a":1,"k":[{"i":{"x":0.318,"y":0.858},"o":{"x":0.197,"y":0.12},"n":"0p318_0p858_0p197_0p12","t":0,"s":[0,-52.5,0],"e":[0,0.933,0],"to":[0,9.45381450653076,0],"ti":[0,-13.1521625518799,0]},{"i":{"x":0.624,"y":1},"o":{"x":0.263,"y":1},"n":"0p624_1_0p263_1","t":8,"s":[0,0.933,0],"e":[0,3.5,0],"to":[0,0.99172163009644,0],"ti":[0,-0.71285247802734,0]},{"i":{"x":0.311,"y":0.886},"o":{"x":0.207,"y":0},"n":"0p311_0p886_0p207_0","t":15,"s":[0,3.5,0],"e":[0,-91.009,0],"to":[0,6.88082027435303,0],"ti":[0,27.4628601074219,0]},{"i":{"x":0.624,"y":1},"o":{"x":0.293,"y":0.801},"n":"0p624_1_0p293_0p801","t":24,"s":[0,-91.009,0],"e":[0,-104.5,0],"to":[0,-4.11487436294556,0],"ti":[0,0,0]},{"i":{"x":0.624,"y":0.624},"o":{"x":0.167,"y":0.167},"n":"0p624_0p624_0p167_0p167","t":45,"s":[0,-104.5,0],"e":[0,-104.5,0],"to":[0,0,0],"ti":[0,0,0]},{"i":{"x":0.328,"y":0.763},"o":{"x":0.201,"y":0},"n":"0p328_0p763_0p201_0","t":90,"s":[0,-104.5,0],"e":[0,-57.088,0],"to":[0,0,0],"ti":[0,-17.3818531036377,0]},{"i":{"x":0.618,"y":1},"o":{"x":0.275,"y":1},"n":"0p618_1_0p275_1","t":105,"s":[0,-57.088,0],"e":[0,-52.5,0],"to":[0,1.9794614315033,0],"ti":[0,-1.03941929340363,0]},{"t":120.0000048877}],"ix":2},"a":{"a":0,"k":[0,0,0],"ix":1},"s":{"a":0,"k":[100,100,100],"ix":6}},"ao":0,"shapes":[{"ty":"gr","it":[{"d":1,"ty":"el","s":{"a":0,"k":[3,3],"ix":2},"p":{"a":0,"k":[0,0],"ix":3},"nm":"Ellipse Path 1","mn":"ADBE Vector Shape - Ellipse","hd":false},{"ty":"st","c":{"a":0,"k":[0,0,0,1],"ix":3},"o":{"a":0,"k":100,"ix":4},"w":{"a":0,"k":1,"ix":5},"lc":2,"lj":2,"nm":"Stroke 1","mn":"ADBE Vector Graphic - Stroke","hd":false},{"ty":"tr","p":{"a":0,"k":[0,0],"ix":2},"a":{"a":0,"k":[0,0],"ix":1},"s":{"a":0,"k":[500,500],"ix":3},"r":{"a":0,"k":0,"ix":6},"o":{"a":0,"k":100,"ix":7},"sk":{"a":0,"k":0,"ix":4},"sa":{"a":0,"k":0,"ix":5},"nm":"Transform"}],"nm":"Oval","np":2,"cix":2,"ix":1,"mn":"ADBE Vector Group","hd":false}],"ip":0,"op":141.000005743048,"st":0,"bm":0},{"ddd":0,"ind":3,"ty":4,"nm":"Path","parent":2,"sr":1,"ks":{"o":{"a":0,"k":100,"ix":11},"r":{"a":0,"k":0,"ix":10},"p":{"a":0,"k":[0,82.5,0],"ix":2},"a":{"a":0,"k":[0,0,0],"ix":1},"s":{"a":0,"k":[100,100,100],"ix":6}},"ao":0,"shapes":[{"ty":"gr","it":[{"ind":0,"ty":"sh","ix":1,"ks":{"a":0,"k":{"i":[[0,0],[0,0]],"o":[[0,0],[0,0]],"v":[[-7.19,0],[7.19,0]],"c":false},"ix":2},"nm":"Path 1","mn":"ADBE Vector Shape - Group","hd":false},{"ty":"st","c":{"a":0,"k":[0,0,0,1],"ix":3},"o":{"a":0,"k":100,"ix":4},"w":{"a":0,"k":1,"ix":5},"lc":2,"lj":2,"nm":"Stroke 1","mn":"ADBE Vector Graphic - Stroke","hd":false},{"ty":"tr","p":{"a":0,"k":[0,0],"ix":2},"a":{"a":0,"k":[0,0],"ix":1},"s":{"a":0,"k":[500,500],"ix":3},"r":{"a":0,"k":0,"ix":6},"o":{"a":0,"k":100,"ix":7},"sk":{"a":0,"k":0,"ix":4},"sa":{"a":0,"k":0,"ix":5},"nm":"Transform"}],"nm":"Path","np":2,"cix":2,"ix":1,"mn":"ADBE Vector Group","hd":false}],"ip":0,"op":141.000005743048,"st":0,"bm":0},{"ddd":0,"ind":4,"ty":4,"nm":"Path","parent":2,"sr":1,"ks":{"o":{"a":0,"k":100,"ix":11},"r":{"a":0,"k":0,"ix":10},"p":{"a":0,"k":[0,52.5,0],"ix":2},"a":{"a":0,"k":[0,0,0],"ix":1},"s":{"a":0,"k":[100,100,100],"ix":6}},"ao":0,"shapes":[{"ty":"gr","it":[{"ind":0,"ty":"sh","ix":1,"ks":{"a":0,"k":{"i":[[0,0],[3.87,0],[0,-3.86],[0,0],[1.47,-0.84],[0,0],[0,2]],"o":[[0,-3.86],[-3.87,0],[0,0],[0,2],[0,0],[-1.47,-0.84],[0,0]],"v":[[7,-2],[0,-9],[-7,-2],[-7,4],[-9,9],[9,9],[7,4]],"c":true},"ix":2},"nm":"Path 1","mn":"ADBE Vector Shape - Group","hd":false},{"ty":"st","c":{"a":0,"k":[0,0,0,1],"ix":3},"o":{"a":0,"k":100,"ix":4},"w":{"a":0,"k":1,"ix":5},"lc":2,"lj":2,"nm":"Stroke 1","mn":"ADBE Vector Graphic - Stroke","hd":false},{"ty":"tr","p":{"a":0,"k":[0,0],"ix":2},"a":{"a":0,"k":[0,0],"ix":1},"s":{"a":0,"k":[500,500],"ix":3},"r":{"a":0,"k":0,"ix":6},"o":{"a":0,"k":100,"ix":7},"sk":{"a":0,"k":0,"ix":4},"sa":{"a":0,"k":0,"ix":5},"nm":"Transform"}],"nm":"Path","np":2,"cix":2,"ix":1,"mn":"ADBE Vector Group","hd":false}],"ip":0,"op":141.000005743048,"st":0,"bm":0},{"ddd":0,"ind":5,"ty":4,"nm":"Path","parent":2,"sr":1,"ks":{"o":{"a":0,"k":100,"ix":11},"r":{"a":0,"k":0,"ix":10},"p":{"a":0,"k":[0,105,0],"ix":2},"a":{"a":0,"k":[0,0,0],"ix":1},"s":{"a":0,"k":[100,100,100],"ix":6}},"ao":0,"shapes":[{"ty":"gr","it":[{"ind":0,"ty":"sh","ix":1,"ks":{"a":0,"k":{"i":[[0,0],[1.66,0],[0,1.66]],"o":[[0,1.66],[-1.66,0],[0,0]],"v":[[3,-1.5],[0,1.5],[-3,-1.5]],"c":false},"ix":2},"nm":"Path 1","mn":"ADBE Vector Shape - Group","hd":false},{"ty":"st","c":{"a":0,"k":[0,0,0,1],"ix":3},"o":{"a":0,"k":100,"ix":4},"w":{"a":0,"k":1,"ix":5},"lc":2,"lj":2,"nm":"Stroke 1","mn":"ADBE Vector Graphic - Stroke","hd":false},{"ty":"tr","p":{"a":0,"k":[0,0],"ix":2},"a":{"a":0,"k":[0,0],"ix":1},"s":{"a":0,"k":[500,500],"ix":3},"r":{"a":0,"k":0,"ix":6},"o":{"a":0,"k":100,"ix":7},"sk":{"a":0,"k":0,"ix":4},"sa":{"a":0,"k":0,"ix":5},"nm":"Transform"}],"nm":"Path","np":2,"cix":2,"ix":1,"mn":"ADBE Vector Group","hd":false}],"ip":0,"op":141.000005743048,"st":0,"bm":0},{"ddd":0,"ind":6,"ty":4,"nm":"Path","parent":2,"sr":1,"ks":{"o":{"a":0,"k":100,"ix":11},"r":{"a":0,"k":0,"ix":10},"p":{"a":0,"k":[-20,52.5,0],"ix":2},"a":{"a":0,"k":[0,0,0],"ix":1},"s":{"a":0,"k":[100,100,100],"ix":6}},"ao":0,"shapes":[{"ty":"gr","it":[{"ind":0,"ty":"sh","ix":1,"ks":{"a":0,"k":{"i":[[0,2],[0,0],[-3.87,0],[-0.33,-0.05],[0,-3.52],[0,0],[1.47,-0.84],[0,0]],"o":[[0,0],[0,-3.86],[0.34,0],[-3.39,0.49],[0,0],[0,2],[0,0],[1.47,-0.84]],"v":[[-3,4],[-3,-2],[4,-9],[5,-8.92],[-1,-2],[-1,4],[-3,9],[-5,9]],"c":true},"ix":2},"nm":"Path 1","mn":"ADBE Vector Shape - Group","hd":false},{"ty":"fl","c":{"a":0,"k":[1,0.874509990215,0.262744992971,1],"ix":4},"o":{"a":0,"k":100,"ix":5},"r":1,"nm":"Fill 1","mn":"ADBE Vector Graphic - Fill","hd":false},{"ty":"tr","p":{"a":0,"k":[0,0],"ix":2},"a":{"a":0,"k":[0,0],"ix":1},"s":{"a":0,"k":[500,500],"ix":3},"r":{"a":0,"k":0,"ix":6},"o":{"a":0,"k":100,"ix":7},"sk":{"a":0,"k":0,"ix":4},"sa":{"a":0,"k":0,"ix":5},"nm":"Transform"}],"nm":"Path","np":2,"cix":2,"ix":1,"mn":"ADBE Vector Group","hd":false}],"ip":0,"op":141.000005743048,"st":0,"bm":0},{"ddd":0,"ind":7,"ty":4,"nm":"Path","parent":2,"sr":1,"ks":{"o":{"a":0,"k":100,"ix":11},"r":{"a":0,"k":0,"ix":10},"p":{"a":0,"k":[20,52.5,0],"ix":2},"a":{"a":0,"k":[0,0,0],"ix":1},"s":{"a":0,"k":[100,100,100],"ix":6}},"ao":0,"shapes":[{"ty":"gr","it":[{"ind":0,"ty":"sh","ix":1,"ks":{"a":0,"k":{"i":[[0,2],[0,0],[3.87,0],[0.33,-0.05],[0,-3.52],[0,0],[-1.47,-0.84],[0,0]],"o":[[0,0],[0,-3.86],[-0.34,0],[3.39,0.49],[0,0],[0,2],[0,0],[-1.47,-0.84]],"v":[[3,4],[3,-2],[-4,-9],[-5,-8.92],[1,-2],[1,4],[3,9],[5,9]],"c":true},"ix":2},"nm":"Path 1","mn":"ADBE Vector Shape - Group","hd":false},{"ty":"fl","c":{"a":0,"k":[0.894118010998,0.607842981815,0,1],"ix":4},"o":{"a":0,"k":100,"ix":5},"r":1,"nm":"Fill 1","mn":"ADBE Vector Graphic - Fill","hd":false},{"ty":"tr","p":{"a":0,"k":[0,0],"ix":2},"a":{"a":0,"k":[0,0],"ix":1},"s":{"a":0,"k":[500,500],"ix":3},"r":{"a":0,"k":0,"ix":6},"o":{"a":0,"k":100,"ix":7},"sk":{"a":0,"k":0,"ix":4},"sa":{"a":0,"k":0,"ix":5},"nm":"Transform"}],"nm":"Path","np":2,"cix":2,"ix":1,"mn":"ADBE Vector Group","hd":false}],"ip":0,"op":141.000005743048,"st":0,"bm":0},{"ddd":0,"ind":8,"ty":4,"nm":"Path","parent":2,"sr":1,"ks":{"o":{"a":0,"k":100,"ix":11},"r":{"a":0,"k":0,"ix":10},"p":{"a":0,"k":[0,60,0],"ix":2},"a":{"a":0,"k":[0,0,0],"ix":1},"s":{"a":0,"k":[100,100,100],"ix":6}},"ao":0,"shapes":[{"ty":"gr","it":[{"ind":0,"ty":"sh","ix":1,"ks":{"a":0,"k":{"i":[[0,1.66],[0,0],[0,2],[0,0],[-3.87,0],[0,-3.86],[0,0],[-1.47,-0.84],[0,0],[1.66,0]],"o":[[0,0],[1.47,-0.84],[0,0],[0,-3.86],[3.87,0],[0,0],[0,2],[0,0],[0,1.66],[-1.66,0]],"v":[[-3,7.5],[-9,7.5],[-7,2.5],[-7,-3.5],[0,-10.5],[7,-3.5],[7,2.5],[9,7.5],[3,7.5],[0,10.5]],"c":true},"ix":2},"nm":"Path 1","mn":"ADBE Vector Shape - Group","hd":false},{"ty":"fl","c":{"a":0,"k":[0.984314024448,0.7333329916,0.129411995411,1],"ix":4},"o":{"a":0,"k":100,"ix":5},"r":1,"nm":"Fill 1","mn":"ADBE Vector Graphic - Fill","hd":false},{"ty":"tr","p":{"a":0,"k":[0,0],"ix":2},"a":{"a":0,"k":[0,0],"ix":1},"s":{"a":0,"k":[500,500],"ix":3},"r":{"a":0,"k":0,"ix":6},"o":{"a":0,"k":100,"ix":7},"sk":{"a":0,"k":0,"ix":4},"sa":{"a":0,"k":0,"ix":5},"nm":"Transform"}],"nm":"Path","np":2,"cix":2,"ix":1,"mn":"ADBE Vector Group","hd":false}],"ip":0,"op":141.000005743048,"st":0,"bm":0}],"markers":[]}