{"v":"5.3.4","fr":29.9700012207031,"ip":0,"op":141.000005743048,"w":136,"h":136,"nm":"15_Champaign_glass","ddd":0,"assets":[],"layers":[{"ddd":0,"ind":1,"ty":4,"nm":"Path","parent":8,"sr":1,"ks":{"o":{"a":0,"k":100,"ix":11},"r":{"a":0,"k":0,"ix":10},"p":{"a":0,"k":[0,-30,0],"ix":2},"a":{"a":0,"k":[0,0,0],"ix":1},"s":{"a":0,"k":[100,100,100],"ix":6}},"ao":0,"shapes":[{"ty":"gr","it":[{"ind":0,"ty":"sh","ix":1,"ks":{"a":0,"k":{"i":[[0,0],[0,0]],"o":[[0,0],[0,0]],"v":[[-3,0],[3,0]],"c":false},"ix":2},"nm":"Path 1","mn":"ADBE Vector Shape - Group","hd":false},{"ty":"st","c":{"a":0,"k":[0,0,0,1],"ix":3},"o":{"a":0,"k":100,"ix":4},"w":{"a":0,"k":1,"ix":5},"lc":2,"lj":2,"nm":"Stroke 1","mn":"ADBE Vector Graphic - Stroke","hd":false},{"ty":"tr","p":{"a":0,"k":[0,0],"ix":2},"a":{"a":0,"k":[0,0],"ix":1},"s":{"a":0,"k":[500,500],"ix":3},"r":{"a":0,"k":0,"ix":6},"o":{"a":0,"k":100,"ix":7},"sk":{"a":0,"k":0,"ix":4},"sa":{"a":0,"k":0,"ix":5},"nm":"Transform"}],"nm":"Path","np":2,"cix":2,"ix":1,"mn":"ADBE Vector Group","hd":false}],"ip":0,"op":141.000005743048,"st":0,"bm":0},{"ddd":0,"ind":2,"ty":4,"nm":"Path","parent":8,"sr":1,"ks":{"o":{"a":0,"k":100,"ix":11},"r":{"a":0,"k":0,"ix":10},"p":{"a":0,"k":[0,-15,0],"ix":2},"a":{"a":0,"k":[0,0,0],"ix":1},"s":{"a":0,"k":[100,100,100],"ix":6}},"ao":0,"shapes":[{"ty":"gr","it":[{"ind":0,"ty":"sh","ix":1,"ks":{"a":0,"k":{"i":[[0,1.66],[0,0],[0.55,0],[0,0],[0,-0.55],[0,0],[-1.66,0]],"o":[[0,0],[0,-0.55],[0,0],[-0.55,0],[0,0],[0,1.66],[1.66,0]],"v":[[3,6],[3,-8],[2,-9],[-2,-9],[-3,-8],[-3,6],[0,9]],"c":true},"ix":2},"nm":"Path 1","mn":"ADBE Vector Shape - Group","hd":false},{"ty":"st","c":{"a":0,"k":[0,0,0,1],"ix":3},"o":{"a":0,"k":100,"ix":4},"w":{"a":0,"k":1,"ix":5},"lc":2,"lj":2,"nm":"Stroke 1","mn":"ADBE Vector Graphic - Stroke","hd":false},{"ty":"tr","p":{"a":0,"k":[0,0],"ix":2},"a":{"a":0,"k":[0,0],"ix":1},"s":{"a":0,"k":[500,500],"ix":3},"r":{"a":0,"k":0,"ix":6},"o":{"a":0,"k":100,"ix":7},"sk":{"a":0,"k":0,"ix":4},"sa":{"a":0,"k":0,"ix":5},"nm":"Transform"}],"nm":"Path","np":2,"cix":2,"ix":1,"mn":"ADBE Vector Group","hd":false}],"ip":0,"op":141.000005743048,"st":0,"bm":0},{"ddd":0,"ind":3,"ty":4,"nm":"Path","parent":8,"sr":1,"ks":{"o":{"a":0,"k":100,"ix":11},"r":{"a":0,"k":0,"ix":10},"p":{"a":0,"k":[-5,0,0],"ix":2},"a":{"a":0,"k":[0,0,0],"ix":1},"s":{"a":0,"k":[100,100,100],"ix":6}},"ao":0,"shapes":[{"ty":"gr","it":[{"ind":0,"ty":"sh","ix":1,"ks":{"a":0,"k":{"i":[[0,0],[-1.16,-0.42],[0.35,0],[0,1.66],[0,0],[0,0]],"o":[[0,1.3],[-0.31,0.11],[-1.66,0],[0,0],[0,0],[0,0]],"v":[[0,3],[2,5.82],[1,6],[-2,3],[-2,-6],[0,-6]],"c":true},"ix":2},"nm":"Path 1","mn":"ADBE Vector Shape - Group","hd":false},{"ty":"fl","c":{"a":0,"k":[1,0.874509990215,0.262744992971,1],"ix":4},"o":{"a":0,"k":100,"ix":5},"r":1,"nm":"Fill 1","mn":"ADBE Vector Graphic - Fill","hd":false},{"ty":"tr","p":{"a":0,"k":[0,0],"ix":2},"a":{"a":0,"k":[0,0],"ix":1},"s":{"a":0,"k":[500,500],"ix":3},"r":{"a":0,"k":0,"ix":6},"o":{"a":0,"k":100,"ix":7},"sk":{"a":0,"k":0,"ix":4},"sa":{"a":0,"k":0,"ix":5},"nm":"Transform"}],"nm":"Path","np":2,"cix":2,"ix":1,"mn":"ADBE Vector Group","hd":false}],"ip":0,"op":141.000005743048,"st":0,"bm":0},{"ddd":0,"ind":4,"ty":4,"nm":"Path","parent":8,"sr":1,"ks":{"o":{"a":0,"k":100,"ix":11},"r":{"a":0,"k":0,"ix":10},"p":{"a":0,"k":[-7.5,-45,0],"ix":2},"a":{"a":0,"k":[0,0,0],"ix":1},"s":{"a":0,"k":[100,100,100],"ix":6}},"ao":0,"shapes":[{"ty":"gr","it":[{"ind":0,"ty":"sh","ix":1,"ks":{"a":0,"k":{"i":[[-0.55,0],[0,0],[0,-0.55],[0,0],[0,0],[0,0],[0,0],[0,0]],"o":[[0,0],[-0.55,0],[0,0],[0,0],[0,0],[0,0],[0,0],[0,-0.55]],"v":[[-0.5,-3],[1.5,-3],[0.5,-2],[0.5,3],[0.5,3],[-1.5,3],[-1.5,3],[-1.5,-2]],"c":true},"ix":2},"nm":"Path 1","mn":"ADBE Vector Shape - Group","hd":false},{"ty":"fl","c":{"a":0,"k":[0.631372988224,0.854902029037,0.972549021244,1],"ix":4},"o":{"a":0,"k":100,"ix":5},"r":1,"nm":"Fill 1","mn":"ADBE Vector Graphic - Fill","hd":false},{"ty":"tr","p":{"a":0,"k":[0,0],"ix":2},"a":{"a":0,"k":[0,0],"ix":1},"s":{"a":0,"k":[500,500],"ix":3},"r":{"a":0,"k":0,"ix":6},"o":{"a":0,"k":100,"ix":7},"sk":{"a":0,"k":0,"ix":4},"sa":{"a":0,"k":0,"ix":5},"nm":"Transform"}],"nm":"Path","np":2,"cix":2,"ix":1,"mn":"ADBE Vector Group","hd":false}],"ip":0,"op":141.000005743048,"st":0,"bm":0},{"ddd":0,"ind":5,"ty":4,"nm":"Path","parent":8,"sr":1,"ks":{"o":{"a":0,"k":100,"ix":11},"r":{"a":0,"k":0,"ix":10},"p":{"a":0,"k":[5,0,0],"ix":2},"a":{"a":0,"k":[0,0,0],"ix":1},"s":{"a":0,"k":[100,100,100],"ix":6}},"ao":0,"shapes":[{"ty":"gr","it":[{"ind":0,"ty":"sh","ix":1,"ks":{"a":0,"k":{"i":[[0,0],[1.16,-0.42],[-0.35,0],[0,1.66],[0,0],[0,0]],"o":[[0,1.3],[0.31,0.11],[1.66,0],[0,0],[0,0],[0,0]],"v":[[0,3],[-2,5.82],[-1,6],[2,3],[2,-6],[0,-6]],"c":true},"ix":2},"nm":"Path 1","mn":"ADBE Vector Shape - Group","hd":false},{"ty":"fl","c":{"a":0,"k":[0.894118010998,0.607842981815,0,1],"ix":4},"o":{"a":0,"k":100,"ix":5},"r":1,"nm":"Fill 1","mn":"ADBE Vector Graphic - Fill","hd":false},{"ty":"tr","p":{"a":0,"k":[0,0],"ix":2},"a":{"a":0,"k":[0,0],"ix":1},"s":{"a":0,"k":[500,500],"ix":3},"r":{"a":0,"k":0,"ix":6},"o":{"a":0,"k":100,"ix":7},"sk":{"a":0,"k":0,"ix":4},"sa":{"a":0,"k":0,"ix":5},"nm":"Transform"}],"nm":"Path","np":2,"cix":2,"ix":1,"mn":"ADBE Vector Group","hd":false}],"ip":0,"op":141.000005743048,"st":0,"bm":0},{"ddd":0,"ind":6,"ty":4,"nm":"Path","parent":8,"sr":1,"ks":{"o":{"a":0,"k":100,"ix":11},"r":{"a":0,"k":0,"ix":10},"p":{"a":0,"k":[7.5,-45,0],"ix":2},"a":{"a":0,"k":[0,0,0],"ix":1},"s":{"a":0,"k":[100,100,100],"ix":6}},"ao":0,"shapes":[{"ty":"gr","it":[{"ind":0,"ty":"sh","ix":1,"ks":{"a":0,"k":{"i":[[0.55,0],[0,0],[0,-0.55],[0,0],[0,0],[0,0],[0,0],[0,0]],"o":[[0,0],[0.55,0],[0,0],[0,0],[0,0],[0,0],[0,0],[0,-0.55]],"v":[[0.5,-3],[-1.5,-3],[-0.5,-2],[-0.5,3],[-0.5,3],[1.5,3],[1.5,3],[1.5,-2]],"c":true},"ix":2},"nm":"Path 1","mn":"ADBE Vector Shape - Group","hd":false},{"ty":"fl","c":{"a":0,"k":[0,0.607842981815,0.839215993881,1],"ix":4},"o":{"a":0,"k":100,"ix":5},"r":1,"nm":"Fill 1","mn":"ADBE Vector Graphic - Fill","hd":false},{"ty":"tr","p":{"a":0,"k":[0,0],"ix":2},"a":{"a":0,"k":[0,0],"ix":1},"s":{"a":0,"k":[500,500],"ix":3},"r":{"a":0,"k":0,"ix":6},"o":{"a":0,"k":100,"ix":7},"sk":{"a":0,"k":0,"ix":4},"sa":{"a":0,"k":0,"ix":5},"nm":"Transform"}],"nm":"Path","np":2,"cix":2,"ix":1,"mn":"ADBE Vector Group","hd":false}],"ip":0,"op":141.000005743048,"st":0,"bm":0},{"ddd":0,"ind":7,"ty":4,"nm":"Path","parent":8,"sr":1,"ks":{"o":{"a":0,"k":100,"ix":11},"r":{"a":0,"k":0,"ix":10},"p":{"a":0,"k":[0,-45,0],"ix":2},"a":{"a":0,"k":[0,0,0],"ix":1},"s":{"a":0,"k":[100,100,100],"ix":6}},"ao":0,"shapes":[{"ty":"gr","it":[{"ind":0,"ty":"sh","ix":1,"ks":{"a":0,"k":{"i":[[0,0],[0,0],[0,0],[0,0],[-0.55,0],[0,0],[0,-0.55],[0,0]],"o":[[0,0],[0,0],[0,0],[0,-0.55],[0,0],[0.55,0],[0,0],[0,0]],"v":[[3,3],[-3,3],[-3,3],[-3,-2],[-2,-3],[2,-3],[3,-2],[3,3]],"c":false},"ix":2},"nm":"Path 1","mn":"ADBE Vector Shape - Group","hd":false},{"ty":"fl","c":{"a":0,"k":[0.043136999011,0.7333329916,0.93725502491,1],"ix":4},"o":{"a":0,"k":100,"ix":5},"r":1,"nm":"Fill 1","mn":"ADBE Vector Graphic - Fill","hd":false},{"ty":"tr","p":{"a":0,"k":[0,0],"ix":2},"a":{"a":0,"k":[0,0],"ix":1},"s":{"a":0,"k":[500,500],"ix":3},"r":{"a":0,"k":0,"ix":6},"o":{"a":0,"k":100,"ix":7},"sk":{"a":0,"k":0,"ix":4},"sa":{"a":0,"k":0,"ix":5},"nm":"Transform"}],"nm":"Path","np":2,"cix":2,"ix":1,"mn":"ADBE Vector Group","hd":false}],"ip":0,"op":141.000005743048,"st":0,"bm":0},{"ddd":0,"ind":8,"ty":4,"nm":"Path","parent":10,"sr":1,"ks":{"o":{"a":0,"k":100,"ix":11},"r":{"a":0,"k":0,"ix":10},"p":{"a":1,"k":[{"i":{"x":0.607,"y":0.923},"o":{"x":0.193,"y":0.06},"n":"0p607_0p923_0p193_0p06","t":0,"s":[0,240,0],"e":[0,-83.311,0],"to":[0,-39.7364044189453,0],"ti":[0,61.2157287597656,0]},{"i":{"x":0.625,"y":0.97},"o":{"x":0.23,"y":0.369},"n":"0p625_0p97_0p23_0p369","t":10,"s":[0,-83.311,0],"e":[0,-47.666,0],"to":[0,-11.5978717803955,0],"ti":[0,-4.85900115966797,0]},{"i":{"x":0.692,"y":1},"o":{"x":0.35,"y":0.09},"n":"0p692_1_0p35_0p09","t":20,"s":[0,-47.666,0],"e":[0,-60,0],"to":[0,0.45579245686531,0],"ti":[0,0,0]},{"i":{"x":0.692,"y":0.692},"o":{"x":0.167,"y":0.167},"n":"0p692_0p692_0p167_0p167","t":30,"s":[0,-60,0],"e":[0,-60,0],"to":[0,0,0],"ti":[0,0,0]},{"i":{"x":0.692,"y":1},"o":{"x":0.167,"y":0},"n":"0p692_1_0p167_0","t":90,"s":[0,-60,0],"e":[0,-29,0],"to":[0,0,0],"ti":[0,0,0]},{"t":101.000004113814}],"ix":2},"a":{"a":0,"k":[0,0,0],"ix":1},"s":{"a":0,"k":[100,100,100],"ix":6}},"ao":0,"shapes":[{"ty":"gr","it":[{"ind":0,"ty":"sh","ix":1,"ks":{"a":0,"k":{"i":[[0,0],[0,0],[0,0],[0,0],[-1.66,0],[0,1.66],[0,0]],"o":[[0,0],[0,0],[0,0],[0,1.66],[1.66,0],[0,0],[0,0]],"v":[[3,-6],[-3,-6],[-3,-6],[-3,3],[0,6],[3,3],[3,-6]],"c":false},"ix":2},"nm":"Path 1","mn":"ADBE Vector Shape - Group","hd":false},{"ty":"fl","c":{"a":0,"k":[0.984314024448,0.7333329916,0.129411995411,1],"ix":4},"o":{"a":0,"k":100,"ix":5},"r":1,"nm":"Fill 1","mn":"ADBE Vector Graphic - Fill","hd":false},{"ty":"tr","p":{"a":0,"k":[0,0],"ix":2},"a":{"a":0,"k":[0,0],"ix":1},"s":{"a":0,"k":[500,500],"ix":3},"r":{"a":0,"k":0,"ix":6},"o":{"a":0,"k":100,"ix":7},"sk":{"a":0,"k":0,"ix":4},"sa":{"a":0,"k":0,"ix":5},"nm":"Transform"}],"nm":"Path","np":2,"cix":2,"ix":1,"mn":"ADBE Vector Group","hd":false}],"ip":0,"op":141.000005743048,"st":0,"bm":0},{"ddd":0,"ind":9,"ty":4,"nm":"Path","parent":10,"sr":1,"ks":{"o":{"a":0,"k":100,"ix":11},"r":{"a":0,"k":0,"ix":10},"p":{"a":0,"k":[0,-15,0],"ix":2},"a":{"a":0,"k":[0,0,0],"ix":1},"s":{"a":0,"k":[100,100,100],"ix":6}},"ao":0,"shapes":[{"ty":"gr","it":[{"ind":0,"ty":"sh","ix":1,"ks":{"a":0,"k":{"i":[[0,0],[0,0]],"o":[[0,0],[0,0]],"v":[[0,-3],[0,3]],"c":false},"ix":2},"nm":"Path 1","mn":"ADBE Vector Shape - Group","hd":false},{"ty":"st","c":{"a":0,"k":[0,0,0,1],"ix":3},"o":{"a":0,"k":100,"ix":4},"w":{"a":0,"k":1,"ix":5},"lc":2,"lj":2,"nm":"Stroke 1","mn":"ADBE Vector Graphic - Stroke","hd":false},{"ty":"tr","p":{"a":0,"k":[0,0],"ix":2},"a":{"a":0,"k":[0,0],"ix":1},"s":{"a":0,"k":[500,500],"ix":3},"r":{"a":0,"k":0,"ix":6},"o":{"a":0,"k":100,"ix":7},"sk":{"a":0,"k":0,"ix":4},"sa":{"a":0,"k":0,"ix":5},"nm":"Transform"}],"nm":"Path","np":2,"cix":2,"ix":1,"mn":"ADBE Vector Group","hd":false},{"ty":"tm","s":{"a":1,"k":[{"i":{"x":[0.26],"y":[1]},"o":{"x":[0.167],"y":[0.167]},"n":["0p26_1_0p167_0p167"],"t":0,"s":[100],"e":[0]},{"i":{"x":[0.833],"y":[1]},"o":{"x":[0.167],"y":[0]},"n":["0p833_1_0p167_0"],"t":20,"s":[0],"e":[0]},{"i":{"x":[0.833],"y":[0.833]},"o":{"x":[0.74],"y":[0]},"n":["0p833_0p833_0p74_0"],"t":90,"s":[0],"e":[100]},{"t":99.0000040323527}],"ix":1},"e":{"a":0,"k":100,"ix":2},"o":{"a":0,"k":0,"ix":3},"m":1,"ix":2,"nm":"Trim Paths 1","mn":"ADBE Vector Filter - Trim","hd":false}],"ip":0,"op":141.000005743048,"st":0,"bm":0},{"ddd":0,"ind":10,"ty":4,"nm":"Path","sr":1,"ks":{"o":{"a":0,"k":100,"ix":11},"r":{"a":0,"k":0,"ix":10},"p":{"a":1,"k":[{"i":{"x":0.328,"y":0.598},"o":{"x":0.231,"y":0.41},"n":"0p328_0p598_0p231_0p41","t":90,"s":[68,104,0],"e":[68,122.669,0],"to":[0,5.0328049659729,0],"ti":[0,-6.37306547164917,0]},{"i":{"x":0.622,"y":1},"o":{"x":0.157,"y":1},"n":"0p622_1_0p157_1","t":98,"s":[68,122.669,0],"e":[68,124.2,0],"to":[0,0.92753237485886,0],"ti":[0,-0.05523106455803,0]},{"i":{"x":0.588,"y":0.666},"o":{"x":0.174,"y":0},"n":"0p588_0p666_0p174_0","t":105,"s":[68,124.2,0],"e":[68,-67.644,0],"to":[0,4.93961095809937,0],"ti":[0,61.9401893615723,0]},{"i":{"x":0.676,"y":1},"o":{"x":0.132,"y":1},"n":"0p676_1_0p132_1","t":117,"s":[68,-67.644,0],"e":[68,-93.4,0],"to":[0,-15.804630279541,0],"ti":[0,0,0]},{"t":132.00000537647}],"ix":2},"a":{"a":0,"k":[0,0,0],"ix":1},"s":{"a":0,"k":[60,60,100],"ix":6}},"ao":0,"shapes":[{"ty":"gr","it":[{"ind":0,"ty":"sh","ix":1,"ks":{"a":0,"k":{"i":[[0,0],[0,0]],"o":[[0,0],[0,0]],"v":[[-3,0],[3,0]],"c":false},"ix":2},"nm":"Path 1","mn":"ADBE Vector Shape - Group","hd":false},{"ty":"st","c":{"a":0,"k":[0,0,0,1],"ix":3},"o":{"a":0,"k":100,"ix":4},"w":{"a":0,"k":1,"ix":5},"lc":2,"lj":2,"nm":"Stroke 1","mn":"ADBE Vector Graphic - Stroke","hd":false},{"ty":"tr","p":{"a":0,"k":[0,0],"ix":2},"a":{"a":0,"k":[0,0],"ix":1},"s":{"a":0,"k":[500,500],"ix":3},"r":{"a":0,"k":0,"ix":6},"o":{"a":0,"k":100,"ix":7},"sk":{"a":0,"k":0,"ix":4},"sa":{"a":0,"k":0,"ix":5},"nm":"Transform"}],"nm":"Path","np":2,"cix":2,"ix":1,"mn":"ADBE Vector Group","hd":false},{"ty":"tm","s":{"a":1,"k":[{"i":{"x":[0.26],"y":[1]},"o":{"x":[0.167],"y":[0.167]},"n":["0p26_1_0p167_0p167"],"t":0,"s":[50],"e":[100]},{"i":{"x":[0.833],"y":[1]},"o":{"x":[0.167],"y":[0]},"n":["0p833_1_0p167_0"],"t":15,"s":[100],"e":[100]},{"i":{"x":[0.833],"y":[0.833]},"o":{"x":[0.74],"y":[0]},"n":["0p833_0p833_0p74_0"],"t":94,"s":[100],"e":[50]},{"t":103.000004195276}],"ix":1},"e":{"a":1,"k":[{"i":{"x":[0.26],"y":[1]},"o":{"x":[0.167],"y":[0.167]},"n":["0p26_1_0p167_0p167"],"t":0,"s":[50],"e":[0]},{"i":{"x":[0.833],"y":[1]},"o":{"x":[0.167],"y":[0]},"n":["0p833_1_0p167_0"],"t":15,"s":[0],"e":[0]},{"i":{"x":[0.833],"y":[0.833]},"o":{"x":[0.74],"y":[0]},"n":["0p833_0p833_0p74_0"],"t":94,"s":[0],"e":[50]},{"t":103.000004195276}],"ix":2},"o":{"a":0,"k":0,"ix":3},"m":1,"ix":2,"nm":"Trim Paths 1","mn":"ADBE Vector Filter - Trim","hd":false}],"ip":0,"op":141.000005743048,"st":0,"bm":0}],"markers":[]}