{"v":"5.3.4","fr":29.9700012207031,"ip":0,"op":141.000005743048,"w":136,"h":136,"nm":"2_Snow_globe","ddd":0,"assets":[],"layers":[{"ddd":0,"ind":1,"ty":4,"nm":"Path","parent":2,"sr":1,"ks":{"o":{"a":0,"k":100,"ix":11},"r":{"a":0,"k":0,"ix":10},"p":{"a":0,"k":[0,0,0],"ix":2},"a":{"a":0,"k":[0,0,0],"ix":1},"s":{"a":0,"k":[100,100,100],"ix":6}},"ao":0,"shapes":[{"ty":"gr","it":[{"ind":0,"ty":"sh","ix":1,"ks":{"a":0,"k":{"i":[[0,0],[0.55,0],[0,0],[0,0.55],[0,0],[-0.55,0],[0,0],[0,-0.55]],"o":[[0,0.55],[0,0],[-0.55,0],[0,0],[0,-0.55],[0,0],[0.55,0],[0,0]],"v":[[7,1],[6,2],[-6,2],[-7,1],[-7,-1],[-6,-2],[6,-2],[7,-1]],"c":true},"ix":2},"nm":"Path 1","mn":"ADBE Vector Shape - Group","hd":false},{"ty":"st","c":{"a":0,"k":[0,0,0,1],"ix":3},"o":{"a":0,"k":100,"ix":4},"w":{"a":0,"k":1,"ix":5},"lc":2,"lj":2,"nm":"Stroke 1","mn":"ADBE Vector Graphic - Stroke","hd":false},{"ty":"tr","p":{"a":0,"k":[0,0],"ix":2},"a":{"a":0,"k":[0,0],"ix":1},"s":{"a":0,"k":[500,500],"ix":3},"r":{"a":0,"k":0,"ix":6},"o":{"a":0,"k":100,"ix":7},"sk":{"a":0,"k":0,"ix":4},"sa":{"a":0,"k":0,"ix":5},"nm":"Transform"}],"nm":"Path","np":2,"cix":2,"ix":1,"mn":"ADBE Vector Group","hd":false}],"ip":0,"op":141.000005743048,"st":0,"bm":0},{"ddd":0,"ind":2,"ty":4,"nm":"Path","sr":1,"ks":{"o":{"a":0,"k":100,"ix":11},"r":{"a":0,"k":0,"ix":10},"p":{"a":1,"k":[{"i":{"x":0.651,"y":0.879},"o":{"x":0.2,"y":0.128},"n":"0p651_0p879_0p2_0p128","t":0,"s":[65.87,224.6,0],"e":[65.87,92.862,0],"to":[0,-16.6800880432129,0],"ti":[0,21.493106842041,0]},{"i":{"x":0.619,"y":0.978},"o":{"x":0.146,"y":0.604},"n":"0p619_0p978_0p146_0p604","t":12,"s":[65.87,92.862,0],"e":[65.87,100.957,0],"to":[0,-3.08417963981628,0],"ti":[0,-0.64398866891861,0]},{"i":{"x":0.702,"y":1},"o":{"x":0.361,"y":0.085},"n":"0p702_1_0p361_0p085","t":22,"s":[65.87,100.957,0],"e":[65.87,98,0],"to":[0,0.02880743332207,0],"ti":[0,0,0]},{"i":{"x":0.702,"y":0.702},"o":{"x":0.167,"y":0.167},"n":"0p702_0p702_0p167_0p167","t":35,"s":[65.87,98,0],"e":[65.87,98,0],"to":[0,0,0],"ti":[0,0,0]},{"i":{"x":0.602,"y":0.224},"o":{"x":0.171,"y":0},"n":"0p602_0p224_0p171_0","t":90,"s":[65.87,98,0],"e":[65.87,111.863,0],"to":[0,0,0],"ti":[0,0,0]},{"i":{"x":0.718,"y":1},"o":{"x":0.237,"y":1},"n":"0p718_1_0p237_1","t":97,"s":[65.87,111.863,0],"e":[65.87,119.2,0],"to":[0,0,0],"ti":[0,0,0]},{"i":{"x":0.637,"y":0.72},"o":{"x":0.166,"y":0},"n":"0p637_0p72_0p166_0","t":105,"s":[65.87,119.2,0],"e":[65.87,-65.211,0],"to":[0,0,0],"ti":[0,0,0]},{"i":{"x":0.713,"y":1},"o":{"x":0.129,"y":1},"n":"0p713_1_0p129_1","t":116,"s":[65.87,-65.211,0],"e":[65.87,-88.6,0],"to":[0,0,0],"ti":[0,0,0]},{"t":130.000005295009}],"ix":2},"a":{"a":0,"k":[0,0,0],"ix":1},"s":{"a":0,"k":[60,60,100],"ix":6}},"ao":0,"shapes":[{"ty":"gr","it":[{"ind":0,"ty":"sh","ix":1,"ks":{"a":0,"k":{"i":[[0,0],[0.55,0],[0,0],[0,0.55],[0,0],[-0.55,0],[0,0],[0,-0.55]],"o":[[0,0.55],[0,0],[-0.55,0],[0,0],[0,-0.55],[0,0],[0.55,0],[0,0]],"v":[[7,1],[6,2],[-6,2],[-7,1],[-7,-1],[-6,-2],[6,-2],[7,-1]],"c":true},"ix":2},"nm":"Path 1","mn":"ADBE Vector Shape - Group","hd":false},{"ty":"fl","c":{"a":0,"k":[0.905882000923,0.203922003508,0.274509996176,1],"ix":4},"o":{"a":0,"k":100,"ix":5},"r":1,"nm":"Fill 1","mn":"ADBE Vector Graphic - Fill","hd":false},{"ty":"tr","p":{"a":0,"k":[0,0],"ix":2},"a":{"a":0,"k":[0,0],"ix":1},"s":{"a":0,"k":[500,500],"ix":3},"r":{"a":0,"k":0,"ix":6},"o":{"a":0,"k":100,"ix":7},"sk":{"a":0,"k":0,"ix":4},"sa":{"a":0,"k":0,"ix":5},"nm":"Transform"}],"nm":"Path","np":2,"cix":2,"ix":1,"mn":"ADBE Vector Group","hd":false}],"ip":0,"op":141.000005743048,"st":0,"bm":0},{"ddd":0,"ind":3,"ty":4,"nm":"Path","parent":1,"sr":1,"ks":{"o":{"a":0,"k":100,"ix":11},"r":{"a":0,"k":0,"ix":10},"p":{"a":0,"k":[0,-25.75,0],"ix":2},"a":{"a":0,"k":[0,0,0],"ix":1},"s":{"a":1,"k":[{"i":{"x":[0.15,0.15,0.15],"y":[1,1,1]},"o":{"x":[0.167,0.167,0.167],"y":[0.167,0.167,16.667]},"n":["0p15_1_0p167_0p167","0p15_1_0p167_0p167","0p15_1_0p167_16p667"],"t":22,"s":[0,0,100],"e":[100,100,100]},{"t":37.0000015070409}],"ix":6}},"ao":0,"shapes":[{"ty":"gr","it":[{"ind":0,"ty":"sh","ix":1,"ks":{"a":0,"k":{"i":[[0,-0.34],[0.33,0],[0,0.34],[-0.33,0]],"o":[[0,0.34],[-0.34,0],[0,-0.34],[0.34,0]],"v":[[0.61,0],[0,0.61],[-0.61,0],[0,-0.61]],"c":true},"ix":2},"nm":"Path 1","mn":"ADBE Vector Shape - Group","hd":false},{"ty":"fl","c":{"a":0,"k":[0,0,0,1],"ix":4},"o":{"a":0,"k":100,"ix":5},"r":1,"nm":"Fill 1","mn":"ADBE Vector Graphic - Fill","hd":false},{"ty":"tr","p":{"a":0,"k":[0,0],"ix":2},"a":{"a":0,"k":[0,0],"ix":1},"s":{"a":0,"k":[500,500],"ix":3},"r":{"a":0,"k":0,"ix":6},"o":{"a":0,"k":100,"ix":7},"sk":{"a":0,"k":0,"ix":4},"sa":{"a":0,"k":0,"ix":5},"nm":"Transform"}],"nm":"Path","np":2,"cix":2,"ix":1,"mn":"ADBE Vector Group","hd":false}],"ip":0,"op":141.000005743048,"st":0,"bm":0},{"ddd":0,"ind":4,"ty":4,"nm":"Path","parent":1,"sr":1,"ks":{"o":{"a":0,"k":100,"ix":11},"r":{"a":0,"k":0,"ix":10},"p":{"a":0,"k":[0,-39.75,0],"ix":2},"a":{"a":0,"k":[0,0,0],"ix":1},"s":{"a":1,"k":[{"i":{"x":[0.15,0.15,0.15],"y":[1,1,1]},"o":{"x":[0.167,0.167,0.167],"y":[0.167,0.167,16.667]},"n":["0p15_1_0p167_0p167","0p15_1_0p167_0p167","0p15_1_0p167_16p667"],"t":20,"s":[0,0,100],"e":[100,100,100]},{"t":35.0000014255792}],"ix":6}},"ao":0,"shapes":[{"ty":"gr","it":[{"ind":0,"ty":"sh","ix":1,"ks":{"a":0,"k":{"i":[[0,-0.34],[0.33,0],[0,0.33],[-0.33,0]],"o":[[0,0.34],[-0.34,0],[0,-0.34],[0.34,0]],"v":[[0.61,0],[0,0.61],[-0.61,0],[0,-0.61]],"c":true},"ix":2},"nm":"Path 1","mn":"ADBE Vector Shape - Group","hd":false},{"ty":"fl","c":{"a":0,"k":[0,0,0,1],"ix":4},"o":{"a":0,"k":100,"ix":5},"r":1,"nm":"Fill 1","mn":"ADBE Vector Graphic - Fill","hd":false},{"ty":"tr","p":{"a":0,"k":[0,0],"ix":2},"a":{"a":0,"k":[0,0],"ix":1},"s":{"a":0,"k":[500,500],"ix":3},"r":{"a":0,"k":0,"ix":6},"o":{"a":0,"k":100,"ix":7},"sk":{"a":0,"k":0,"ix":4},"sa":{"a":0,"k":0,"ix":5},"nm":"Transform"}],"nm":"Path","np":2,"cix":2,"ix":1,"mn":"ADBE Vector Group","hd":false}],"ip":0,"op":141.000005743048,"st":0,"bm":0},{"ddd":0,"ind":5,"ty":4,"nm":"Path","parent":1,"sr":1,"ks":{"o":{"a":0,"k":100,"ix":11},"r":{"a":0,"k":0,"ix":10},"p":{"a":0,"k":[43.15,-53.75,0],"ix":2},"a":{"a":0,"k":[0,0,0],"ix":1},"s":{"a":1,"k":[{"i":{"x":[0.15,0.15,0.15],"y":[1,1,1]},"o":{"x":[0.167,0.167,0.167],"y":[0.167,0.167,16.667]},"n":["0p15_1_0p167_0p167","0p15_1_0p167_0p167","0p15_1_0p167_16p667"],"t":18,"s":[0,0,100],"e":[100,100,100]},{"t":33.0000013441176}],"ix":6}},"ao":0,"shapes":[{"ty":"gr","it":[{"ind":0,"ty":"sh","ix":1,"ks":{"a":0,"k":{"i":[[0,-0.34],[0.33,0],[0,0.34],[-0.33,0]],"o":[[0,0.34],[-0.34,0],[0,-0.34],[0.33,0]],"v":[[0.61,0],[0,0.61],[-0.61,0],[0,-0.61]],"c":true},"ix":2},"nm":"Path 1","mn":"ADBE Vector Shape - Group","hd":false},{"ty":"fl","c":{"a":0,"k":[0,0,0,1],"ix":4},"o":{"a":0,"k":100,"ix":5},"r":1,"nm":"Fill 1","mn":"ADBE Vector Graphic - Fill","hd":false},{"ty":"tr","p":{"a":0,"k":[0,0],"ix":2},"a":{"a":0,"k":[0,0],"ix":1},"s":{"a":0,"k":[500,500],"ix":3},"r":{"a":0,"k":0,"ix":6},"o":{"a":0,"k":100,"ix":7},"sk":{"a":0,"k":0,"ix":4},"sa":{"a":0,"k":0,"ix":5},"nm":"Transform"}],"nm":"Path","np":2,"cix":2,"ix":1,"mn":"ADBE Vector Group","hd":false}],"ip":0,"op":141.000005743048,"st":0,"bm":0},{"ddd":0,"ind":6,"ty":4,"nm":"Path","parent":1,"sr":1,"ks":{"o":{"a":0,"k":100,"ix":11},"r":{"a":0,"k":0,"ix":10},"p":{"a":0,"k":[35,-34.05,0],"ix":2},"a":{"a":0,"k":[0,0,0],"ix":1},"s":{"a":1,"k":[{"i":{"x":[0.15,0.15,0.15],"y":[1,1,1]},"o":{"x":[0.167,0.167,0.167],"y":[0.167,0.167,16.667]},"n":["0p15_1_0p167_0p167","0p15_1_0p167_0p167","0p15_1_0p167_16p667"],"t":16,"s":[0,0,100],"e":[100,100,100]},{"t":31.0000012626559}],"ix":6}},"ao":0,"shapes":[{"ty":"gr","it":[{"ind":0,"ty":"sh","ix":1,"ks":{"a":0,"k":{"i":[[0,-0.33],[0.33,0],[0,0.34],[-0.33,0]],"o":[[0,0.34],[-0.34,0],[0,-0.34],[0.34,0]],"v":[[0.61,0],[0,0.61],[-0.61,0],[0,-0.61]],"c":true},"ix":2},"nm":"Path 1","mn":"ADBE Vector Shape - Group","hd":false},{"ty":"fl","c":{"a":0,"k":[0,0,0,1],"ix":4},"o":{"a":0,"k":100,"ix":5},"r":1,"nm":"Fill 1","mn":"ADBE Vector Graphic - Fill","hd":false},{"ty":"tr","p":{"a":0,"k":[0,0],"ix":2},"a":{"a":0,"k":[0,0],"ix":1},"s":{"a":0,"k":[500,500],"ix":3},"r":{"a":0,"k":0,"ix":6},"o":{"a":0,"k":100,"ix":7},"sk":{"a":0,"k":0,"ix":4},"sa":{"a":0,"k":0,"ix":5},"nm":"Transform"}],"nm":"Path","np":2,"cix":2,"ix":1,"mn":"ADBE Vector Group","hd":false}],"ip":0,"op":141.000005743048,"st":0,"bm":0},{"ddd":0,"ind":7,"ty":4,"nm":"Path","parent":1,"sr":1,"ks":{"o":{"a":0,"k":100,"ix":11},"r":{"a":0,"k":0,"ix":10},"p":{"a":0,"k":[-36.25,-77.7,0],"ix":2},"a":{"a":0,"k":[0,0,0],"ix":1},"s":{"a":1,"k":[{"i":{"x":[0.15,0.15,0.15],"y":[1,1,1]},"o":{"x":[0.167,0.167,0.167],"y":[0.167,0.167,16.667]},"n":["0p15_1_0p167_0p167","0p15_1_0p167_0p167","0p15_1_0p167_16p667"],"t":14,"s":[0,0,100],"e":[100,100,100]},{"t":29.0000011811942}],"ix":6}},"ao":0,"shapes":[{"ty":"gr","it":[{"ind":0,"ty":"sh","ix":1,"ks":{"a":0,"k":{"i":[[0,-0.34],[0.33,0],[0,0.34],[-0.33,0]],"o":[[0,0.34],[-0.34,0],[0,-0.34],[0.34,0]],"v":[[0.61,0],[0,0.61],[-0.61,0],[0,-0.61]],"c":true},"ix":2},"nm":"Path 1","mn":"ADBE Vector Shape - Group","hd":false},{"ty":"fl","c":{"a":0,"k":[0,0,0,1],"ix":4},"o":{"a":0,"k":100,"ix":5},"r":1,"nm":"Fill 1","mn":"ADBE Vector Graphic - Fill","hd":false},{"ty":"tr","p":{"a":0,"k":[0,0],"ix":2},"a":{"a":0,"k":[0,0],"ix":1},"s":{"a":0,"k":[500,500],"ix":3},"r":{"a":0,"k":0,"ix":6},"o":{"a":0,"k":100,"ix":7},"sk":{"a":0,"k":0,"ix":4},"sa":{"a":0,"k":0,"ix":5},"nm":"Transform"}],"nm":"Path","np":2,"cix":2,"ix":1,"mn":"ADBE Vector Group","hd":false}],"ip":0,"op":141.000005743048,"st":0,"bm":0},{"ddd":0,"ind":8,"ty":4,"nm":"Path","parent":1,"sr":1,"ks":{"o":{"a":0,"k":100,"ix":11},"r":{"a":0,"k":0,"ix":10},"p":{"a":0,"k":[-25.8,-58.55,0],"ix":2},"a":{"a":0,"k":[0,0,0],"ix":1},"s":{"a":1,"k":[{"i":{"x":[0.15,0.15,0.15],"y":[1,1,1]},"o":{"x":[0.167,0.167,0.167],"y":[0.167,0.167,16.667]},"n":["0p15_1_0p167_0p167","0p15_1_0p167_0p167","0p15_1_0p167_16p667"],"t":12,"s":[0,0,100],"e":[100,100,100]},{"t":27.0000010997325}],"ix":6}},"ao":0,"shapes":[{"ty":"gr","it":[{"ind":0,"ty":"sh","ix":1,"ks":{"a":0,"k":{"i":[[0,-0.34],[0.34,0],[0,0.34],[-0.34,0]],"o":[[0,0.34],[-0.34,0],[0,-0.34],[0.33,0]],"v":[[0.61,0],[0,0.61],[-0.61,0],[0,-0.61]],"c":true},"ix":2},"nm":"Path 1","mn":"ADBE Vector Shape - Group","hd":false},{"ty":"fl","c":{"a":0,"k":[0,0,0,1],"ix":4},"o":{"a":0,"k":100,"ix":5},"r":1,"nm":"Fill 1","mn":"ADBE Vector Graphic - Fill","hd":false},{"ty":"tr","p":{"a":0,"k":[0,0],"ix":2},"a":{"a":0,"k":[0,0],"ix":1},"s":{"a":0,"k":[500,500],"ix":3},"r":{"a":0,"k":0,"ix":6},"o":{"a":0,"k":100,"ix":7},"sk":{"a":0,"k":0,"ix":4},"sa":{"a":0,"k":0,"ix":5},"nm":"Transform"}],"nm":"Path","np":2,"cix":2,"ix":1,"mn":"ADBE Vector Group","hd":false}],"ip":0,"op":141.000005743048,"st":0,"bm":0},{"ddd":0,"ind":9,"ty":4,"nm":"Path","parent":1,"sr":1,"ks":{"o":{"a":0,"k":100,"ix":11},"r":{"a":0,"k":0,"ix":10},"p":{"a":0,"k":[-44.05,-50.7,0],"ix":2},"a":{"a":0,"k":[0,0,0],"ix":1},"s":{"a":1,"k":[{"i":{"x":[0.15,0.15,0.15],"y":[1,1,1]},"o":{"x":[0.167,0.167,0.167],"y":[0.167,0.167,16.667]},"n":["0p15_1_0p167_0p167","0p15_1_0p167_0p167","0p15_1_0p167_16p667"],"t":10,"s":[0,0,100],"e":[100,100,100]},{"t":25.0000010182709}],"ix":6}},"ao":0,"shapes":[{"ty":"gr","it":[{"ind":0,"ty":"sh","ix":1,"ks":{"a":0,"k":{"i":[[0,-0.34],[0.33,0],[0,0.34],[-0.33,0]],"o":[[0,0.34],[-0.34,0],[0,-0.34],[0.33,0]],"v":[[0.61,0],[0,0.61],[-0.61,0],[0,-0.61]],"c":true},"ix":2},"nm":"Path 1","mn":"ADBE Vector Shape - Group","hd":false},{"ty":"fl","c":{"a":0,"k":[0,0,0,1],"ix":4},"o":{"a":0,"k":100,"ix":5},"r":1,"nm":"Fill 1","mn":"ADBE Vector Graphic - Fill","hd":false},{"ty":"tr","p":{"a":0,"k":[0,0],"ix":2},"a":{"a":0,"k":[0,0],"ix":1},"s":{"a":0,"k":[500,500],"ix":3},"r":{"a":0,"k":0,"ix":6},"o":{"a":0,"k":100,"ix":7},"sk":{"a":0,"k":0,"ix":4},"sa":{"a":0,"k":0,"ix":5},"nm":"Transform"}],"nm":"Path","np":2,"cix":2,"ix":1,"mn":"ADBE Vector Group","hd":false}],"ip":0,"op":141.000005743048,"st":0,"bm":0},{"ddd":0,"ind":10,"ty":4,"nm":"Path","parent":1,"sr":1,"ks":{"o":{"a":0,"k":100,"ix":11},"r":{"a":0,"k":0,"ix":10},"p":{"a":0,"k":[-35,-30.951,0],"ix":2},"a":{"a":0,"k":[0,0,0],"ix":1},"s":{"a":1,"k":[{"i":{"x":[0.15,0.15,0.15],"y":[1,1,1]},"o":{"x":[0.167,0.167,0.167],"y":[0.167,0.167,16.667]},"n":["0p15_1_0p167_0p167","0p15_1_0p167_0p167","0p15_1_0p167_16p667"],"t":8,"s":[0,0,100],"e":[100,100,100]},{"t":23.0000009368092}],"ix":6}},"ao":0,"shapes":[{"ty":"gr","it":[{"ind":0,"ty":"sh","ix":1,"ks":{"a":0,"k":{"i":[[0,-0.34],[0.33,0],[0,0.34],[-0.33,0]],"o":[[0,0.34],[-0.34,0],[0,-0.34],[0.34,-0.01]],"v":[[0.61,0],[0,0.61],[-0.61,0],[0,-0.61]],"c":true},"ix":2},"nm":"Path 1","mn":"ADBE Vector Shape - Group","hd":false},{"ty":"fl","c":{"a":0,"k":[0,0,0,1],"ix":4},"o":{"a":0,"k":100,"ix":5},"r":1,"nm":"Fill 1","mn":"ADBE Vector Graphic - Fill","hd":false},{"ty":"tr","p":{"a":0,"k":[0,0],"ix":2},"a":{"a":0,"k":[0,0],"ix":1},"s":{"a":0,"k":[500,500],"ix":3},"r":{"a":0,"k":0,"ix":6},"o":{"a":0,"k":100,"ix":7},"sk":{"a":0,"k":0,"ix":4},"sa":{"a":0,"k":0,"ix":5},"nm":"Transform"}],"nm":"Path","np":2,"cix":2,"ix":1,"mn":"ADBE Vector Group","hd":false}],"ip":0,"op":141.000005743048,"st":0,"bm":0},{"ddd":0,"ind":11,"ty":4,"nm":"Path","parent":1,"sr":1,"ks":{"o":{"a":0,"k":100,"ix":11},"r":{"a":0,"k":0,"ix":10},"p":{"a":0,"k":[25.8,-58.55,0],"ix":2},"a":{"a":0,"k":[0,0,0],"ix":1},"s":{"a":1,"k":[{"i":{"x":[0.15,0.15,0.15],"y":[1,1,1]},"o":{"x":[0.167,0.167,0.167],"y":[0.167,0.167,16.667]},"n":["0p15_1_0p167_0p167","0p15_1_0p167_0p167","0p15_1_0p167_16p667"],"t":6,"s":[0,0,100],"e":[100,100,100]},{"t":21.0000008553475}],"ix":6}},"ao":0,"shapes":[{"ty":"gr","it":[{"ind":0,"ty":"sh","ix":1,"ks":{"a":0,"k":{"i":[[0,-0.34],[0.34,0],[0,0.34],[-0.34,0]],"o":[[0,0.34],[-0.34,0],[0,-0.34],[0.34,0]],"v":[[0.61,0],[0,0.61],[-0.61,0],[0,-0.61]],"c":true},"ix":2},"nm":"Path 1","mn":"ADBE Vector Shape - Group","hd":false},{"ty":"fl","c":{"a":0,"k":[0,0,0,1],"ix":4},"o":{"a":0,"k":100,"ix":5},"r":1,"nm":"Fill 1","mn":"ADBE Vector Graphic - Fill","hd":false},{"ty":"tr","p":{"a":0,"k":[0,0],"ix":2},"a":{"a":0,"k":[0,0],"ix":1},"s":{"a":0,"k":[500,500],"ix":3},"r":{"a":0,"k":0,"ix":6},"o":{"a":0,"k":100,"ix":7},"sk":{"a":0,"k":0,"ix":4},"sa":{"a":0,"k":0,"ix":5},"nm":"Transform"}],"nm":"Path","np":2,"cix":2,"ix":1,"mn":"ADBE Vector Group","hd":false}],"ip":0,"op":141.000005743048,"st":0,"bm":0},{"ddd":0,"ind":12,"ty":4,"nm":"Path","parent":1,"sr":1,"ks":{"o":{"a":0,"k":100,"ix":11},"r":{"a":0,"k":0,"ix":10},"p":{"a":0,"k":[-15.3,-88.25,0],"ix":2},"a":{"a":0,"k":[0,0,0],"ix":1},"s":{"a":1,"k":[{"i":{"x":[0.15,0.15,0.15],"y":[1,1,1]},"o":{"x":[0.167,0.167,0.167],"y":[0.167,0.167,16.667]},"n":["0p15_1_0p167_0p167","0p15_1_0p167_0p167","0p15_1_0p167_16p667"],"t":4,"s":[0,0,100],"e":[100,100,100]},{"t":19.0000007738859}],"ix":6}},"ao":0,"shapes":[{"ty":"gr","it":[{"ind":0,"ty":"sh","ix":1,"ks":{"a":0,"k":{"i":[[0,-0.34],[0.33,0],[0,0.34],[-0.33,0]],"o":[[0,0.34],[-0.34,0],[0,-0.34],[0.33,0]],"v":[[0.61,0],[0,0.61],[-0.61,0],[0,-0.61]],"c":true},"ix":2},"nm":"Path 1","mn":"ADBE Vector Shape - Group","hd":false},{"ty":"fl","c":{"a":0,"k":[0,0,0,1],"ix":4},"o":{"a":0,"k":100,"ix":5},"r":1,"nm":"Fill 1","mn":"ADBE Vector Graphic - Fill","hd":false},{"ty":"tr","p":{"a":0,"k":[0,0],"ix":2},"a":{"a":0,"k":[0,0],"ix":1},"s":{"a":0,"k":[500,500],"ix":3},"r":{"a":0,"k":0,"ix":6},"o":{"a":0,"k":100,"ix":7},"sk":{"a":0,"k":0,"ix":4},"sa":{"a":0,"k":0,"ix":5},"nm":"Transform"}],"nm":"Path","np":2,"cix":2,"ix":1,"mn":"ADBE Vector Group","hd":false}],"ip":0,"op":141.000005743048,"st":0,"bm":0},{"ddd":0,"ind":13,"ty":4,"nm":"Path","parent":1,"sr":1,"ks":{"o":{"a":0,"k":100,"ix":11},"r":{"a":0,"k":0,"ix":10},"p":{"a":0,"k":[10,-94.351,0],"ix":2},"a":{"a":0,"k":[0,0,0],"ix":1},"s":{"a":1,"k":[{"i":{"x":[0.15,0.15,0.15],"y":[1,1,1]},"o":{"x":[0.167,0.167,0.167],"y":[0.167,0.167,16.667]},"n":["0p15_1_0p167_0p167","0p15_1_0p167_0p167","0p15_1_0p167_16p667"],"t":2,"s":[0,0,100],"e":[100,100,100]},{"t":17.0000006924242}],"ix":6}},"ao":0,"shapes":[{"ty":"gr","it":[{"ind":0,"ty":"sh","ix":1,"ks":{"a":0,"k":{"i":[[0,-0.34],[0.33,0],[0,0.34],[-0.33,0]],"o":[[0,0.34],[-0.34,0],[0,-0.34],[0.34,-0.01]],"v":[[0.61,0],[0,0.61],[-0.61,0],[0,-0.61]],"c":true},"ix":2},"nm":"Path 1","mn":"ADBE Vector Shape - Group","hd":false},{"ty":"fl","c":{"a":0,"k":[0,0,0,1],"ix":4},"o":{"a":0,"k":100,"ix":5},"r":1,"nm":"Fill 1","mn":"ADBE Vector Graphic - Fill","hd":false},{"ty":"tr","p":{"a":0,"k":[0,0],"ix":2},"a":{"a":0,"k":[0,0],"ix":1},"s":{"a":0,"k":[500,500],"ix":3},"r":{"a":0,"k":0,"ix":6},"o":{"a":0,"k":100,"ix":7},"sk":{"a":0,"k":0,"ix":4},"sa":{"a":0,"k":0,"ix":5},"nm":"Transform"}],"nm":"Path","np":2,"cix":2,"ix":1,"mn":"ADBE Vector Group","hd":false}],"ip":0,"op":141.000005743048,"st":0,"bm":0},{"ddd":0,"ind":14,"ty":4,"nm":"Path","parent":1,"sr":1,"ks":{"o":{"a":0,"k":100,"ix":11},"r":{"a":0,"k":0,"ix":10},"p":{"a":0,"k":[25.8,-83.8,0],"ix":2},"a":{"a":0,"k":[0,0,0],"ix":1},"s":{"a":1,"k":[{"i":{"x":[0.15,0.15,0.15],"y":[1,1,1]},"o":{"x":[0.167,0.167,0.167],"y":[0.167,0.167,16.667]},"n":["0p15_1_0p167_0p167","0p15_1_0p167_0p167","0p15_1_0p167_16p667"],"t":0,"s":[0,0,100],"e":[100,100,100]},{"t":15.0000006109625}],"ix":6}},"ao":0,"shapes":[{"ty":"gr","it":[{"ind":0,"ty":"sh","ix":1,"ks":{"a":0,"k":{"i":[[0,-0.34],[0.34,0],[0,0.34],[-0.34,0]],"o":[[0,0.34],[-0.34,0],[0,-0.34],[0.34,0]],"v":[[0.61,0],[0,0.61],[-0.61,0],[0,-0.61]],"c":true},"ix":2},"nm":"Path 1","mn":"ADBE Vector Shape - Group","hd":false},{"ty":"fl","c":{"a":0,"k":[0,0,0,1],"ix":4},"o":{"a":0,"k":100,"ix":5},"r":1,"nm":"Fill 1","mn":"ADBE Vector Graphic - Fill","hd":false},{"ty":"tr","p":{"a":0,"k":[0,0],"ix":2},"a":{"a":0,"k":[0,0],"ix":1},"s":{"a":0,"k":[500,500],"ix":3},"r":{"a":0,"k":0,"ix":6},"o":{"a":0,"k":100,"ix":7},"sk":{"a":0,"k":0,"ix":4},"sa":{"a":0,"k":0,"ix":5},"nm":"Transform"}],"nm":"Path","np":2,"cix":2,"ix":1,"mn":"ADBE Vector Group","hd":false}],"ip":0,"op":141.000005743048,"st":0,"bm":0},{"ddd":0,"ind":15,"ty":4,"nm":"Path","parent":16,"sr":1,"ks":{"o":{"a":0,"k":100,"ix":11},"r":{"a":0,"k":0,"ix":10},"p":{"a":0,"k":[0,0,0],"ix":2},"a":{"a":0,"k":[0,0,0],"ix":1},"s":{"a":0,"k":[100,100,100],"ix":6}},"ao":0,"shapes":[{"ty":"gr","it":[{"ind":0,"ty":"sh","ix":1,"ks":{"a":0,"k":{"i":[[0,-1.35],[1.35,0],[0,1.35],[-1.35,0]],"o":[[0,1.35],[-1.35,0],[0,-1.35],[1.35,0]],"v":[[2.45,0],[0,2.45],[-2.45,0],[0,-2.45]],"c":true},"ix":2},"nm":"Path 1","mn":"ADBE Vector Shape - Group","hd":false},{"ty":"st","c":{"a":0,"k":[0,0,0,1],"ix":3},"o":{"a":0,"k":100,"ix":4},"w":{"a":0,"k":1,"ix":5},"lc":2,"lj":2,"nm":"Stroke 1","mn":"ADBE Vector Graphic - Stroke","hd":false},{"ty":"tr","p":{"a":0,"k":[0,0],"ix":2},"a":{"a":0,"k":[0,0],"ix":1},"s":{"a":0,"k":[500,500],"ix":3},"r":{"a":0,"k":0,"ix":6},"o":{"a":0,"k":100,"ix":7},"sk":{"a":0,"k":0,"ix":4},"sa":{"a":0,"k":0,"ix":5},"nm":"Transform"}],"nm":"Path","np":2,"cix":2,"ix":1,"mn":"ADBE Vector Group","hd":false}],"ip":0,"op":141.000005743048,"st":0,"bm":0},{"ddd":0,"ind":16,"ty":4,"nm":"Path","parent":2,"sr":1,"ks":{"o":{"a":0,"k":100,"ix":11},"r":{"a":0,"k":0,"ix":10},"p":{"a":1,"k":[{"i":{"x":0.329,"y":0.927},"o":{"x":0.191,"y":0.068},"n":"0p329_0p927_0p191_0p068","t":4,"s":[0,87.25,0],"e":[0,-72.608,0],"to":[0,-24.3612976074219,0],"ti":[0,32.215633392334,0]},{"i":{"x":0.617,"y":0.939},"o":{"x":0.266,"y":0.34},"n":"0p617_0p939_0p266_0p34","t":15,"s":[0,-72.608,0],"e":[0,-61.843,0],"to":[0,-1.57109391689301,0],"ti":[0,-1.24771130084991,0]},{"i":{"x":0.664,"y":1},"o":{"x":0.323,"y":0.107},"n":"0p664_1_0p323_0p107","t":24,"s":[0,-61.843,0],"e":[0,-67.75,0],"to":[0,0.2982422709465,0],"ti":[0,0.28398209810257,0]},{"t":34.0000013848484}],"ix":2},"a":{"a":0,"k":[0,0,0],"ix":1},"s":{"a":1,"k":[{"i":{"x":[0.237,0.237,0.237],"y":[0.864,0.864,-11.661]},"o":{"x":[0.218,0.218,0.218],"y":[0.093,0.093,8.718]},"n":["0p237_0p864_0p218_0p093","0p237_0p864_0p218_0p093","0p237_-11p661_0p218_8p718"],"t":0,"s":[0,0,100],"e":[93.382,93.382,100]},{"i":{"x":[0.602,0.602,0.602],"y":[1,1,1]},"o":{"x":[0.273,0.273,0.273],"y":[1.028,1.028,6.805]},"n":["0p602_1_0p273_1p028","0p602_1_0p273_1p028","0p602_1_0p273_6p805"],"t":12,"s":[93.382,93.382,100],"e":[100,100,100]},{"t":30.0000012219251}],"ix":6}},"ao":0,"shapes":[{"ty":"gr","it":[{"ind":0,"ty":"sh","ix":1,"ks":{"a":0,"k":{"i":[[0,-1.35],[1.35,0],[0,1.35],[-1.35,0]],"o":[[0,1.35],[-1.35,0],[0,-1.35],[1.35,0]],"v":[[2.45,0],[0,2.45],[-2.45,0],[0,-2.45]],"c":true},"ix":2},"nm":"Path 1","mn":"ADBE Vector Shape - Group","hd":false},{"ty":"fl","c":{"a":0,"k":[1,1,1,1],"ix":4},"o":{"a":0,"k":100,"ix":5},"r":1,"nm":"Fill 1","mn":"ADBE Vector Graphic - Fill","hd":false},{"ty":"tr","p":{"a":0,"k":[0,0],"ix":2},"a":{"a":0,"k":[0,0],"ix":1},"s":{"a":0,"k":[500,500],"ix":3},"r":{"a":0,"k":0,"ix":6},"o":{"a":0,"k":100,"ix":7},"sk":{"a":0,"k":0,"ix":4},"sa":{"a":0,"k":0,"ix":5},"nm":"Transform"}],"nm":"Path","np":2,"cix":2,"ix":1,"mn":"ADBE Vector Group","hd":false}],"ip":0,"op":141.000005743048,"st":0,"bm":0},{"ddd":0,"ind":17,"ty":4,"nm":"Path","parent":18,"sr":1,"ks":{"o":{"a":0,"k":100,"ix":11},"r":{"a":0,"k":0,"ix":10},"p":{"a":0,"k":[0,0,0],"ix":2},"a":{"a":0,"k":[0,0,0],"ix":1},"s":{"a":0,"k":[100,100,100],"ix":6}},"ao":0,"shapes":[{"ty":"gr","it":[{"ind":0,"ty":"sh","ix":1,"ks":{"a":0,"k":{"i":[[0,-2.51],[2.51,0],[0,2.51],[-2.51,0]],"o":[[0,2.51],[-2.51,0],[0,-2.51],[2.51,0]],"v":[[4.55,0],[0,4.55],[-4.55,0],[0,-4.55]],"c":true},"ix":2},"nm":"Path 1","mn":"ADBE Vector Shape - Group","hd":false},{"ty":"st","c":{"a":0,"k":[0,0,0,1],"ix":3},"o":{"a":0,"k":100,"ix":4},"w":{"a":0,"k":1,"ix":5},"lc":2,"lj":2,"nm":"Stroke 1","mn":"ADBE Vector Graphic - Stroke","hd":false},{"ty":"tr","p":{"a":0,"k":[0,0],"ix":2},"a":{"a":0,"k":[0,0],"ix":1},"s":{"a":0,"k":[500,500],"ix":3},"r":{"a":0,"k":0,"ix":6},"o":{"a":0,"k":100,"ix":7},"sk":{"a":0,"k":0,"ix":4},"sa":{"a":0,"k":0,"ix":5},"nm":"Transform"}],"nm":"Path","np":2,"cix":2,"ix":1,"mn":"ADBE Vector Group","hd":false}],"ip":0,"op":141.000005743048,"st":0,"bm":0},{"ddd":0,"ind":18,"ty":4,"nm":"Path","parent":2,"sr":1,"ks":{"o":{"a":0,"k":100,"ix":11},"r":{"a":0,"k":0,"ix":10},"p":{"a":1,"k":[{"i":{"x":0.329,"y":0.927},"o":{"x":0.191,"y":0.068},"n":"0p329_0p927_0p191_0p068","t":0,"s":[0,122.25,0],"e":[0,-37.607,0],"to":[0,-24.3612327575684,0],"ti":[0,32.215877532959,0]},{"i":{"x":0.617,"y":0.939},"o":{"x":0.266,"y":0.34},"n":"0p617_0p939_0p266_0p34","t":11,"s":[0,-37.607,0],"e":[0,-26.843,0],"to":[0,-1.57118439674377,0],"ti":[0,-1.24763369560242,0]},{"i":{"x":0.664,"y":1},"o":{"x":0.323,"y":0.107},"n":"0p664_1_0p323_0p107","t":20,"s":[0,-26.843,0],"e":[0,-32.75,0],"to":[0,0.29821944236755,0],"ti":[0,0.28399148583412,0]},{"t":30.0000012219251}],"ix":2},"a":{"a":0,"k":[0,0,0],"ix":1},"s":{"a":1,"k":[{"i":{"x":[0.237,0.237,0.237],"y":[0.864,0.864,-11.661]},"o":{"x":[0.218,0.218,0.218],"y":[0.093,0.093,8.718]},"n":["0p237_0p864_0p218_0p093","0p237_0p864_0p218_0p093","0p237_-11p661_0p218_8p718"],"t":0,"s":[0,0,100],"e":[93.382,93.382,100]},{"i":{"x":[0.602,0.602,0.602],"y":[1,1,1]},"o":{"x":[0.273,0.273,0.273],"y":[1.028,1.028,6.805]},"n":["0p602_1_0p273_1p028","0p602_1_0p273_1p028","0p602_1_0p273_6p805"],"t":12,"s":[93.382,93.382,100],"e":[100,100,100]},{"t":30.0000012219251}],"ix":6}},"ao":0,"shapes":[{"ty":"gr","it":[{"ind":0,"ty":"sh","ix":1,"ks":{"a":0,"k":{"i":[[0,-2.51],[2.51,0],[0,2.51],[-2.51,0]],"o":[[0,2.51],[-2.51,0],[0,-2.51],[2.51,0]],"v":[[4.55,0],[0,4.55],[-4.55,0],[0,-4.55]],"c":true},"ix":2},"nm":"Path 1","mn":"ADBE Vector Shape - Group","hd":false},{"ty":"fl","c":{"a":0,"k":[1,1,1,1],"ix":4},"o":{"a":0,"k":100,"ix":5},"r":1,"nm":"Fill 1","mn":"ADBE Vector Graphic - Fill","hd":false},{"ty":"tr","p":{"a":0,"k":[0,0],"ix":2},"a":{"a":0,"k":[0,0],"ix":1},"s":{"a":0,"k":[500,500],"ix":3},"r":{"a":0,"k":0,"ix":6},"o":{"a":0,"k":100,"ix":7},"sk":{"a":0,"k":0,"ix":4},"sa":{"a":0,"k":0,"ix":5},"nm":"Transform"}],"nm":"Path","np":2,"cix":2,"ix":1,"mn":"ADBE Vector Group","hd":false}],"ip":0,"op":141.000005743048,"st":0,"bm":0},{"ddd":0,"ind":19,"ty":4,"nm":"Path","parent":2,"sr":1,"ks":{"o":{"a":0,"k":100,"ix":11},"r":{"a":0,"k":0,"ix":10},"p":{"a":1,"k":[{"i":{"x":0.329,"y":0.917},"o":{"x":0.191,"y":0.078},"n":"0p329_0p917_0p191_0p078","t":0,"s":[0,75.075,0],"e":[0,-80.446,0],"to":[0,-21.2178478240967,0],"ti":[0,28.058988571167,0]},{"i":{"x":0.646,"y":0.765},"o":{"x":0.313,"y":0.193},"n":"0p646_0p765_0p313_0p193","t":14,"s":[0,-80.446,0],"e":[0,-60.546,0],"to":[0,-1.10193586349487,0],"ti":[0,-6.46256160736084,0]},{"i":{"x":0.652,"y":1},"o":{"x":0.298,"y":1},"n":"0p652_1_0p298_1","t":23,"s":[0,-60.546,0],"e":[0,-59.925,0],"to":[0,3.48138380050659,0],"ti":[0,0.44888266921043,0]},{"t":30.0000012219251}],"ix":2},"a":{"a":0,"k":[0,0,0],"ix":1},"s":{"a":0,"k":[100,100,100],"ix":6}},"ao":0,"shapes":[{"ty":"gr","it":[{"ind":0,"ty":"sh","ix":1,"ks":{"a":0,"k":{"i":[[6.21,0],[0,-6.21],[-2.57,-2.06],[-7.451,5.088],[0,3.55]],"o":[[-6.21,0],[0,3.55],[0,0],[2.68,-1.83],[0,-6.21]],"v":[[0,-10.015],[-11.25,1.235],[-7.03,10.015],[6.93,10.115],[11.25,1.235]],"c":true},"ix":2},"nm":"Path 1","mn":"ADBE Vector Shape - Group","hd":false},{"ty":"st","c":{"a":0,"k":[0,0,0,1],"ix":3},"o":{"a":0,"k":100,"ix":4},"w":{"a":0,"k":1,"ix":5},"lc":2,"lj":2,"nm":"Stroke 1","mn":"ADBE Vector Graphic - Stroke","hd":false},{"ty":"tr","p":{"a":0,"k":[0,0],"ix":2},"a":{"a":0,"k":[0,0],"ix":1},"s":{"a":0,"k":[500,500],"ix":3},"r":{"a":0,"k":0,"ix":6},"o":{"a":0,"k":100,"ix":7},"sk":{"a":0,"k":0,"ix":4},"sa":{"a":0,"k":0,"ix":5},"nm":"Transform"}],"nm":"Path","np":2,"cix":2,"ix":1,"mn":"ADBE Vector Group","hd":false}],"ip":0,"op":141.000005743048,"st":0,"bm":0},{"ddd":0,"ind":21,"ty":4,"nm":"Path","parent":19,"sr":1,"ks":{"o":{"a":0,"k":100,"ix":11},"r":{"a":0,"k":0,"ix":10},"p":{"a":0,"k":[-25.825,0,0],"ix":2},"a":{"a":0,"k":[0,0,0],"ix":1},"s":{"a":0,"k":[100,100,100],"ix":6}},"ao":0,"shapes":[{"ty":"gr","it":[{"ind":0,"ty":"sh","ix":1,"ks":{"a":0,"k":{"i":[[-6.21,0],[-0.33,-0.03],[0,-5.88],[-2.57,-2.63],[0,0],[0,3.55]],"o":[[0.34,0],[-5.74,0.51],[0,3.55],[0,0],[-2.57,-2.63],[0,-6.21]],"v":[[5.125,-10.015],[6.125,-9.965],[-4.125,1.235],[0.095,10.585],[-1.905,10.585],[-6.125,1.235]],"c":true},"ix":2},"nm":"Path 1","mn":"ADBE Vector Shape - Group","hd":false},{"ty":"fl","c":{"a":0,"k":[0.631372988224,0.854902029037,0.972549021244,1],"ix":4},"o":{"a":0,"k":100,"ix":5},"r":1,"nm":"Fill 1","mn":"ADBE Vector Graphic - Fill","hd":false},{"ty":"tr","p":{"a":0,"k":[0,0],"ix":2},"a":{"a":0,"k":[0,0],"ix":1},"s":{"a":0,"k":[500,500],"ix":3},"r":{"a":0,"k":0,"ix":6},"o":{"a":0,"k":100,"ix":7},"sk":{"a":0,"k":0,"ix":4},"sa":{"a":0,"k":0,"ix":5},"nm":"Transform"}],"nm":"Path","np":2,"cix":2,"ix":1,"mn":"ADBE Vector Group","hd":false}],"ip":0,"op":141.000005743048,"st":0,"bm":0},{"ddd":0,"ind":22,"ty":4,"nm":"Path","parent":19,"sr":1,"ks":{"o":{"a":0,"k":100,"ix":11},"r":{"a":0,"k":0,"ix":10},"p":{"a":0,"k":[25.625,0,0],"ix":2},"a":{"a":0,"k":[0,0,0],"ix":1},"s":{"a":0,"k":[100,100,100],"ix":6}},"ao":0,"shapes":[{"ty":"gr","it":[{"ind":0,"ty":"sh","ix":1,"ks":{"a":0,"k":{"i":[[6.21,0],[0.33,-0.03],[0,-5.88],[2.57,-2.58],[0,0],[0,3.55]],"o":[[-0.34,0],[5.74,0.51],[0,3.55],[0,0],[2.57,-2.58],[0,-6.21]],"v":[[-5.125,-10.015],[-6.125,-9.965],[4.125,1.235],[-0.095,10.535],[1.905,10.535],[6.125,1.235]],"c":true},"ix":2},"nm":"Path 1","mn":"ADBE Vector Shape - Group","hd":false},{"ty":"fl","c":{"a":0,"k":[0,0.607842981815,0.839215993881,1],"ix":4},"o":{"a":0,"k":100,"ix":5},"r":1,"nm":"Fill 1","mn":"ADBE Vector Graphic - Fill","hd":false},{"ty":"tr","p":{"a":0,"k":[0,0],"ix":2},"a":{"a":0,"k":[0,0],"ix":1},"s":{"a":0,"k":[500,500],"ix":3},"r":{"a":0,"k":0,"ix":6},"o":{"a":0,"k":100,"ix":7},"sk":{"a":0,"k":0,"ix":4},"sa":{"a":0,"k":0,"ix":5},"nm":"Transform"}],"nm":"Path","np":2,"cix":2,"ix":1,"mn":"ADBE Vector Group","hd":false}],"ip":0,"op":141.000005743048,"st":0,"bm":0},{"ddd":0,"ind":23,"ty":4,"nm":"Shape","parent":19,"sr":1,"ks":{"o":{"a":0,"k":100,"ix":11},"r":{"a":0,"k":0,"ix":10},"p":{"a":0,"k":[0,0,0],"ix":2},"a":{"a":0,"k":[0,0,0],"ix":1},"s":{"a":0,"k":[100,100,100],"ix":6}},"ao":0,"shapes":[{"ty":"gr","it":[{"ind":0,"ty":"sh","ix":1,"ks":{"a":0,"k":{"i":[[6.21,0],[0,-6.21],[-2.57,-2.06],[-2.38,0],[0,0],[0,3.55]],"o":[[-6.21,0],[0,3.55],[0,0],[2.307,0],[2.57,-2.06],[0,-6.21]],"v":[[0,-10.015],[-11.25,1.235],[-7.03,10.015],[0.122,12.215],[7.03,10.015],[11.25,1.235]],"c":true},"ix":2},"nm":"Path 1","mn":"ADBE Vector Shape - Group","hd":false},{"ty":"mm","mm":1,"nm":"Merge Paths 1","mn":"ADBE Vector Filter - Merge","hd":false},{"ty":"fl","c":{"a":0,"k":[0.043136999011,0.7333329916,0.93725502491,1],"ix":4},"o":{"a":0,"k":100,"ix":5},"r":1,"nm":"Fill 1","mn":"ADBE Vector Graphic - Fill","hd":false},{"ty":"tr","p":{"a":0,"k":[0,0],"ix":2},"a":{"a":0,"k":[0,0],"ix":1},"s":{"a":0,"k":[500,500],"ix":3},"r":{"a":0,"k":0,"ix":6},"o":{"a":0,"k":100,"ix":7},"sk":{"a":0,"k":0,"ix":4},"sa":{"a":0,"k":0,"ix":5},"nm":"Transform"}],"nm":"Shape","np":3,"cix":2,"ix":1,"mn":"ADBE Vector Group","hd":false}],"ip":0,"op":141.000005743048,"st":0,"bm":0}],"markers":[]}