{"v":"5.3.4","fr":29.9700012207031,"ip":0,"op":141.000005743048,"w":136,"h":136,"nm":"9_Easter_eggs","ddd":0,"assets":[],"layers":[{"ddd":0,"ind":1,"ty":4,"nm":"Path","sr":1,"ks":{"o":{"a":0,"k":100,"ix":11},"r":{"a":0,"k":0,"ix":10},"p":{"a":1,"k":[{"i":{"x":0.328,"y":0.959},"o":{"x":0.176,"y":0.085},"n":"0p328_0p959_0p176_0p085","t":0,"s":[68,200.3,0],"e":[68,61.92,0],"to":[0,-22.035961151123,0],"ti":[0,23.5828990936279,0]},{"i":{"x":0.694,"y":0.975},"o":{"x":0.322,"y":0.31},"n":"0p694_0p975_0p322_0p31","t":9,"s":[68,61.92,0],"e":[68,70.65,0],"to":[0,-0.25739786028862,0],"ti":[0,-0.25940430164337,0]},{"i":{"x":0.668,"y":1},"o":{"x":0.331,"y":0.058},"n":"0p668_1_0p331_0p058","t":18,"s":[68,70.65,0],"e":[68,66.5,0],"to":[0,0.05442003533244,0],"ti":[0,0,0]},{"i":{"x":0.668,"y":0.668},"o":{"x":0.167,"y":0.167},"n":"0p668_0p668_0p167_0p167","t":27,"s":[68,66.5,0],"e":[68,66.5,0],"to":[0,0,0],"ti":[0,0,0]},{"i":{"x":0.604,"y":0.701},"o":{"x":0.172,"y":0},"n":"0p604_0p701_0p172_0","t":90,"s":[68,66.5,0],"e":[68,89.444,0],"to":[0,0,0],"ti":[0,0,0]},{"i":{"x":0.695,"y":1},"o":{"x":0.156,"y":1},"n":"0p695_1_0p156_1","t":96,"s":[68,89.444,0],"e":[68,93.5,0],"to":[0,0,0],"ti":[0,0,0]},{"i":{"x":0.695,"y":0.695},"o":{"x":0.167,"y":0.167},"n":"0p695_0p695_0p167_0p167","t":105,"s":[68,93.5,0],"e":[68,93.5,0],"to":[0,0,0],"ti":[0,0,0]},{"i":{"x":0.613,"y":0.719},"o":{"x":0.169,"y":0},"n":"0p613_0p719_0p169_0","t":110,"s":[68,93.5,0],"e":[68,-81.063,0],"to":[0,0,0],"ti":[0,0,0]},{"i":{"x":0.709,"y":1},"o":{"x":0.154,"y":1},"n":"0p709_1_0p154_1","t":121,"s":[68,-81.063,0],"e":[68,-114.7,0],"to":[0,0,0],"ti":[0,0,0]},{"t":140.000005702317}],"ix":2},"a":{"a":0,"k":[0,0,0],"ix":1},"s":{"a":0,"k":[60,60,100],"ix":6}},"ao":0,"shapes":[{"ty":"gr","it":[{"ind":0,"ty":"sh","ix":1,"ks":{"a":0,"k":{"i":[[0,-4.14],[2.76,0],[0,4.14],[-2.76,0]],"o":[[0,4.14],[-2.76,0],[0,-4.14],[2.76,0]],"v":[[5,1.25],[0,7.5],[-5,1.25],[0,-7.5]],"c":true},"ix":2},"nm":"Path 1","mn":"ADBE Vector Shape - Group","hd":false},{"ty":"st","c":{"a":0,"k":[0,0,0,1],"ix":3},"o":{"a":0,"k":100,"ix":4},"w":{"a":0,"k":1,"ix":5},"lc":2,"lj":2,"nm":"Stroke 1","mn":"ADBE Vector Graphic - Stroke","hd":false},{"ty":"tr","p":{"a":0,"k":[0,0],"ix":2},"a":{"a":0,"k":[0,0],"ix":1},"s":{"a":0,"k":[500,500],"ix":3},"r":{"a":0,"k":0,"ix":6},"o":{"a":0,"k":100,"ix":7},"sk":{"a":0,"k":0,"ix":4},"sa":{"a":0,"k":0,"ix":5},"nm":"Transform"}],"nm":"Path","np":2,"cix":2,"ix":1,"mn":"ADBE Vector Group","hd":false}],"ip":0,"op":141.000005743048,"st":0,"bm":0},{"ddd":0,"ind":2,"ty":4,"nm":"Path","parent":1,"sr":1,"ks":{"o":{"a":0,"k":100,"ix":11},"r":{"a":0,"k":0,"ix":10},"p":{"a":0,"k":[0,15.15,0],"ix":2},"a":{"a":0,"k":[0,0,0],"ix":1},"s":{"a":0,"k":[100,100,100],"ix":6}},"ao":0,"shapes":[{"ty":"gr","it":[{"ind":0,"ty":"sh","ix":1,"ks":{"a":0,"k":{"i":[[0,0],[0,0]],"o":[[0,0],[0,0]],"v":[[-4.84,0],[4.84,0]],"c":false},"ix":2},"nm":"Path 1","mn":"ADBE Vector Shape - Group","hd":false},{"ty":"st","c":{"a":0,"k":[0,0,0,1],"ix":3},"o":{"a":0,"k":100,"ix":4},"w":{"a":0,"k":1,"ix":5},"lc":2,"lj":2,"nm":"Stroke 1","mn":"ADBE Vector Graphic - Stroke","hd":false},{"ty":"tr","p":{"a":0,"k":[0,0],"ix":2},"a":{"a":0,"k":[0,0],"ix":1},"s":{"a":0,"k":[500,500],"ix":3},"r":{"a":0,"k":0,"ix":6},"o":{"a":0,"k":100,"ix":7},"sk":{"a":0,"k":0,"ix":4},"sa":{"a":0,"k":0,"ix":5},"nm":"Transform"}],"nm":"Path","np":2,"cix":2,"ix":1,"mn":"ADBE Vector Group","hd":false},{"ty":"tm","s":{"a":1,"k":[{"i":{"x":[0.31],"y":[1]},"o":{"x":[0.167],"y":[0.167]},"n":["0p31_1_0p167_0p167"],"t":0,"s":[100],"e":[0]},{"t":60.0000024438501}],"ix":1},"e":{"a":0,"k":100,"ix":2},"o":{"a":0,"k":0,"ix":3},"m":1,"ix":2,"nm":"Trim Paths 1","mn":"ADBE Vector Filter - Trim","hd":false}],"ip":0,"op":141.000005743048,"st":0,"bm":0},{"ddd":0,"ind":3,"ty":4,"nm":"Path","parent":1,"sr":1,"ks":{"o":{"a":0,"k":100,"ix":11},"r":{"a":0,"k":0,"ix":10},"p":{"a":0,"k":[0,-10.2,0],"ix":2},"a":{"a":0,"k":[0,0,0],"ix":1},"s":{"a":0,"k":[100,100,100],"ix":6}},"ao":0,"shapes":[{"ty":"gr","it":[{"ind":0,"ty":"sh","ix":1,"ks":{"a":0,"k":{"i":[[0,0],[0,0]],"o":[[0,0],[0,0]],"v":[[-4.56,0],[4.56,0]],"c":false},"ix":2},"nm":"Path 1","mn":"ADBE Vector Shape - Group","hd":false},{"ty":"st","c":{"a":0,"k":[0,0,0,1],"ix":3},"o":{"a":0,"k":100,"ix":4},"w":{"a":0,"k":1,"ix":5},"lc":2,"lj":2,"nm":"Stroke 1","mn":"ADBE Vector Graphic - Stroke","hd":false},{"ty":"tr","p":{"a":0,"k":[0,0],"ix":2},"a":{"a":0,"k":[0,0],"ix":1},"s":{"a":0,"k":[500,500],"ix":3},"r":{"a":0,"k":0,"ix":6},"o":{"a":0,"k":100,"ix":7},"sk":{"a":0,"k":0,"ix":4},"sa":{"a":0,"k":0,"ix":5},"nm":"Transform"}],"nm":"Path","np":2,"cix":2,"ix":1,"mn":"ADBE Vector Group","hd":false},{"ty":"tm","s":{"a":0,"k":0,"ix":1},"e":{"a":1,"k":[{"i":{"x":[0.31],"y":[1]},"o":{"x":[0.167],"y":[0.172]},"n":["0p31_1_0p167_0p172"],"t":0,"s":[0],"e":[100]},{"t":31.0000012626559}],"ix":2},"o":{"a":0,"k":0,"ix":3},"m":1,"ix":2,"nm":"Trim Paths 1","mn":"ADBE Vector Filter - Trim","hd":false}],"ip":0,"op":141.000005743048,"st":0,"bm":0},{"ddd":0,"ind":4,"ty":4,"nm":"Path","parent":1,"sr":1,"ks":{"o":{"a":0,"k":100,"ix":11},"r":{"a":0,"k":0,"ix":10},"p":{"a":0,"k":[0,2.475,0],"ix":2},"a":{"a":0,"k":[0,0,0],"ix":1},"s":{"a":0,"k":[100,100,100],"ix":6}},"ao":0,"shapes":[{"ty":"gr","it":[{"ind":0,"ty":"sh","ix":1,"ks":{"a":0,"k":{"i":[[0,0],[-1.22,0],[-1.25,0],[-1.26,0],[-1.18,0.05]],"o":[[1.17,0.05],[1.25,0],[1.25,0],[1.23,0],[0,0]],"v":[[-4.92,-0.635],[-2.51,0.635],[-0.01,-0.635],[2.5,0.635],[4.92,-0.635]],"c":false},"ix":2},"nm":"Path 1","mn":"ADBE Vector Shape - Group","hd":false},{"ty":"st","c":{"a":0,"k":[0,0,0,1],"ix":3},"o":{"a":0,"k":100,"ix":4},"w":{"a":0,"k":1,"ix":5},"lc":2,"lj":2,"nm":"Stroke 1","mn":"ADBE Vector Graphic - Stroke","hd":false},{"ty":"tr","p":{"a":0,"k":[0,0],"ix":2},"a":{"a":0,"k":[0,0],"ix":1},"s":{"a":0,"k":[500,500],"ix":3},"r":{"a":0,"k":0,"ix":6},"o":{"a":0,"k":100,"ix":7},"sk":{"a":0,"k":0,"ix":4},"sa":{"a":0,"k":0,"ix":5},"nm":"Transform"}],"nm":"Path","np":2,"cix":2,"ix":1,"mn":"ADBE Vector Group","hd":false},{"ty":"tm","s":{"a":0,"k":0,"ix":1},"e":{"a":1,"k":[{"i":{"x":[0.31],"y":[1]},"o":{"x":[0.167],"y":[0.172]},"n":["0p31_1_0p167_0p172"],"t":0,"s":[0],"e":[100]},{"t":31.0000012626559}],"ix":2},"o":{"a":0,"k":0,"ix":3},"m":1,"ix":2,"nm":"Trim Paths 1","mn":"ADBE Vector Filter - Trim","hd":false}],"ip":0,"op":141.000005743048,"st":0,"bm":0},{"ddd":0,"ind":5,"ty":4,"nm":"Path","parent":1,"sr":1,"ks":{"o":{"a":0,"k":100,"ix":11},"r":{"a":0,"k":0,"ix":10},"p":{"a":0,"k":[0,0,0],"ix":2},"a":{"a":0,"k":[0,0,0],"ix":1},"s":{"a":0,"k":[100,100,100],"ix":6}},"ao":0,"shapes":[{"ty":"gr","it":[{"ind":0,"ty":"sh","ix":1,"ks":{"a":0,"k":{"i":[[0,-4.14],[2.76,0],[0,4.14],[-2.76,0]],"o":[[0,4.14],[-2.76,0],[0,-4.14],[2.76,0]],"v":[[5,1.25],[0,7.5],[-5,1.25],[0,-7.5]],"c":true},"ix":2},"nm":"Path 1","mn":"ADBE Vector Shape - Group","hd":false},{"ty":"fl","c":{"a":0,"k":[0.952941000462,0.615685999393,0.666666984558,1],"ix":4},"o":{"a":0,"k":100,"ix":5},"r":1,"nm":"Fill 1","mn":"ADBE Vector Graphic - Fill","hd":false},{"ty":"tr","p":{"a":0,"k":[0,0],"ix":2},"a":{"a":0,"k":[0,0],"ix":1},"s":{"a":0,"k":[500,500],"ix":3},"r":{"a":0,"k":0,"ix":6},"o":{"a":0,"k":100,"ix":7},"sk":{"a":0,"k":0,"ix":4},"sa":{"a":0,"k":0,"ix":5},"nm":"Transform"}],"nm":"Path","np":2,"cix":2,"ix":1,"mn":"ADBE Vector Group","hd":false}],"ip":0,"op":141.000005743048,"st":0,"bm":0},{"ddd":0,"ind":6,"ty":4,"nm":"Path","sr":1,"ks":{"o":{"a":0,"k":100,"ix":11},"r":{"a":0,"k":0,"ix":10},"p":{"a":1,"k":[{"i":{"x":0.328,"y":0.959},"o":{"x":0.176,"y":0.085},"n":"0p328_0p959_0p176_0p085","t":4,"s":[44.18,202.55,0],"e":[44.18,64.17,0],"to":[0,-22.035961151123,0],"ti":[0,23.5828990936279,0]},{"i":{"x":0.692,"y":0.974},"o":{"x":0.322,"y":0.31},"n":"0p692_0p974_0p322_0p31","t":13,"s":[44.18,64.17,0],"e":[44.18,72.9,0],"to":[0,-0.25739786028862,0],"ti":[0,-0.19017021358013,0]},{"i":{"x":0.668,"y":1},"o":{"x":0.331,"y":0.058},"n":"0p668_1_0p331_0p058","t":22,"s":[44.18,72.9,0],"e":[44.18,68.75,0],"to":[0,0.05442003533244,0],"ti":[0,0,0]},{"i":{"x":0.668,"y":0.668},"o":{"x":0.167,"y":0.167},"n":"0p668_0p668_0p167_0p167","t":31,"s":[44.18,68.75,0],"e":[44.18,68.75,0],"to":[0,0,0],"ti":[0,0,0]},{"i":{"x":0.604,"y":0.701},"o":{"x":0.172,"y":0},"n":"0p604_0p701_0p172_0","t":94,"s":[44.18,68.75,0],"e":[44.18,91.692,0],"to":[0,0,0],"ti":[0,0,0]},{"i":{"x":0.696,"y":1},"o":{"x":0.156,"y":1},"n":"0p696_1_0p156_1","t":100,"s":[44.18,91.692,0],"e":[44.18,95.75,0],"to":[0,0,0],"ti":[0,0,0]},{"i":{"x":0.696,"y":0.696},"o":{"x":0.167,"y":0.167},"n":"0p696_0p696_0p167_0p167","t":109,"s":[44.18,95.75,0],"e":[44.18,95.75,0],"to":[0,0,0],"ti":[0,0,0]},{"i":{"x":0.613,"y":0.719},"o":{"x":0.169,"y":0},"n":"0p613_0p719_0p169_0","t":111,"s":[44.18,95.75,0],"e":[44.18,-78.803,0],"to":[0,0,0],"ti":[0,0,0]},{"i":{"x":0.709,"y":1},"o":{"x":0.154,"y":1},"n":"0p709_1_0p154_1","t":122,"s":[44.18,-78.803,0],"e":[44.18,-112.45,0],"to":[0,0,0],"ti":[0,0,0]},{"t":141.000005743048}],"ix":2},"a":{"a":0,"k":[0,0,0],"ix":1},"s":{"a":0,"k":[60,60,100],"ix":6}},"ao":0,"shapes":[{"ty":"gr","it":[{"ind":0,"ty":"sh","ix":1,"ks":{"a":0,"k":{"i":[[1.31,0],[0,-3.73],[-2.49,0],[-0.82,1.34],[1.89,3.93]],"o":[[-2.49,0],[0,3.72],[1.48,0],[0,0],[-0.972,-2.022]],"v":[[0.44,-6.75],[-4.06,1.13],[0.44,6.75],[4.06,4.73],[3.75,-3.97]],"c":true},"ix":2},"nm":"Path 1","mn":"ADBE Vector Shape - Group","hd":false},{"ty":"st","c":{"a":0,"k":[0,0,0,1],"ix":3},"o":{"a":0,"k":100,"ix":4},"w":{"a":0,"k":1,"ix":5},"lc":2,"lj":2,"nm":"Stroke 1","mn":"ADBE Vector Graphic - Stroke","hd":false},{"ty":"tr","p":{"a":0,"k":[0,0],"ix":2},"a":{"a":0,"k":[0,0],"ix":1},"s":{"a":0,"k":[500,500],"ix":3},"r":{"a":0,"k":0,"ix":6},"o":{"a":0,"k":100,"ix":7},"sk":{"a":0,"k":0,"ix":4},"sa":{"a":0,"k":0,"ix":5},"nm":"Transform"}],"nm":"Path","np":2,"cix":2,"ix":1,"mn":"ADBE Vector Group","hd":false}],"ip":0,"op":141.000005743048,"st":0,"bm":0},{"ddd":0,"ind":7,"ty":4,"nm":"Path","parent":6,"sr":1,"ks":{"o":{"a":0,"k":100,"ix":11},"r":{"a":0,"k":0,"ix":10},"p":{"a":0,"k":[-2.275,0.625,0],"ix":2},"a":{"a":0,"k":[0,0,0],"ix":1},"s":{"a":0,"k":[100,100,100],"ix":6}},"ao":0,"shapes":[{"ty":"gr","it":[{"ind":0,"ty":"sh","ix":1,"ks":{"a":0,"k":{"i":[[0,0],[0,0],[0,0],[0,0],[0,0],[0,0]],"o":[[0,0],[0,0],[0,0],[0,0],[0,0],[0,0]],"v":[[5.045,0.235],[3.455,-0.875],[1.705,0.875],[-0.045,-0.875],[-1.795,0.875],[-3.455,-0.785]],"c":false},"ix":2},"nm":"Path 1","mn":"ADBE Vector Shape - Group","hd":false},{"ty":"st","c":{"a":0,"k":[0,0,0,1],"ix":3},"o":{"a":0,"k":100,"ix":4},"w":{"a":0,"k":1,"ix":5},"lc":2,"lj":2,"nm":"Stroke 1","mn":"ADBE Vector Graphic - Stroke","hd":false},{"ty":"tr","p":{"a":0,"k":[0,0],"ix":2},"a":{"a":0,"k":[0,0],"ix":1},"s":{"a":0,"k":[500,500],"ix":3},"r":{"a":0,"k":0,"ix":6},"o":{"a":0,"k":100,"ix":7},"sk":{"a":0,"k":0,"ix":4},"sa":{"a":0,"k":0,"ix":5},"nm":"Transform"}],"nm":"Path","np":2,"cix":2,"ix":1,"mn":"ADBE Vector Group","hd":false},{"ty":"tm","s":{"a":0,"k":0,"ix":1},"e":{"a":1,"k":[{"i":{"x":[0.31],"y":[1]},"o":{"x":[0.167],"y":[0.172]},"n":["0p31_1_0p167_0p172"],"t":0,"s":[0],"e":[100]},{"t":31.0000012626559}],"ix":2},"o":{"a":0,"k":0,"ix":3},"m":1,"ix":2,"nm":"Trim Paths 1","mn":"ADBE Vector Filter - Trim","hd":false}],"ip":0,"op":141.000005743048,"st":0,"bm":0},{"ddd":0,"ind":8,"ty":4,"nm":"Path","parent":6,"sr":1,"ks":{"o":{"a":0,"k":100,"ix":11},"r":{"a":0,"k":0,"ix":10},"p":{"a":0,"k":[-6.525,0.05,0],"ix":2},"a":{"a":0,"k":[0,0,0],"ix":1},"s":{"a":0,"k":[100,100,100],"ix":6}},"ao":0,"shapes":[{"ty":"gr","it":[{"ind":0,"ty":"sh","ix":1,"ks":{"a":0,"k":{"i":[[0,3.21],[-2,0.91],[0.34,0],[0,-3.73],[-2.49,0],[-0.32,0.07]],"o":[[0,-3.21],[-0.32,-0.15],[-2.49,0],[0,3.73],[0.35,0],[-2.01,-0.46]],"v":[[-0.755,1.12],[2.745,-6.52],[1.745,-6.75],[-2.755,1.13],[1.745,6.75],[2.755,6.64]],"c":true},"ix":2},"nm":"Path 1","mn":"ADBE Vector Shape - Group","hd":false},{"ty":"fl","c":{"a":0,"k":[0.984314024448,0.737254977226,0.262744992971,1],"ix":4},"o":{"a":0,"k":100,"ix":5},"r":1,"nm":"Fill 1","mn":"ADBE Vector Graphic - Fill","hd":false},{"ty":"tr","p":{"a":0,"k":[0,0],"ix":2},"a":{"a":0,"k":[0,0],"ix":1},"s":{"a":0,"k":[500,500],"ix":3},"r":{"a":0,"k":0,"ix":6},"o":{"a":0,"k":100,"ix":7},"sk":{"a":0,"k":0,"ix":4},"sa":{"a":0,"k":0,"ix":5},"nm":"Transform"}],"nm":"Path","np":2,"cix":2,"ix":1,"mn":"ADBE Vector Group","hd":false}],"ip":0,"op":141.000005743048,"st":0,"bm":0},{"ddd":0,"ind":9,"ty":4,"nm":"Path","parent":6,"sr":1,"ks":{"o":{"a":0,"k":100,"ix":11},"r":{"a":0,"k":0,"ix":10},"p":{"a":0,"k":[0,0,0],"ix":2},"a":{"a":0,"k":[0,0,0],"ix":1},"s":{"a":0,"k":[100,100,100],"ix":6}},"ao":0,"shapes":[{"ty":"gr","it":[{"ind":0,"ty":"sh","ix":1,"ks":{"a":0,"k":{"i":[[0,0],[1.48,0],[0,3.72],[-2.49,0],[-0.82,-1.63],[0,-1.51],[0.48,-1.12]],"o":[[-0.82,1.34],[-2.49,0],[0,-3.73],[1.31,0],[0.54,1.43],[0,1.8],[0,0]],"v":[[4.06,4.73],[0.44,6.75],[-4.06,1.13],[0.44,-6.75],[3.75,-3.97],[4.54,0.55],[4.06,4.73]],"c":false},"ix":2},"nm":"Path 1","mn":"ADBE Vector Shape - Group","hd":false},{"ty":"fl","c":{"a":0,"k":[0.952941000462,0.576470971107,0.145098000765,1],"ix":4},"o":{"a":0,"k":100,"ix":5},"r":1,"nm":"Fill 1","mn":"ADBE Vector Graphic - Fill","hd":false},{"ty":"tr","p":{"a":0,"k":[0,0],"ix":2},"a":{"a":0,"k":[0,0],"ix":1},"s":{"a":0,"k":[500,500],"ix":3},"r":{"a":0,"k":0,"ix":6},"o":{"a":0,"k":100,"ix":7},"sk":{"a":0,"k":0,"ix":4},"sa":{"a":0,"k":0,"ix":5},"nm":"Transform"}],"nm":"Path","np":2,"cix":2,"ix":1,"mn":"ADBE Vector Group","hd":false}],"ip":0,"op":141.000005743048,"st":0,"bm":0},{"ddd":0,"ind":10,"ty":4,"nm":"Path","sr":1,"ks":{"o":{"a":0,"k":100,"ix":11},"r":{"a":0,"k":0,"ix":10},"p":{"a":1,"k":[{"i":{"x":0.328,"y":0.959},"o":{"x":0.176,"y":0.085},"n":"0p328_0p959_0p176_0p085","t":4,"s":[93.185,202.925,0],"e":[93.185,64.545,0],"to":[0,-22.035961151123,0],"ti":[0,23.5828990936279,0]},{"i":{"x":0.689,"y":0.974},"o":{"x":0.322,"y":0.31},"n":"0p689_0p974_0p322_0p31","t":13,"s":[93.185,64.545,0],"e":[93.185,73.275,0],"to":[0,-0.25739786028862,0],"ti":[0,-0.14997711777687,0]},{"i":{"x":0.67,"y":1},"o":{"x":0.331,"y":0.058},"n":"0p67_1_0p331_0p058","t":22,"s":[93.185,73.275,0],"e":[93.185,69.125,0],"to":[0,0.05442003533244,0],"ti":[0,0,0]},{"i":{"x":0.67,"y":0.67},"o":{"x":0.167,"y":0.167},"n":"0p67_0p67_0p167_0p167","t":31,"s":[93.185,69.125,0],"e":[93.185,69.125,0],"to":[0,0,0],"ti":[0,0,0]},{"i":{"x":0.604,"y":0.701},"o":{"x":0.172,"y":0},"n":"0p604_0p701_0p172_0","t":94,"s":[93.185,69.125,0],"e":[93.185,92.052,0],"to":[0,0,0],"ti":[0,0,0]},{"i":{"x":0.696,"y":1},"o":{"x":0.157,"y":1},"n":"0p696_1_0p157_1","t":100,"s":[93.185,92.052,0],"e":[93.185,96.125,0],"to":[0,0,0],"ti":[0,0,0]},{"i":{"x":0.696,"y":0.696},"o":{"x":0.167,"y":0.167},"n":"0p696_0p696_0p167_0p167","t":109,"s":[93.185,96.125,0],"e":[93.185,96.125,0],"to":[0,0,0],"ti":[0,0,0]},{"i":{"x":0.613,"y":0.719},"o":{"x":0.169,"y":0},"n":"0p613_0p719_0p169_0","t":111,"s":[93.185,96.125,0],"e":[93.185,-78.372,0],"to":[0,0,0],"ti":[0,0,0]},{"i":{"x":0.709,"y":1},"o":{"x":0.154,"y":1},"n":"0p709_1_0p154_1","t":122,"s":[93.185,-78.372,0],"e":[93.185,-112.075,0],"to":[0,0,0],"ti":[0,0,0]},{"t":141.000005743048}],"ix":2},"a":{"a":0,"k":[0,0,0],"ix":1},"s":{"a":0,"k":[60,60,100],"ix":6}},"ao":0,"shapes":[{"ty":"gr","it":[{"ind":0,"ty":"sh","ix":1,"ks":{"a":0,"k":{"i":[[0,0],[0,0],[0,0],[0,0],[0,0],[0,0]],"o":[[0,0],[0,0],[0,0],[0,0],[0,0],[0,0]],"v":[[-5.145,0.035],[-3.455,-0.875],[-1.705,0.875],[0.045,-0.875],[1.795,0.875],[3.455,-0.785]],"c":false},"ix":2},"nm":"Path 1","mn":"ADBE Vector Shape - Group","hd":false},{"ty":"st","c":{"a":0,"k":[0,0,0,1],"ix":3},"o":{"a":0,"k":100,"ix":4},"w":{"a":0,"k":1,"ix":5},"lc":2,"lj":2,"nm":"Stroke 1","mn":"ADBE Vector Graphic - Stroke","hd":false},{"ty":"tr","p":{"a":0,"k":[0,0],"ix":2},"a":{"a":0,"k":[0,0],"ix":1},"s":{"a":0,"k":[500,500],"ix":3},"r":{"a":0,"k":0,"ix":6},"o":{"a":0,"k":100,"ix":7},"sk":{"a":0,"k":0,"ix":4},"sa":{"a":0,"k":0,"ix":5},"nm":"Transform"}],"nm":"Path","np":2,"cix":2,"ix":1,"mn":"ADBE Vector Group","hd":false},{"ty":"tm","s":{"a":0,"k":0,"ix":1},"e":{"a":1,"k":[{"i":{"x":[0.31],"y":[1]},"o":{"x":[0.167],"y":[0.172]},"n":["0p31_1_0p167_0p172"],"t":0,"s":[0],"e":[100]},{"t":31.0000012626559}],"ix":2},"o":{"a":0,"k":0,"ix":3},"m":1,"ix":2,"nm":"Trim Paths 1","mn":"ADBE Vector Filter - Trim","hd":false}],"ip":0,"op":141.000005743048,"st":0,"bm":0},{"ddd":0,"ind":11,"ty":4,"nm":"Path","parent":10,"sr":1,"ks":{"o":{"a":0,"k":100,"ix":11},"r":{"a":0,"k":0,"ix":10},"p":{"a":0,"k":[-2.275,-0.625,0],"ix":2},"a":{"a":0,"k":[0,0,0],"ix":1},"s":{"a":0,"k":[100,100,100],"ix":6}},"ao":0,"shapes":[{"ty":"gr","it":[{"ind":0,"ty":"sh","ix":1,"ks":{"a":0,"k":{"i":[[2.49,0],[0.82,-1.63],[-1.98,-4.87],[-1.48,0],[0,3.72]],"o":[[-1.31,0],[0,0],[0.343,0.844],[2.49,0],[0,-3.73]],"v":[[-0.44,-6.75],[-3.75,-3.97],[-4.06,4.73],[-0.44,6.75],[4.06,1.13]],"c":true},"ix":2},"nm":"Path 1","mn":"ADBE Vector Shape - Group","hd":false},{"ty":"st","c":{"a":0,"k":[0,0,0,1],"ix":3},"o":{"a":0,"k":100,"ix":4},"w":{"a":0,"k":1,"ix":5},"lc":2,"lj":2,"nm":"Stroke 1","mn":"ADBE Vector Graphic - Stroke","hd":false},{"ty":"tr","p":{"a":0,"k":[0,0],"ix":2},"a":{"a":0,"k":[0,0],"ix":1},"s":{"a":0,"k":[500,500],"ix":3},"r":{"a":0,"k":0,"ix":6},"o":{"a":0,"k":100,"ix":7},"sk":{"a":0,"k":0,"ix":4},"sa":{"a":0,"k":0,"ix":5},"nm":"Transform"}],"nm":"Path","np":2,"cix":2,"ix":1,"mn":"ADBE Vector Group","hd":false}],"ip":0,"op":141.000005743048,"st":0,"bm":0},{"ddd":0,"ind":12,"ty":4,"nm":"Path","parent":10,"sr":1,"ks":{"o":{"a":0,"k":100,"ix":11},"r":{"a":0,"k":0,"ix":10},"p":{"a":0,"k":[4.25,-0.65,0],"ix":2},"a":{"a":0,"k":[0,0,0],"ix":1},"s":{"a":0,"k":[100,100,100],"ix":6}},"ao":0,"shapes":[{"ty":"gr","it":[{"ind":0,"ty":"sh","ix":1,"ks":{"a":0,"k":{"i":[[2.49,0],[0.32,-0.15],[0,-3.21],[2.01,-0.45],[-0.35,0],[0,3.72]],"o":[[-0.35,0],[2,0.91],[0,3.22],[0.33,0.07],[2.49,0],[0,-3.72]],"v":[[-1.745,-6.745],[-2.745,-6.515],[0.755,1.125],[-2.755,6.635],[-1.745,6.745],[2.755,1.125]],"c":true},"ix":2},"nm":"Path 1","mn":"ADBE Vector Shape - Group","hd":false},{"ty":"fl","c":{"a":0,"k":[0.545098006725,0.701960980892,0.11372499913,1],"ix":4},"o":{"a":0,"k":100,"ix":5},"r":1,"nm":"Fill 1","mn":"ADBE Vector Graphic - Fill","hd":false},{"ty":"tr","p":{"a":0,"k":[0,0],"ix":2},"a":{"a":0,"k":[0,0],"ix":1},"s":{"a":0,"k":[500,500],"ix":3},"r":{"a":0,"k":0,"ix":6},"o":{"a":0,"k":100,"ix":7},"sk":{"a":0,"k":0,"ix":4},"sa":{"a":0,"k":0,"ix":5},"nm":"Transform"}],"nm":"Path","np":2,"cix":2,"ix":1,"mn":"ADBE Vector Group","hd":false}],"ip":0,"op":141.000005743048,"st":0,"bm":0},{"ddd":0,"ind":13,"ty":4,"nm":"Path","parent":10,"sr":1,"ks":{"o":{"a":0,"k":100,"ix":11},"r":{"a":0,"k":0,"ix":10},"p":{"a":0,"k":[-2.275,-0.625,0],"ix":2},"a":{"a":0,"k":[0,0,0],"ix":1},"s":{"a":0,"k":[100,100,100],"ix":6}},"ao":0,"shapes":[{"ty":"gr","it":[{"ind":0,"ty":"sh","ix":1,"ks":{"a":0,"k":{"i":[[0,0],[0,-1.51],[-0.08,-1.17],[0,0],[-1.48,0],[0,3.72],[2.49,0],[0.82,-1.63]],"o":[[-0.39,1.43],[0,1.79],[0,0],[0.82,1.34],[2.49,0],[0,-3.73],[-1.31,0],[0,0]],"v":[[-3.75,-3.97],[-4.49,0.55],[-4.06,4.73],[-4.06,4.73],[-0.44,6.75],[4.06,1.13],[-0.44,-6.75],[-3.75,-3.97]],"c":false},"ix":2},"nm":"Path 1","mn":"ADBE Vector Shape - Group","hd":false},{"ty":"fl","c":{"a":0,"k":[0.686275005341,0.796078026295,0.215685993433,1],"ix":4},"o":{"a":0,"k":100,"ix":5},"r":1,"nm":"Fill 1","mn":"ADBE Vector Graphic - Fill","hd":false},{"ty":"tr","p":{"a":0,"k":[0,0],"ix":2},"a":{"a":0,"k":[0,0],"ix":1},"s":{"a":0,"k":[500,500],"ix":3},"r":{"a":0,"k":0,"ix":6},"o":{"a":0,"k":100,"ix":7},"sk":{"a":0,"k":0,"ix":4},"sa":{"a":0,"k":0,"ix":5},"nm":"Transform"}],"nm":"Path","np":2,"cix":2,"ix":1,"mn":"ADBE Vector Group","hd":false}],"ip":0,"op":141.000005743048,"st":0,"bm":0}],"markers":[]}