{"v":"5.3.4","fr":29.9700012207031,"ip":0,"op":121.000004928431,"w":136,"h":136,"nm":"16_Exchange1","ddd":0,"assets":[],"layers":[{"ddd":0,"ind":1,"ty":4,"nm":"Stroke 7","parent":2,"sr":1,"ks":{"o":{"a":0,"k":100,"ix":11},"r":{"a":0,"k":0,"ix":10},"p":{"a":1,"k":[{"i":{"x":0.478,"y":0.946},"o":{"x":0.2,"y":0.028},"n":"0p478_0p946_0p2_0p028","t":0,"s":[0,-5,0],"e":[0,88.757,0],"to":[0,6.90390014648438,0],"ti":[0,-12.7905282974243,0]},{"i":{"x":0.618,"y":1},"o":{"x":0.287,"y":0.173},"n":"0p618_1_0p287_0p173","t":8,"s":[0,88.757,0],"e":[0,45,0],"to":[0,2.64824295043945,0],"ti":[0,0,0]},{"i":{"x":0.42,"y":0.42},"o":{"x":0.167,"y":0.167},"n":"0p42_0p42_0p167_0p167","t":30,"s":[0,45,0],"e":[0,45,0],"to":[0,0,0],"ti":[0,0,0]},{"i":{"x":0.617,"y":0.766},"o":{"x":0.209,"y":0},"n":"0p617_0p766_0p209_0","t":80,"s":[0,45,0],"e":[0,71.577,0],"to":[0,0,0],"ti":[0,0,0]},{"i":{"x":0.708,"y":1},"o":{"x":0.346,"y":1},"n":"0p708_1_0p346_1","t":86,"s":[0,71.577,0],"e":[0,80,0],"to":[0,0,0],"ti":[0,0,0]},{"t":95.0000038694293}],"ix":2},"a":{"a":0,"k":[0,0,0],"ix":1},"s":{"a":0,"k":[100,100,100],"ix":6}},"ao":0,"shapes":[{"ty":"gr","it":[{"ind":0,"ty":"sh","ix":1,"ks":{"a":0,"k":{"i":[[0,0],[0,0],[0,0]],"o":[[0,0],[0,0],[0,0]],"v":[[6,-3],[0,3],[-6,-3]],"c":false},"ix":2},"nm":"Path 1","mn":"ADBE Vector Shape - Group","hd":false},{"ty":"st","c":{"a":0,"k":[0.113609999418,0.112988002598,0.1074699983,1],"ix":3},"o":{"a":0,"k":100,"ix":4},"w":{"a":0,"k":1,"ix":5},"lc":2,"lj":2,"nm":"Stroke 1","mn":"ADBE Vector Graphic - Stroke","hd":false},{"ty":"tr","p":{"a":0,"k":[0,0],"ix":2},"a":{"a":0,"k":[0,0],"ix":1},"s":{"a":0,"k":[500,500],"ix":3},"r":{"a":0,"k":0,"ix":6},"o":{"a":0,"k":100,"ix":7},"sk":{"a":0,"k":0,"ix":4},"sa":{"a":0,"k":0,"ix":5},"nm":"Transform"}],"nm":"Stroke 7","np":2,"cix":2,"ix":1,"mn":"ADBE Vector Group","hd":false}],"ip":0,"op":121.000004928431,"st":0,"bm":0},{"ddd":0,"ind":2,"ty":4,"nm":"Stroke 5","sr":1,"ks":{"o":{"a":0,"k":100,"ix":11},"r":{"a":0,"k":0,"ix":10},"p":{"a":1,"k":[{"i":{"x":0.465,"y":0.788},"o":{"x":0.192,"y":0.133},"n":"0p465_0p788_0p192_0p133","t":0,"s":[86,-172,0],"e":[86,78.381,0],"to":[0,35.1085243225098,0],"ti":[0,-57.7183036804199,0]},{"i":{"x":0.598,"y":0.948},"o":{"x":0.17,"y":0.614},"n":"0p598_0p948_0p17_0p614","t":13,"s":[86,78.381,0],"e":[86,62.35,0],"to":[0,7.16682100296021,0],"ti":[0,2.49108839035034,0]},{"i":{"x":0.704,"y":1},"o":{"x":0.357,"y":0.137},"n":"0p704_1_0p357_0p137","t":22,"s":[86,62.35,0],"e":[86,68,0],"to":[0,-0.2345335483551,0],"ti":[0,0,0]},{"i":{"x":0.42,"y":0.42},"o":{"x":0.167,"y":0.167},"n":"0p42_0p42_0p167_0p167","t":30,"s":[86,68,0],"e":[86,68,0],"to":[0,0,0],"ti":[0,0,0]},{"i":{"x":0.617,"y":0.766},"o":{"x":0.209,"y":0},"n":"0p617_0p766_0p209_0","t":80,"s":[86,68,0],"e":[86,56.61,0],"to":[0,0,0],"ti":[0,0,0]},{"i":{"x":0.708,"y":1},"o":{"x":0.347,"y":1},"n":"0p708_1_0p347_1","t":86,"s":[86,56.61,0],"e":[86,53,0],"to":[0,0,0],"ti":[0,0,0]},{"i":{"x":0.449,"y":0.82},"o":{"x":0.183,"y":0},"n":"0p449_0p82_0p183_0","t":95,"s":[86,53,0],"e":[86,195.472,0],"to":[0,0,0],"ti":[0,0,0]},{"i":{"x":0.643,"y":1},"o":{"x":0.091,"y":1},"n":"0p643_1_0p091_1","t":104,"s":[86,195.472,0],"e":[86,203,0],"to":[0,0,0],"ti":[0,0,0]},{"t":120.0000048877}],"ix":2},"a":{"a":0,"k":[0,0,0],"ix":1},"s":{"a":0,"k":[60,60,100],"ix":6}},"ao":0,"shapes":[{"ty":"gr","it":[{"ind":0,"ty":"sh","ix":1,"ks":{"a":0,"k":{"i":[[0,0],[0,0]],"o":[[0,0],[0,0]],"v":[[0,12],[0,-12]],"c":false},"ix":2},"nm":"Path 1","mn":"ADBE Vector Shape - Group","hd":false},{"ty":"st","c":{"a":0,"k":[0.113609999418,0.112988002598,0.1074699983,1],"ix":3},"o":{"a":0,"k":100,"ix":4},"w":{"a":0,"k":1,"ix":5},"lc":2,"lj":2,"nm":"Stroke 1","mn":"ADBE Vector Graphic - Stroke","hd":false},{"ty":"tr","p":{"a":0,"k":[0,0],"ix":2},"a":{"a":0,"k":[0,0],"ix":1},"s":{"a":0,"k":[500,500],"ix":3},"r":{"a":0,"k":0,"ix":6},"o":{"a":0,"k":100,"ix":7},"sk":{"a":0,"k":0,"ix":4},"sa":{"a":0,"k":0,"ix":5},"nm":"Transform"}],"nm":"Stroke 5","np":2,"cix":2,"ix":1,"mn":"ADBE Vector Group","hd":false}],"ip":0,"op":121.000004928431,"st":0,"bm":0},{"ddd":0,"ind":3,"ty":4,"nm":"Stroke 3","parent":4,"sr":1,"ks":{"o":{"a":0,"k":100,"ix":11},"r":{"a":0,"k":0,"ix":10},"p":{"a":1,"k":[{"i":{"x":0.478,"y":0.946},"o":{"x":0.2,"y":0.028},"n":"0p478_0p946_0p2_0p028","t":0,"s":[0,5,0],"e":[0,-88.757,0],"to":[0,-6.90390014648438,0],"ti":[0,12.7905282974243,0]},{"i":{"x":0.656,"y":1},"o":{"x":0.297,"y":0.179},"n":"0p656_1_0p297_0p179","t":8,"s":[0,-88.757,0],"e":[0,-45,0],"to":[0,-2.09558272361755,0],"ti":[0,0,0]},{"i":{"x":0.42,"y":0.42},"o":{"x":0.167,"y":0.167},"n":"0p42_0p42_0p167_0p167","t":30,"s":[0,-45,0],"e":[0,-45,0],"to":[0,0,0],"ti":[0,0,0]},{"i":{"x":0.617,"y":0.766},"o":{"x":0.209,"y":0},"n":"0p617_0p766_0p209_0","t":80,"s":[0,-45,0],"e":[0,-71.577,0],"to":[0,0,0],"ti":[0,0,0]},{"i":{"x":0.708,"y":1},"o":{"x":0.346,"y":1},"n":"0p708_1_0p346_1","t":86,"s":[0,-71.577,0],"e":[0,-80,0],"to":[0,0,0],"ti":[0,0,0]},{"t":95.0000038694293}],"ix":2},"a":{"a":0,"k":[0,0,0],"ix":1},"s":{"a":0,"k":[100,100,100],"ix":6}},"ao":0,"shapes":[{"ty":"gr","it":[{"ind":0,"ty":"sh","ix":1,"ks":{"a":0,"k":{"i":[[0,0],[0,0],[0,0]],"o":[[0,0],[0,0],[0,0]],"v":[[6,3],[0,-3],[-6,3]],"c":false},"ix":2},"nm":"Path 1","mn":"ADBE Vector Shape - Group","hd":false},{"ty":"st","c":{"a":0,"k":[0.113609999418,0.112988002598,0.1074699983,1],"ix":3},"o":{"a":0,"k":100,"ix":4},"w":{"a":0,"k":1,"ix":5},"lc":2,"lj":2,"nm":"Stroke 1","mn":"ADBE Vector Graphic - Stroke","hd":false},{"ty":"tr","p":{"a":0,"k":[0,0],"ix":2},"a":{"a":0,"k":[0,0],"ix":1},"s":{"a":0,"k":[500,500],"ix":3},"r":{"a":0,"k":0,"ix":6},"o":{"a":0,"k":100,"ix":7},"sk":{"a":0,"k":0,"ix":4},"sa":{"a":0,"k":0,"ix":5},"nm":"Transform"}],"nm":"Stroke 3","np":2,"cix":2,"ix":1,"mn":"ADBE Vector Group","hd":false}],"ip":0,"op":121.000004928431,"st":0,"bm":0},{"ddd":0,"ind":4,"ty":4,"nm":"Stroke 1","sr":1,"ks":{"o":{"a":0,"k":100,"ix":11},"r":{"a":0,"k":0,"ix":10},"p":{"a":1,"k":[{"i":{"x":0.465,"y":0.788},"o":{"x":0.192,"y":0.133},"n":"0p465_0p788_0p192_0p133","t":0,"s":[50,308,0],"e":[50,57.619,0],"to":[0,-35.1085586547852,0],"ti":[0,57.7182197570801,0]},{"i":{"x":0.598,"y":0.948},"o":{"x":0.17,"y":0.614},"n":"0p598_0p948_0p17_0p614","t":13,"s":[50,57.619,0],"e":[50,73.65,0],"to":[0,-7.16674709320068,0],"ti":[0,-2.49110507965088,0]},{"i":{"x":0.704,"y":1},"o":{"x":0.357,"y":0.137},"n":"0p704_1_0p357_0p137","t":22,"s":[50,73.65,0],"e":[50,68,0],"to":[0,0.23453541100025,0],"ti":[0,0,0]},{"i":{"x":0.42,"y":0.42},"o":{"x":0.167,"y":0.167},"n":"0p42_0p42_0p167_0p167","t":30,"s":[50,68,0],"e":[50,68,0],"to":[0,0,0],"ti":[0,0,0]},{"i":{"x":0.617,"y":0.766},"o":{"x":0.209,"y":0},"n":"0p617_0p766_0p209_0","t":80,"s":[50,68,0],"e":[50,80.907,0],"to":[0,0,0],"ti":[0,0,0]},{"i":{"x":0.708,"y":1},"o":{"x":0.347,"y":1},"n":"0p708_1_0p347_1","t":86,"s":[50,80.907,0],"e":[50,85,0],"to":[0,0,0],"ti":[0,0,0]},{"i":{"x":0.449,"y":0.823},"o":{"x":0.183,"y":0},"n":"0p449_0p823_0p183_0","t":95,"s":[50,85,0],"e":[50,-59.472,0],"to":[0,0,0],"ti":[0,0,0]},{"i":{"x":0.643,"y":1},"o":{"x":0.091,"y":1},"n":"0p643_1_0p091_1","t":104,"s":[50,-59.472,0],"e":[50,-67,0],"to":[0,0,0],"ti":[0,0,0]},{"t":120.0000048877}],"ix":2},"a":{"a":0,"k":[0,0,0],"ix":1},"s":{"a":0,"k":[60,60,100],"ix":6}},"ao":0,"shapes":[{"ty":"gr","it":[{"ind":0,"ty":"sh","ix":1,"ks":{"a":0,"k":{"i":[[0,0],[0,0]],"o":[[0,0],[0,0]],"v":[[0,-12],[0,12]],"c":false},"ix":2},"nm":"Path 1","mn":"ADBE Vector Shape - Group","hd":false},{"ty":"st","c":{"a":0,"k":[0.113609999418,0.112988002598,0.1074699983,1],"ix":3},"o":{"a":0,"k":100,"ix":4},"w":{"a":0,"k":1,"ix":5},"lc":2,"lj":2,"nm":"Stroke 1","mn":"ADBE Vector Graphic - Stroke","hd":false},{"ty":"tr","p":{"a":0,"k":[0,0],"ix":2},"a":{"a":0,"k":[0,0],"ix":1},"s":{"a":0,"k":[500,500],"ix":3},"r":{"a":0,"k":0,"ix":6},"o":{"a":0,"k":100,"ix":7},"sk":{"a":0,"k":0,"ix":4},"sa":{"a":0,"k":0,"ix":5},"nm":"Transform"}],"nm":"Stroke 1","np":2,"cix":2,"ix":1,"mn":"ADBE Vector Group","hd":false}],"ip":0,"op":121.000004928431,"st":0,"bm":0}],"markers":[]}