{"v":"5.3.4","fr":29.9700012207031,"ip":0,"op":131.000005335739,"w":136,"h":136,"nm":"19_Expand2","ddd":0,"assets":[],"layers":[{"ddd":0,"ind":1,"ty":4,"nm":"Stroke 210","parent":2,"sr":1,"ks":{"o":{"a":0,"k":100,"ix":11},"r":{"a":0,"k":0,"ix":10},"p":{"a":0,"k":[-16.002,0,0],"ix":2},"a":{"a":0,"k":[0,0,0],"ix":1},"s":{"a":0,"k":[100,100,100],"ix":6}},"ao":0,"shapes":[{"ty":"gr","it":[{"ind":0,"ty":"sh","ix":1,"ks":{"a":0,"k":{"i":[[0,0],[0,0],[0,0]],"o":[[0,0],[0,0],[0,0]],"v":[[1.8,3.6],[-1.8,0.001],[1.8,-3.6]],"c":false},"ix":2},"nm":"Path 1","mn":"ADBE Vector Shape - Group","hd":false},{"ty":"st","c":{"a":0,"k":[0.113609999418,0.112988002598,0.1074699983,1],"ix":3},"o":{"a":0,"k":100,"ix":4},"w":{"a":0,"k":1,"ix":5},"lc":2,"lj":2,"nm":"Stroke 1","mn":"ADBE Vector Graphic - Stroke","hd":false},{"ty":"tr","p":{"a":0,"k":[0,0],"ix":2},"a":{"a":0,"k":[0,0],"ix":1},"s":{"a":0,"k":[500,500],"ix":3},"r":{"a":0,"k":0,"ix":6},"o":{"a":0,"k":100,"ix":7},"sk":{"a":0,"k":0,"ix":4},"sa":{"a":0,"k":0,"ix":5},"nm":"Transform"}],"nm":"Stroke 210","np":2,"cix":2,"ix":1,"mn":"ADBE Vector Group","hd":false}],"ip":0,"op":131.000005335739,"st":0,"bm":0},{"ddd":0,"ind":2,"ty":4,"nm":"Stroke 208","sr":1,"ks":{"o":{"a":0,"k":100,"ix":11},"r":{"a":0,"k":0,"ix":10},"p":{"a":0,"k":[62,68,0],"ix":2},"a":{"a":0,"k":[25,0,0],"ix":1},"s":{"a":1,"k":[{"i":{"x":[0.345,0.345,0.345],"y":[0.875,0.875,1]},"o":{"x":[0.256,0.256,0.256],"y":[0.11,0.11,0]},"n":["0p345_0p875_0p256_0p11","0p345_0p875_0p256_0p11","0p345_1_0p256_0"],"t":5,"s":[0,0,100],"e":[56.075,56.075,100]},{"i":{"x":[0.646,0.646,0.646],"y":[1,1,1]},"o":{"x":[0.278,0.278,0.278],"y":[1.132,1.132,0]},"n":["0p646_1_0p278_1p132","0p646_1_0p278_1p132","0p646_1_0p278_0"],"t":17,"s":[56.075,56.075,100],"e":[60,60,100]},{"i":{"x":[0.466,0.466,0.466],"y":[1,1,1]},"o":{"x":[0.184,0.184,0.184],"y":[0,0,0]},"n":["0p466_1_0p184_0","0p466_1_0p184_0","0p466_1_0p184_0"],"t":35,"s":[60,60,100],"e":[60,60,100]},{"i":{"x":[0.641,0.641,0.641],"y":[0.904,0.904,1]},"o":{"x":[0.416,0.416,0.416],"y":[0,0,0]},"n":["0p641_0p904_0p416_0","0p641_0p904_0p416_0","0p641_1_0p416_0"],"t":77,"s":[60,60,100],"e":[5.222,5.222,100]},{"i":{"x":[0.585,0.585,0.585],"y":[1,1,1]},"o":{"x":[0.265,0.265,0.265],"y":[1.117,1.117,0]},"n":["0p585_1_0p265_1p117","0p585_1_0p265_1p117","0p585_1_0p265_0"],"t":89,"s":[5.222,5.222,100],"e":[0,0,100]},{"t":107.000004358199}],"ix":6}},"ao":0,"shapes":[{"ty":"gr","it":[{"ind":0,"ty":"sh","ix":1,"ks":{"a":0,"k":{"i":[[0,0],[0,0]],"o":[[0,0],[0,0]],"v":[[-5,0],[5,0]],"c":false},"ix":2},"nm":"Path 1","mn":"ADBE Vector Shape - Group","hd":false},{"ty":"st","c":{"a":0,"k":[0.113609999418,0.112988002598,0.1074699983,1],"ix":3},"o":{"a":0,"k":100,"ix":4},"w":{"a":0,"k":1,"ix":5},"lc":2,"lj":2,"nm":"Stroke 1","mn":"ADBE Vector Graphic - Stroke","hd":false},{"ty":"tr","p":{"a":0,"k":[0,0],"ix":2},"a":{"a":0,"k":[0,0],"ix":1},"s":{"a":0,"k":[500,500],"ix":3},"r":{"a":0,"k":0,"ix":6},"o":{"a":0,"k":100,"ix":7},"sk":{"a":0,"k":0,"ix":4},"sa":{"a":0,"k":0,"ix":5},"nm":"Transform"}],"nm":"Stroke 208","np":2,"cix":2,"ix":1,"mn":"ADBE Vector Group","hd":false}],"ip":0,"op":131.000005335739,"st":0,"bm":0},{"ddd":0,"ind":3,"ty":4,"nm":"Stroke 206","parent":4,"sr":1,"ks":{"o":{"a":0,"k":100,"ix":11},"r":{"a":0,"k":0,"ix":10},"p":{"a":0,"k":[0.006,15.999,0],"ix":2},"a":{"a":0,"k":[0,0,0],"ix":1},"s":{"a":0,"k":[100,100,100],"ix":6}},"ao":0,"shapes":[{"ty":"gr","it":[{"ind":0,"ty":"sh","ix":1,"ks":{"a":0,"k":{"i":[[0,0],[0,0],[0,0]],"o":[[0,0],[0,0],[0,0]],"v":[[3.6,-1.801],[0,1.799],[-3.6,-1.801]],"c":false},"ix":2},"nm":"Path 1","mn":"ADBE Vector Shape - Group","hd":false},{"ty":"st","c":{"a":0,"k":[0.113609999418,0.112988002598,0.1074699983,1],"ix":3},"o":{"a":0,"k":100,"ix":4},"w":{"a":0,"k":1,"ix":5},"lc":2,"lj":2,"nm":"Stroke 1","mn":"ADBE Vector Graphic - Stroke","hd":false},{"ty":"tr","p":{"a":0,"k":[0,0],"ix":2},"a":{"a":0,"k":[0,0],"ix":1},"s":{"a":0,"k":[500,500],"ix":3},"r":{"a":0,"k":0,"ix":6},"o":{"a":0,"k":100,"ix":7},"sk":{"a":0,"k":0,"ix":4},"sa":{"a":0,"k":0,"ix":5},"nm":"Transform"}],"nm":"Stroke 206","np":2,"cix":2,"ix":1,"mn":"ADBE Vector Group","hd":false}],"ip":0,"op":131.000005335739,"st":0,"bm":0},{"ddd":0,"ind":4,"ty":4,"nm":"Stroke 204","sr":1,"ks":{"o":{"a":0,"k":100,"ix":11},"r":{"a":0,"k":0,"ix":10},"p":{"a":0,"k":[67.996,74,0],"ix":2},"a":{"a":0,"k":[0,-25,0],"ix":1},"s":{"a":1,"k":[{"i":{"x":[0.345,0.345,0.345],"y":[0.875,0.875,1]},"o":{"x":[0.256,0.256,0.256],"y":[0.11,0.11,0]},"n":["0p345_0p875_0p256_0p11","0p345_0p875_0p256_0p11","0p345_1_0p256_0"],"t":0,"s":[0,0,100],"e":[56.075,56.075,100]},{"i":{"x":[0.646,0.646,0.646],"y":[1,1,1]},"o":{"x":[0.278,0.278,0.278],"y":[1.132,1.132,0]},"n":["0p646_1_0p278_1p132","0p646_1_0p278_1p132","0p646_1_0p278_0"],"t":12,"s":[56.075,56.075,100],"e":[60,60,100]},{"i":{"x":[0.466,0.466,0.466],"y":[1,1,1]},"o":{"x":[0.184,0.184,0.184],"y":[0,0,0]},"n":["0p466_1_0p184_0","0p466_1_0p184_0","0p466_1_0p184_0"],"t":30,"s":[60,60,100],"e":[60,60,100]},{"i":{"x":[0.641,0.641,0.641],"y":[0.904,0.904,1]},"o":{"x":[0.416,0.416,0.416],"y":[0,0,0]},"n":["0p641_0p904_0p416_0","0p641_0p904_0p416_0","0p641_1_0p416_0"],"t":85,"s":[60,60,100],"e":[5.222,5.222,100]},{"i":{"x":[0.585,0.585,0.585],"y":[1,1,1]},"o":{"x":[0.265,0.265,0.265],"y":[1.117,1.117,0]},"n":["0p585_1_0p265_1p117","0p585_1_0p265_1p117","0p585_1_0p265_0"],"t":97,"s":[5.222,5.222,100],"e":[0,0,100]},{"t":115.000004684046}],"ix":6}},"ao":0,"shapes":[{"ty":"gr","it":[{"ind":0,"ty":"sh","ix":1,"ks":{"a":0,"k":{"i":[[0,0],[0,0]],"o":[[0,0],[0,0]],"v":[[0,5],[0,-5]],"c":false},"ix":2},"nm":"Path 1","mn":"ADBE Vector Shape - Group","hd":false},{"ty":"st","c":{"a":0,"k":[0.113609999418,0.112988002598,0.1074699983,1],"ix":3},"o":{"a":0,"k":100,"ix":4},"w":{"a":0,"k":1,"ix":5},"lc":2,"lj":2,"nm":"Stroke 1","mn":"ADBE Vector Graphic - Stroke","hd":false},{"ty":"tr","p":{"a":0,"k":[0,0],"ix":2},"a":{"a":0,"k":[0,0],"ix":1},"s":{"a":0,"k":[500,500],"ix":3},"r":{"a":0,"k":0,"ix":6},"o":{"a":0,"k":100,"ix":7},"sk":{"a":0,"k":0,"ix":4},"sa":{"a":0,"k":0,"ix":5},"nm":"Transform"}],"nm":"Stroke 204","np":2,"cix":2,"ix":1,"mn":"ADBE Vector Group","hd":false}],"ip":0,"op":131.000005335739,"st":0,"bm":0},{"ddd":0,"ind":5,"ty":4,"nm":"Stroke 218","parent":6,"sr":1,"ks":{"o":{"a":0,"k":100,"ix":11},"r":{"a":0,"k":0,"ix":10},"p":{"a":0,"k":[15.999,0,0],"ix":2},"a":{"a":0,"k":[0,0,0],"ix":1},"s":{"a":0,"k":[100,100,100],"ix":6}},"ao":0,"shapes":[{"ty":"gr","it":[{"ind":0,"ty":"sh","ix":1,"ks":{"a":0,"k":{"i":[[0,0],[0,0],[0,0]],"o":[[0,0],[0,0],[0,0]],"v":[[-1.801,-3.6],[1.799,0.001],[-1.801,3.6]],"c":false},"ix":2},"nm":"Path 1","mn":"ADBE Vector Shape - Group","hd":false},{"ty":"st","c":{"a":0,"k":[0.113609999418,0.112988002598,0.1074699983,1],"ix":3},"o":{"a":0,"k":100,"ix":4},"w":{"a":0,"k":1,"ix":5},"lc":2,"lj":2,"nm":"Stroke 1","mn":"ADBE Vector Graphic - Stroke","hd":false},{"ty":"tr","p":{"a":0,"k":[0,0],"ix":2},"a":{"a":0,"k":[0,0],"ix":1},"s":{"a":0,"k":[500,500],"ix":3},"r":{"a":0,"k":0,"ix":6},"o":{"a":0,"k":100,"ix":7},"sk":{"a":0,"k":0,"ix":4},"sa":{"a":0,"k":0,"ix":5},"nm":"Transform"}],"nm":"Stroke 218","np":2,"cix":2,"ix":1,"mn":"ADBE Vector Group","hd":false}],"ip":0,"op":131.000005335739,"st":0,"bm":0},{"ddd":0,"ind":6,"ty":4,"nm":"Stroke 216","sr":1,"ks":{"o":{"a":0,"k":100,"ix":11},"r":{"a":0,"k":0,"ix":10},"p":{"a":0,"k":[74,68,0],"ix":2},"a":{"a":0,"k":[-25,0,0],"ix":1},"s":{"a":1,"k":[{"i":{"x":[0.345,0.345,0.345],"y":[0.875,0.875,1]},"o":{"x":[0.256,0.256,0.256],"y":[0.11,0.11,0]},"n":["0p345_0p875_0p256_0p11","0p345_0p875_0p256_0p11","0p345_1_0p256_0"],"t":5,"s":[0,0,100],"e":[56.075,56.075,100]},{"i":{"x":[0.646,0.646,0.646],"y":[1,1,1]},"o":{"x":[0.278,0.278,0.278],"y":[1.132,1.132,0]},"n":["0p646_1_0p278_1p132","0p646_1_0p278_1p132","0p646_1_0p278_0"],"t":17,"s":[56.075,56.075,100],"e":[60,60,100]},{"i":{"x":[0.466,0.466,0.466],"y":[1,1,1]},"o":{"x":[0.184,0.184,0.184],"y":[0,0,0]},"n":["0p466_1_0p184_0","0p466_1_0p184_0","0p466_1_0p184_0"],"t":35,"s":[60,60,100],"e":[60,60,100]},{"i":{"x":[0.641,0.641,0.641],"y":[0.904,0.904,1]},"o":{"x":[0.416,0.416,0.416],"y":[0,0,0]},"n":["0p641_0p904_0p416_0","0p641_0p904_0p416_0","0p641_1_0p416_0"],"t":77,"s":[60,60,100],"e":[5.222,5.222,100]},{"i":{"x":[0.585,0.585,0.585],"y":[1,1,1]},"o":{"x":[0.265,0.265,0.265],"y":[1.117,1.117,0]},"n":["0p585_1_0p265_1p117","0p585_1_0p265_1p117","0p585_1_0p265_0"],"t":89,"s":[5.222,5.222,100],"e":[0,0,100]},{"t":107.000004358199}],"ix":6}},"ao":0,"shapes":[{"ty":"gr","it":[{"ind":0,"ty":"sh","ix":1,"ks":{"a":0,"k":{"i":[[0,0],[0,0]],"o":[[0,0],[0,0]],"v":[[5,0],[-5,0]],"c":false},"ix":2},"nm":"Path 1","mn":"ADBE Vector Shape - Group","hd":false},{"ty":"st","c":{"a":0,"k":[0.113609999418,0.112988002598,0.1074699983,1],"ix":3},"o":{"a":0,"k":100,"ix":4},"w":{"a":0,"k":1,"ix":5},"lc":2,"lj":2,"nm":"Stroke 1","mn":"ADBE Vector Graphic - Stroke","hd":false},{"ty":"tr","p":{"a":0,"k":[0,0],"ix":2},"a":{"a":0,"k":[0,0],"ix":1},"s":{"a":0,"k":[500,500],"ix":3},"r":{"a":0,"k":0,"ix":6},"o":{"a":0,"k":100,"ix":7},"sk":{"a":0,"k":0,"ix":4},"sa":{"a":0,"k":0,"ix":5},"nm":"Transform"}],"nm":"Stroke 216","np":2,"cix":2,"ix":1,"mn":"ADBE Vector Group","hd":false}],"ip":0,"op":131.000005335739,"st":0,"bm":0},{"ddd":0,"ind":7,"ty":4,"nm":"Stroke 214","parent":8,"sr":1,"ks":{"o":{"a":0,"k":100,"ix":11},"r":{"a":0,"k":0,"ix":10},"p":{"a":0,"k":[-0.003,-16,0],"ix":2},"a":{"a":0,"k":[0,0,0],"ix":1},"s":{"a":0,"k":[100,100,100],"ix":6}},"ao":0,"shapes":[{"ty":"gr","it":[{"ind":0,"ty":"sh","ix":1,"ks":{"a":0,"k":{"i":[[0,0],[0,0],[0,0]],"o":[[0,0],[0,0],[0,0]],"v":[[-3.6,1.799],[0,-1.801],[3.6,1.799]],"c":false},"ix":2},"nm":"Path 1","mn":"ADBE Vector Shape - Group","hd":false},{"ty":"st","c":{"a":0,"k":[0.113609999418,0.112988002598,0.1074699983,1],"ix":3},"o":{"a":0,"k":100,"ix":4},"w":{"a":0,"k":1,"ix":5},"lc":2,"lj":2,"nm":"Stroke 1","mn":"ADBE Vector Graphic - Stroke","hd":false},{"ty":"tr","p":{"a":0,"k":[0,0],"ix":2},"a":{"a":0,"k":[0,0],"ix":1},"s":{"a":0,"k":[500,500],"ix":3},"r":{"a":0,"k":0,"ix":6},"o":{"a":0,"k":100,"ix":7},"sk":{"a":0,"k":0,"ix":4},"sa":{"a":0,"k":0,"ix":5},"nm":"Transform"}],"nm":"Stroke 214","np":2,"cix":2,"ix":1,"mn":"ADBE Vector Group","hd":false}],"ip":0,"op":131.000005335739,"st":0,"bm":0},{"ddd":0,"ind":8,"ty":4,"nm":"Stroke 212","sr":1,"ks":{"o":{"a":0,"k":100,"ix":11},"r":{"a":0,"k":0,"ix":10},"p":{"a":0,"k":[68,62,0],"ix":2},"a":{"a":0,"k":[0,25,0],"ix":1},"s":{"a":1,"k":[{"i":{"x":[0.345,0.345,0.345],"y":[0.875,0.875,1]},"o":{"x":[0.256,0.256,0.256],"y":[0.11,0.11,0]},"n":["0p345_0p875_0p256_0p11","0p345_0p875_0p256_0p11","0p345_1_0p256_0"],"t":0,"s":[0,0,100],"e":[56.075,56.075,100]},{"i":{"x":[0.646,0.646,0.646],"y":[1,1,1]},"o":{"x":[0.278,0.278,0.278],"y":[1.132,1.132,0]},"n":["0p646_1_0p278_1p132","0p646_1_0p278_1p132","0p646_1_0p278_0"],"t":12,"s":[56.075,56.075,100],"e":[60,60,100]},{"i":{"x":[0.466,0.466,0.466],"y":[1,1,1]},"o":{"x":[0.184,0.184,0.184],"y":[0,0,0]},"n":["0p466_1_0p184_0","0p466_1_0p184_0","0p466_1_0p184_0"],"t":30,"s":[60,60,100],"e":[60,60,100]},{"i":{"x":[0.641,0.641,0.641],"y":[0.904,0.904,1]},"o":{"x":[0.416,0.416,0.416],"y":[0,0,0]},"n":["0p641_0p904_0p416_0","0p641_0p904_0p416_0","0p641_1_0p416_0"],"t":85,"s":[60,60,100],"e":[5.222,5.222,100]},{"i":{"x":[0.585,0.585,0.585],"y":[1,1,1]},"o":{"x":[0.265,0.265,0.265],"y":[1.117,1.117,0]},"n":["0p585_1_0p265_1p117","0p585_1_0p265_1p117","0p585_1_0p265_0"],"t":97,"s":[5.222,5.222,100],"e":[0,0,100]},{"t":115.000004684046}],"ix":6}},"ao":0,"shapes":[{"ty":"gr","it":[{"ind":0,"ty":"sh","ix":1,"ks":{"a":0,"k":{"i":[[0,0],[0,0]],"o":[[0,0],[0,0]],"v":[[0,-5],[0,5]],"c":false},"ix":2},"nm":"Path 1","mn":"ADBE Vector Shape - Group","hd":false},{"ty":"st","c":{"a":0,"k":[0.113609999418,0.112988002598,0.1074699983,1],"ix":3},"o":{"a":0,"k":100,"ix":4},"w":{"a":0,"k":1,"ix":5},"lc":2,"lj":2,"nm":"Stroke 1","mn":"ADBE Vector Graphic - Stroke","hd":false},{"ty":"tr","p":{"a":0,"k":[0,0],"ix":2},"a":{"a":0,"k":[0,0],"ix":1},"s":{"a":0,"k":[500,500],"ix":3},"r":{"a":0,"k":0,"ix":6},"o":{"a":0,"k":100,"ix":7},"sk":{"a":0,"k":0,"ix":4},"sa":{"a":0,"k":0,"ix":5},"nm":"Transform"}],"nm":"Stroke 212","np":2,"cix":2,"ix":1,"mn":"ADBE Vector Group","hd":false}],"ip":0,"op":131.000005335739,"st":0,"bm":0}],"markers":[]}