{"v":"5.3.4","fr":29.9700012207031,"ip":0,"op":121.000004928431,"w":136,"h":136,"nm":"22_Fast_Rewind1","ddd":0,"assets":[],"layers":[{"ddd":0,"ind":1,"ty":4,"nm":"Stroke 576","sr":1,"ks":{"o":{"a":0,"k":100,"ix":11},"r":{"a":0,"k":-180,"ix":10},"p":{"a":1,"k":[{"i":{"x":0.591,"y":0.736},"o":{"x":0.22,"y":0.141},"n":"0p591_0p736_0p22_0p141","t":0,"s":[202.7,68,0],"e":[54.098,68,0],"to":[-15.0302696228027,-1.4210854715202e-14,0],"ti":[38.8966407775879,1.4210854715202e-14,0]},{"i":{"x":0.667,"y":1},"o":{"x":0.107,"y":1},"n":"0p667_1_0p107_1","t":12,"s":[54.098,68,0],"e":[54.5,68,0],"to":[-18.1078701019287,0,0],"ti":[0,0,0]},{"i":{"x":0.667,"y":0.667},"o":{"x":0.167,"y":0.167},"n":"0p667_0p667_0p167_0p167","t":31,"s":[54.5,68,0],"e":[54.5,68,0],"to":[0,0,0],"ti":[0,0,0]},{"i":{"x":0.585,"y":0.406},"o":{"x":0.178,"y":0},"n":"0p585_0p406_0p178_0","t":83,"s":[54.5,68,0],"e":[76.036,68,0],"to":[0,0,0],"ti":[0,0,0]},{"i":{"x":0.701,"y":1},"o":{"x":0.248,"y":1},"n":"0p701_1_0p248_1","t":89,"s":[76.036,68,0],"e":[87.5,68,0],"to":[0,0,0],"ti":[0,0,0]},{"i":{"x":0.701,"y":0.701},"o":{"x":0.167,"y":0.167},"n":"0p701_0p701_0p167_0p167","t":98,"s":[87.5,68,0],"e":[87.5,68,0],"to":[0,0,0],"ti":[0,0,0]},{"i":{"x":0.62,"y":0.726},"o":{"x":0.168,"y":0},"n":"0p62_0p726_0p168_0","t":102,"s":[87.5,68,0],"e":[-104.82,68,0],"to":[0,0,0],"ti":[0,0,0]},{"i":{"x":0.71,"y":1},"o":{"x":0.169,"y":1},"n":"0p71_1_0p169_1","t":113,"s":[-104.82,68,0],"e":[-136.9,68,0],"to":[0,0,0],"ti":[0,0,0]},{"t":128.000005213547}],"ix":2},"a":{"a":0,"k":[0,0,0],"ix":1},"s":{"a":0,"k":[60,60,100],"ix":6}},"ao":0,"shapes":[{"ty":"gr","it":[{"ind":0,"ty":"sh","ix":1,"ks":{"a":0,"k":{"i":[[0,0],[0,0],[0,0]],"o":[[0,0],[0,0],[0,0]],"v":[[-4,6],[-4,-6],[4,0]],"c":true},"ix":2},"nm":"Path 1","mn":"ADBE Vector Shape - Group","hd":false},{"ty":"st","c":{"a":0,"k":[0.113609999418,0.112988002598,0.1074699983,1],"ix":3},"o":{"a":0,"k":100,"ix":4},"w":{"a":0,"k":1,"ix":5},"lc":2,"lj":2,"nm":"Stroke 1","mn":"ADBE Vector Graphic - Stroke","hd":false},{"ty":"tr","p":{"a":0,"k":[0,0],"ix":2},"a":{"a":0,"k":[0,0],"ix":1},"s":{"a":0,"k":[500,500],"ix":3},"r":{"a":0,"k":0,"ix":6},"o":{"a":0,"k":100,"ix":7},"sk":{"a":0,"k":0,"ix":4},"sa":{"a":0,"k":0,"ix":5},"nm":"Transform"}],"nm":"Stroke 576","np":2,"cix":2,"ix":1,"mn":"ADBE Vector Group","hd":false},{"ty":"fl","c":{"a":0,"k":[1,1,1,1],"ix":4},"o":{"a":0,"k":100,"ix":5},"r":1,"nm":"Fill 1","mn":"ADBE Vector Graphic - Fill","hd":false}],"ip":0,"op":121.000004928431,"st":0,"bm":0},{"ddd":0,"ind":2,"ty":4,"nm":"Stroke 574","sr":1,"ks":{"o":{"a":0,"k":100,"ix":11},"r":{"a":0,"k":-180,"ix":10},"p":{"a":1,"k":[{"i":{"x":0.591,"y":0.736},"o":{"x":0.22,"y":0.141},"n":"0p591_0p736_0p22_0p141","t":4,"s":[226.7,68,0],"e":[78.098,68,0],"to":[-15.0302696228027,0,0],"ti":[38.8966407775879,0,0]},{"i":{"x":0.667,"y":1},"o":{"x":0.107,"y":1},"n":"0p667_1_0p107_1","t":16,"s":[78.098,68,0],"e":[78.5,68,0],"to":[-18.1078701019287,-1.4210854715202e-14,0],"ti":[0,0,0]},{"i":{"x":0.667,"y":0.667},"o":{"x":0.167,"y":0.167},"n":"0p667_0p667_0p167_0p167","t":35,"s":[78.5,68,0],"e":[78.5,68,0],"to":[0,0,0],"ti":[0,0,0]},{"i":{"x":0.585,"y":0.406},"o":{"x":0.178,"y":0},"n":"0p585_0p406_0p178_0","t":80,"s":[78.5,68,0],"e":[100.036,68,0],"to":[0,0,0],"ti":[0,0,0]},{"i":{"x":0.701,"y":1},"o":{"x":0.248,"y":1},"n":"0p701_1_0p248_1","t":86,"s":[100.036,68,0],"e":[111.5,68,0],"to":[0,0,0],"ti":[0,0,0]},{"i":{"x":0.701,"y":0.701},"o":{"x":0.167,"y":0.167},"n":"0p701_0p701_0p167_0p167","t":95,"s":[111.5,68,0],"e":[111.5,68,0],"to":[0,0,0],"ti":[0,0,0]},{"i":{"x":0.62,"y":0.726},"o":{"x":0.168,"y":0},"n":"0p62_0p726_0p168_0","t":104,"s":[111.5,68,0],"e":[-80.82,68,0],"to":[0,0,0],"ti":[0,0,0]},{"i":{"x":0.71,"y":1},"o":{"x":0.169,"y":1},"n":"0p71_1_0p169_1","t":115,"s":[-80.82,68,0],"e":[-112.9,68,0],"to":[0,0,0],"ti":[0,0,0]},{"t":130.000005295009}],"ix":2},"a":{"a":0,"k":[0,0,0],"ix":1},"s":{"a":0,"k":[60,60,100],"ix":6}},"ao":0,"shapes":[{"ty":"gr","it":[{"ind":0,"ty":"sh","ix":1,"ks":{"a":0,"k":{"i":[[0,0],[0,0],[0,0]],"o":[[0,0],[0,0],[0,0]],"v":[[-4,6],[-4,-6],[4,0]],"c":true},"ix":2},"nm":"Path 1","mn":"ADBE Vector Shape - Group","hd":false},{"ty":"st","c":{"a":0,"k":[0.113609999418,0.112988002598,0.1074699983,1],"ix":3},"o":{"a":0,"k":100,"ix":4},"w":{"a":0,"k":1,"ix":5},"lc":2,"lj":2,"nm":"Stroke 1","mn":"ADBE Vector Graphic - Stroke","hd":false},{"ty":"tr","p":{"a":0,"k":[0,0],"ix":2},"a":{"a":0,"k":[0,0],"ix":1},"s":{"a":0,"k":[500,500],"ix":3},"r":{"a":0,"k":0,"ix":6},"o":{"a":0,"k":100,"ix":7},"sk":{"a":0,"k":0,"ix":4},"sa":{"a":0,"k":0,"ix":5},"nm":"Transform"}],"nm":"Stroke 574","np":2,"cix":2,"ix":1,"mn":"ADBE Vector Group","hd":false},{"ty":"fl","c":{"a":0,"k":[1,1,1,1],"ix":4},"o":{"a":0,"k":100,"ix":5},"r":1,"nm":"Fill 1","mn":"ADBE Vector Graphic - Fill","hd":false}],"ip":0,"op":121.000004928431,"st":0,"bm":0}],"markers":[]}