{"v":"5.3.4","fr":29.9700012207031,"ip":0,"op":121.000004928431,"w":136,"h":136,"nm":"34_Refresh4","ddd":0,"assets":[],"layers":[{"ddd":0,"ind":1,"ty":4,"nm":"Stroke 1","parent":2,"sr":1,"ks":{"o":{"a":0,"k":100,"ix":11},"r":{"a":0,"k":0,"ix":10},"p":{"a":0,"k":[15,-45,0],"ix":2},"a":{"a":0,"k":[0,0,0],"ix":1},"s":{"a":0,"k":[100,100,100],"ix":6}},"ao":0,"shapes":[{"ty":"gr","it":[{"ind":0,"ty":"sh","ix":1,"ks":{"a":0,"k":{"i":[[0,0],[0,0],[0,0]],"o":[[0,0],[0,0],[0,0]],"v":[[-3,6],[3,0],[-3,-6]],"c":false},"ix":2},"nm":"Path 1","mn":"ADBE Vector Shape - Group","hd":false},{"ty":"st","c":{"a":0,"k":[0.113609999418,0.112988002598,0.1074699983,1],"ix":3},"o":{"a":0,"k":100,"ix":4},"w":{"a":0,"k":1,"ix":5},"lc":2,"lj":2,"nm":"Stroke 1","mn":"ADBE Vector Graphic - Stroke","hd":false},{"ty":"tr","p":{"a":0,"k":[0,0],"ix":2},"a":{"a":0,"k":[0,0],"ix":1},"s":{"a":0,"k":[500,500],"ix":3},"r":{"a":0,"k":0,"ix":6},"o":{"a":0,"k":100,"ix":7},"sk":{"a":0,"k":0,"ix":4},"sa":{"a":0,"k":0,"ix":5},"nm":"Transform"}],"nm":"Stroke 1","np":2,"cix":2,"ix":1,"mn":"ADBE Vector Group","hd":false},{"ty":"tm","s":{"a":1,"k":[{"i":{"x":[0.652],"y":[0.873]},"o":{"x":[0.184],"y":[0.067]},"n":["0p652_0p873_0p184_0p067"],"t":80,"s":[100],"e":[26.667]},{"i":{"x":[0.833],"y":[0.833]},"o":{"x":[0.436],"y":[0.545]},"n":["0p833_0p833_0p436_0p545"],"t":88,"s":[26.667],"e":[0]},{"t":98.0000039916218}],"ix":1},"e":{"a":1,"k":[{"i":{"x":[0.41],"y":[1]},"o":{"x":[0.167],"y":[0.167]},"n":["0p41_1_0p167_0p167"],"t":0,"s":[100],"e":[0]},{"t":30.0000012219251}],"ix":2},"o":{"a":0,"k":0,"ix":3},"m":1,"ix":2,"nm":"Trim Paths 1","mn":"ADBE Vector Filter - Trim","hd":false}],"ip":0,"op":121.000004928431,"st":0,"bm":0},{"ddd":0,"ind":2,"ty":4,"nm":"Stroke 3","sr":1,"ks":{"o":{"a":0,"k":100,"ix":11},"r":{"a":1,"k":[{"i":{"x":[0.627],"y":[0.895]},"o":{"x":[0.203],"y":[0]},"n":["0p627_0p895_0p203_0"],"t":0,"s":[23],"e":[258.606]},{"i":{"x":[0.681],"y":[1]},"o":{"x":[0.345],"y":[1.758]},"n":["0p681_1_0p345_1p758"],"t":16,"s":[258.606],"e":[270]},{"i":{"x":[0.41],"y":[1]},"o":{"x":[0.167],"y":[0]},"n":["0p41_1_0p167_0"],"t":30,"s":[270],"e":[270]},{"i":{"x":[0.53],"y":[0.781]},"o":{"x":[0.388],"y":[0]},"n":["0p53_0p781_0p388_0"],"t":80,"s":[270],"e":[591.965]},{"i":{"x":[0.603],"y":[1]},"o":{"x":[0.277],"y":[0.956]},"n":["0p603_1_0p277_0p956"],"t":96,"s":[591.965],"e":[630]},{"t":110.000004480392}],"ix":10},"p":{"a":0,"k":[77,68,0],"ix":2},"a":{"a":0,"k":[0,0,0],"ix":1},"s":{"a":1,"k":[{"i":{"x":[0.614,0.614,0.614],"y":[0.479,0.479,4.267]},"o":{"x":[0.19,0.19,0.19],"y":[-0.25,-0.25,8.88]},"n":["0p614_0p479_0p19_-0p25","0p614_0p479_0p19_-0p25","0p614_4p267_0p19_8p88"],"t":0,"s":[91.2,91.2,100],"e":[69.859,69.859,100]},{"i":{"x":[0.697,0.697,0.697],"y":[1,1,1]},"o":{"x":[0.354,0.354,0.354],"y":[1.185,1.185,-3.433]},"n":["0p697_1_0p354_1p185","0p697_1_0p354_1p185","0p697_1_0p354_-3p433"],"t":14,"s":[69.859,69.859,100],"e":[60,60,100]},{"t":30.0000012219251}],"ix":6}},"ao":0,"shapes":[{"ty":"gr","it":[{"ind":0,"ty":"sh","ix":1,"ks":{"a":0,"k":{"i":[[0,0],[0,0],[0,-4.97],[-4.97,0],[0,4.97]],"o":[[0,0],[-4.97,0],[0,4.97],[4.97,0],[0,0]],"v":[[6,-9],[0,-9],[-9,0],[0,9],[9,0]],"c":false},"ix":2},"nm":"Path 1","mn":"ADBE Vector Shape - Group","hd":false},{"ty":"st","c":{"a":0,"k":[0.113609999418,0.112988002598,0.1074699983,1],"ix":3},"o":{"a":0,"k":100,"ix":4},"w":{"a":0,"k":1,"ix":5},"lc":2,"lj":2,"nm":"Stroke 1","mn":"ADBE Vector Graphic - Stroke","hd":false},{"ty":"tr","p":{"a":0,"k":[0,0],"ix":2},"a":{"a":0,"k":[0,0],"ix":1},"s":{"a":0,"k":[500,500],"ix":3},"r":{"a":0,"k":0,"ix":6},"o":{"a":0,"k":100,"ix":7},"sk":{"a":0,"k":0,"ix":4},"sa":{"a":0,"k":0,"ix":5},"nm":"Transform"}],"nm":"Stroke 3","np":2,"cix":2,"ix":1,"mn":"ADBE Vector Group","hd":false},{"ty":"tm","s":{"a":1,"k":[{"i":{"x":[0.652],"y":[0.794]},"o":{"x":[0.184],"y":[0.109]},"n":["0p652_0p794_0p184_0p109"],"t":80,"s":[100],"e":[26.667]},{"i":{"x":[0.804],"y":[0.584]},"o":{"x":[0.436],"y":[0.927]},"n":["0p804_0p584_0p436_0p927"],"t":93,"s":[26.667],"e":[0]},{"t":110.000004480392}],"ix":1},"e":{"a":1,"k":[{"i":{"x":[0.41],"y":[1]},"o":{"x":[0.167],"y":[0.167]},"n":["0p41_1_0p167_0p167"],"t":0,"s":[100],"e":[0]},{"t":30.0000012219251}],"ix":2},"o":{"a":0,"k":0,"ix":3},"m":1,"ix":2,"nm":"Trim Paths 1","mn":"ADBE Vector Filter - Trim","hd":false}],"ip":0,"op":121.000004928431,"st":0,"bm":0}],"markers":[]}