{"v":"5.3.4","fr":29.9700012207031,"ip":0,"op":121.000004928431,"w":136,"h":136,"nm":"35_Right_down1","ddd":0,"assets":[],"layers":[{"ddd":0,"ind":1,"ty":4,"nm":"Stroke 3","parent":2,"sr":1,"ks":{"o":{"a":0,"k":100,"ix":11},"r":{"a":0,"k":0,"ix":10},"p":{"a":1,"k":[{"i":{"x":0.484,"y":0.47},"o":{"x":0.199,"y":0.278},"n":"0p484_0p47_0p199_0p278","t":0,"s":[0,-85,0],"e":[0,-78.116,0],"to":[0,5.50123834609985,0],"ti":[0,-10.2627000808716,0]},{"i":{"x":0.619,"y":1},"o":{"x":0.289,"y":0.188},"n":"0p619_1_0p289_0p188","t":8,"s":[0,-78.116,0],"e":[0,-45,0],"to":[0,2.17413663864136,0],"ti":[0,0,0]},{"i":{"x":0.619,"y":0.619},"o":{"x":0.167,"y":0.167},"n":"0p619_0p619_0p167_0p167","t":30,"s":[0,-45,0],"e":[0,-45,0],"to":[0,0,0],"ti":[0,0,0]},{"i":{"x":0.573,"y":0.73},"o":{"x":0.183,"y":0},"n":"0p573_0p73_0p183_0","t":80,"s":[0,-45,0],"e":[0,-77.885,0],"to":[0,0,0],"ti":[0,0,0]},{"i":{"x":0.676,"y":1},"o":{"x":0.331,"y":0.853},"n":"0p676_1_0p331_0p853","t":86,"s":[0,-77.885,0],"e":[0,-90,0],"to":[0,0,0],"ti":[0,0,0]},{"i":{"x":0.587,"y":0.878},"o":{"x":0.174,"y":0},"n":"0p587_0p878_0p174_0","t":95,"s":[0,-90,0],"e":[0,-64.154,0],"to":[0,0,0],"ti":[0,0,0]},{"i":{"x":0.675,"y":1},"o":{"x":0.194,"y":1},"n":"0p675_1_0p194_1","t":103,"s":[0,-64.154,0],"e":[0,-61,0],"to":[0,0,0],"ti":[0,0,0]},{"t":120.0000048877}],"ix":2},"a":{"a":0,"k":[0,0,0],"ix":1},"s":{"a":0,"k":[100,100,100],"ix":6}},"ao":0,"shapes":[{"ty":"gr","it":[{"ind":0,"ty":"sh","ix":1,"ks":{"a":0,"k":{"i":[[0,0],[0,0],[0,0]],"o":[[0,0],[0,0],[0,0]],"v":[[6,3],[0,-3],[-6,3]],"c":false},"ix":2},"nm":"Path 1","mn":"ADBE Vector Shape - Group","hd":false},{"ty":"st","c":{"a":0,"k":[0.113609999418,0.112988002598,0.1074699983,1],"ix":3},"o":{"a":0,"k":100,"ix":4},"w":{"a":0,"k":1,"ix":5},"lc":2,"lj":2,"nm":"Stroke 1","mn":"ADBE Vector Graphic - Stroke","hd":false},{"ty":"tr","p":{"a":0,"k":[0,0],"ix":2},"a":{"a":0,"k":[0,0],"ix":1},"s":{"a":0,"k":[500,500],"ix":3},"r":{"a":0,"k":0,"ix":6},"o":{"a":0,"k":100,"ix":7},"sk":{"a":0,"k":0,"ix":4},"sa":{"a":0,"k":0,"ix":5},"nm":"Transform"}],"nm":"Stroke 3","np":2,"cix":2,"ix":1,"mn":"ADBE Vector Group","hd":false}],"ip":0,"op":121.000004928431,"st":0,"bm":0},{"ddd":0,"ind":2,"ty":4,"nm":"Stroke 1","sr":1,"ks":{"o":{"a":0,"k":100,"ix":11},"r":{"a":0,"k":135,"ix":10},"p":{"a":1,"k":[{"i":{"x":0.457,"y":0.883},"o":{"x":0.182,"y":0.105},"n":"0p457_0p883_0p182_0p105","t":0,"s":[-79.644,-79.644,0],"e":[76.654,76.654,0],"to":[23.0930290222168,23.0930290222168,0],"ti":[-31.0949249267578,-31.0949249267578,0]},{"i":{"x":0.632,"y":0.939},"o":{"x":0.278,"y":0.707},"n":"0p632_0p939_0p278_0p707","t":11,"s":[76.654,76.654,0],"e":[65.008,65.008,0],"to":[1.80532538890839,1.80532538890839,0],"ti":[1.11856842041016,1.11856842041016,0]},{"i":{"x":0.668,"y":1},"o":{"x":0.332,"y":0.198},"n":"0p668_1_0p332_0p198","t":21,"s":[65.008,65.008,0],"e":[68,68,0],"to":[-0.14478278160095,-0.14478278160095,0],"ti":[0,0,0]},{"i":{"x":0.668,"y":0.668},"o":{"x":0.167,"y":0.167},"n":"0p668_0p668_0p167_0p167","t":30,"s":[68,68,0],"e":[68,68,0],"to":[0,0,0],"ti":[0,0,0]},{"i":{"x":0.585,"y":0.535},"o":{"x":0.178,"y":0},"n":"0p585_0p535_0p178_0","t":80,"s":[68,68,0],"e":[49.147,49.147,0],"to":[0,0,0],"ti":[0,0,0]},{"i":{"x":0.702,"y":1},"o":{"x":0.249,"y":1},"n":"0p702_1_0p249_1","t":86,"s":[49.147,49.147,0],"e":[41.271,41.271,0],"to":[0,0,0],"ti":[0,0,0]},{"i":{"x":0.608,"y":0.785},"o":{"x":0.171,"y":0},"n":"0p608_0p785_0p171_0","t":95,"s":[41.271,41.271,0],"e":[291.716,291.716,0],"to":[0,0,0],"ti":[0,0,0]},{"i":{"x":0.694,"y":1},"o":{"x":0.123,"y":1},"n":"0p694_1_0p123_1","t":103,"s":[291.716,291.716,0],"e":[327.65,327.65,0],"to":[0,0,0],"ti":[0,0,0]},{"t":120.0000048877}],"ix":2},"a":{"a":0,"k":[0,0,0],"ix":1},"s":{"a":0,"k":[60,60,100],"ix":6}},"ao":0,"shapes":[{"ty":"gr","it":[{"ind":0,"ty":"sh","ix":1,"ks":{"a":0,"k":{"i":[[0,0],[0,0]],"o":[[0,0],[0,0]],"v":[[0,-12],[0,12]],"c":false},"ix":2},"nm":"Path 1","mn":"ADBE Vector Shape - Group","hd":false},{"ty":"st","c":{"a":0,"k":[0.113609999418,0.112988002598,0.1074699983,1],"ix":3},"o":{"a":0,"k":100,"ix":4},"w":{"a":0,"k":1,"ix":5},"lc":2,"lj":2,"nm":"Stroke 1","mn":"ADBE Vector Graphic - Stroke","hd":false},{"ty":"tr","p":{"a":0,"k":[0,0],"ix":2},"a":{"a":0,"k":[0,0],"ix":1},"s":{"a":0,"k":[500,500],"ix":3},"r":{"a":0,"k":0,"ix":6},"o":{"a":0,"k":100,"ix":7},"sk":{"a":0,"k":0,"ix":4},"sa":{"a":0,"k":0,"ix":5},"nm":"Transform"}],"nm":"Stroke 1","np":2,"cix":2,"ix":1,"mn":"ADBE Vector Group","hd":false}],"ip":0,"op":121.000004928431,"st":0,"bm":0}],"markers":[]}