{"v":"5.3.4","fr":29.9700012207031,"ip":0,"op":120.0000048877,"w":136,"h":136,"nm":"42_Up2","ddd":0,"assets":[],"layers":[{"ddd":0,"ind":1,"ty":4,"nm":"Stroke 260","sr":1,"ks":{"o":{"a":0,"k":100,"ix":11},"r":{"a":0,"k":0,"ix":10},"p":{"a":1,"k":[{"i":{"x":0.395,"y":0.82},"o":{"x":0.214,"y":0},"n":"0p395_0p82_0p214_0","t":0,"s":[68,124.7,0],"e":[68,47.502,0],"to":[0,-5.43092346191406,0],"ti":[0,13.757643699646,0]},{"i":{"x":0.619,"y":0.746},"o":{"x":0.288,"y":0.259},"n":"0p619_0p746_0p288_0p259","t":10,"s":[68,47.502,0],"e":[68,72.381,0],"to":[0,-3.41487216949463,0],"ti":[0,-7.12246370315552,0]},{"i":{"x":0.647,"y":1},"o":{"x":0.235,"y":1},"n":"0p647_1_0p235_1","t":20,"s":[68,72.381,0],"e":[68,69.5,0],"to":[0,2.22454762458801,0],"ti":[0,0,0]},{"i":{"x":0.647,"y":0.647},"o":{"x":0.167,"y":0.167},"n":"0p647_0p647_0p167_0p167","t":30,"s":[68,69.5,0],"e":[68,69.5,0],"to":[0,0,0],"ti":[0,0,0]},{"i":{"x":0.601,"y":0.553},"o":{"x":0.179,"y":0},"n":"0p601_0p553_0p179_0","t":80,"s":[68,69.5,0],"e":[68,93.094,0],"to":[0,0,0],"ti":[0,0,0]},{"i":{"x":0.708,"y":1},"o":{"x":0.232,"y":1},"n":"0p708_1_0p232_1","t":87,"s":[68,93.094,0],"e":[68,100.1,0],"to":[0,0,0],"ti":[0,0,0]},{"i":{"x":0.621,"y":0.726},"o":{"x":0.168,"y":0},"n":"0p621_0p726_0p168_0","t":95,"s":[68,100.1,0],"e":[68,-81.899,0],"to":[0,0,0],"ti":[0,0,0]},{"i":{"x":0.714,"y":1},"o":{"x":0.147,"y":1},"n":"0p714_1_0p147_1","t":104,"s":[68,-81.899,0],"e":[68,-114.1,0],"to":[0,0,0],"ti":[0,0,0]},{"t":119.000004846969}],"ix":2},"a":{"a":0,"k":[0,0,0],"ix":1},"s":{"a":0,"k":[60,60,100],"ix":6}},"ao":0,"shapes":[{"ty":"gr","it":[{"ind":0,"ty":"sh","ix":1,"ks":{"a":0,"k":{"i":[[0,0],[0,0],[0,0]],"o":[[0,0],[0,0],[0,0]],"v":[[12,6],[0,-6],[-12,6]],"c":false},"ix":2},"nm":"Path 1","mn":"ADBE Vector Shape - Group","hd":false},{"ty":"st","c":{"a":0,"k":[0.113609999418,0.112988002598,0.1074699983,1],"ix":3},"o":{"a":0,"k":100,"ix":4},"w":{"a":0,"k":1,"ix":5},"lc":2,"lj":2,"nm":"Stroke 1","mn":"ADBE Vector Graphic - Stroke","hd":false},{"ty":"tr","p":{"a":0,"k":[0,0],"ix":2},"a":{"a":0,"k":[0,0],"ix":1},"s":{"a":0,"k":[500,500],"ix":3},"r":{"a":0,"k":0,"ix":6},"o":{"a":0,"k":100,"ix":7},"sk":{"a":0,"k":0,"ix":4},"sa":{"a":0,"k":0,"ix":5},"nm":"Transform"}],"nm":"Stroke 260","np":2,"cix":2,"ix":1,"mn":"ADBE Vector Group","hd":false},{"ty":"tm","s":{"a":1,"k":[{"i":{"x":[0.42],"y":[1]},"o":{"x":[0.167],"y":[0.167]},"n":["0p42_1_0p167_0p167"],"t":0,"s":[50],"e":[100]},{"t":40.0000016292334}],"ix":1},"e":{"a":1,"k":[{"i":{"x":[0.42],"y":[1]},"o":{"x":[0.167],"y":[0.167]},"n":["0p42_1_0p167_0p167"],"t":0,"s":[50],"e":[0]},{"t":40.0000016292334}],"ix":2},"o":{"a":0,"k":0,"ix":3},"m":1,"ix":2,"nm":"Trim Paths 1","mn":"ADBE Vector Filter - Trim","hd":false}],"ip":0,"op":120.0000048877,"st":0,"bm":0}],"markers":[]}