{"v":"5.3.4","fr":29.9700012207031,"ip":0,"op":121.000004928431,"w":136,"h":136,"nm":"4_Back4","ddd":0,"assets":[],"layers":[{"ddd":0,"ind":1,"ty":4,"nm":"Stroke 334","parent":2,"sr":1,"ks":{"o":{"a":0,"k":100,"ix":11},"r":{"a":0,"k":0,"ix":10},"p":{"a":1,"k":[{"i":{"x":0.41,"y":0.893},"o":{"x":0.226,"y":0.051},"n":"0p41_0p893_0p226_0p051","t":0,"s":[0,17.5,0],"e":[0,-41.154,0],"to":[0,-5.28844928741455,0],"ti":[0,10.4921007156372,0]},{"i":{"x":0.581,"y":1},"o":{"x":0.257,"y":0.284},"n":"0p581_1_0p257_0p284","t":10,"s":[0,-41.154,0],"e":[0,-22.5,0],"to":[0,-2.73433542251587,0],"ti":[0,0,0]},{"i":{"x":0.26,"y":0.26},"o":{"x":0.167,"y":0.167},"n":"0p26_0p26_0p167_0p167","t":30,"s":[0,-22.5,0],"e":[0,-22.5,0],"to":[0,0,0],"ti":[0,0,0]},{"i":{"x":0.318,"y":0.845},"o":{"x":0.197,"y":0},"n":"0p318_0p845_0p197_0","t":80,"s":[0,-22.5,0],"e":[0,-42.442,0],"to":[0,0,0],"ti":[0,0,0]},{"i":{"x":0.624,"y":1},"o":{"x":0.267,"y":1},"n":"0p624_1_0p267_1","t":88,"s":[0,-42.442,0],"e":[0,-43.5,0],"to":[0,0,0],"ti":[0,0,0]},{"t":95.0000038694293}],"ix":2},"a":{"a":0,"k":[0,0,0],"ix":1},"s":{"a":0,"k":[100,100,100],"ix":6}},"ao":0,"shapes":[{"ty":"gr","it":[{"ind":0,"ty":"sh","ix":1,"ks":{"a":0,"k":{"i":[[0,0],[0,0],[0,0]],"o":[[0,0],[0,0],[0,0]],"v":[[3,1.5],[0,-1.5],[-3,1.5]],"c":false},"ix":2},"nm":"Path 1","mn":"ADBE Vector Shape - Group","hd":false},{"ty":"st","c":{"a":0,"k":[0.113609999418,0.112988002598,0.1074699983,1],"ix":3},"o":{"a":0,"k":100,"ix":4},"w":{"a":0,"k":1,"ix":5},"lc":2,"lj":2,"nm":"Stroke 1","mn":"ADBE Vector Graphic - Stroke","hd":false},{"ty":"tr","p":{"a":0,"k":[0,0],"ix":2},"a":{"a":0,"k":[0,0],"ix":1},"s":{"a":0,"k":[500,500],"ix":3},"r":{"a":0,"k":0,"ix":6},"o":{"a":0,"k":100,"ix":7},"sk":{"a":0,"k":0,"ix":4},"sa":{"a":0,"k":0,"ix":5},"nm":"Transform"}],"nm":"Stroke 334","np":2,"cix":2,"ix":1,"mn":"ADBE Vector Group","hd":false},{"ty":"tm","s":{"a":1,"k":[{"i":{"x":[0.26],"y":[1]},"o":{"x":[0.167],"y":[0.167]},"n":["0p26_1_0p167_0p167"],"t":7,"s":[50],"e":[100]},{"t":37.0000015070409}],"ix":1},"e":{"a":1,"k":[{"i":{"x":[0.26],"y":[1]},"o":{"x":[0.167],"y":[0.167]},"n":["0p26_1_0p167_0p167"],"t":7,"s":[50],"e":[0]},{"t":37.0000015070409}],"ix":2},"o":{"a":0,"k":0,"ix":3},"m":1,"ix":2,"nm":"Trim Paths 1","mn":"ADBE Vector Filter - Trim","hd":false}],"ip":0,"op":121.000004928431,"st":0,"bm":0},{"ddd":0,"ind":2,"ty":4,"nm":"Stroke 332","parent":3,"sr":1,"ks":{"o":{"a":0,"k":100,"ix":11},"r":{"a":0,"k":0,"ix":10},"p":{"a":1,"k":[{"i":{"x":0.33,"y":0.93},"o":{"x":0.187,"y":0.075},"n":"0p33_0p93_0p187_0p075","t":0,"s":[0,94,0],"e":[0,-7.695,0],"to":[0,-14.9848585128784,0],"ti":[0,18.7273921966553,0]},{"i":{"x":0.637,"y":1},"o":{"x":0.305,"y":0.539},"n":"0p637_1_0p305_0p539","t":13,"s":[0,-7.695,0],"e":[0,0,0],"to":[0,-0.85209321975708,0],"ti":[0,0,0]},{"i":{"x":0.26,"y":0.26},"o":{"x":0.167,"y":0.167},"n":"0p26_0p26_0p167_0p167","t":30,"s":[0,0,0],"e":[0,0,0],"to":[0,0,0],"ti":[0,0,0]},{"i":{"x":0.318,"y":0.845},"o":{"x":0.197,"y":0},"n":"0p318_0p845_0p197_0","t":80,"s":[0,0,0],"e":[0,13.295,0],"to":[0,0,0],"ti":[0,0,0]},{"i":{"x":0.624,"y":1},"o":{"x":0.267,"y":1},"n":"0p624_1_0p267_1","t":88,"s":[0,13.295,0],"e":[0,14,0],"to":[0,0,0],"ti":[0,0,0]},{"t":95.0000038694293}],"ix":2},"a":{"a":0,"k":[0,0,0],"ix":1},"s":{"a":0,"k":[100,100,100],"ix":6}},"ao":0,"shapes":[{"ty":"gr","it":[{"ind":0,"ty":"sh","ix":1,"ks":{"a":0,"k":{"i":[[0,0],[0,0]],"o":[[0,0],[0,0]],"v":[[0,-6],[0,6]],"c":false},"ix":2},"nm":"Path 1","mn":"ADBE Vector Shape - Group","hd":false},{"ty":"st","c":{"a":0,"k":[0.113609999418,0.112988002598,0.1074699983,1],"ix":3},"o":{"a":0,"k":100,"ix":4},"w":{"a":0,"k":1,"ix":5},"lc":2,"lj":2,"nm":"Stroke 1","mn":"ADBE Vector Graphic - Stroke","hd":false},{"ty":"tr","p":{"a":0,"k":[0,0],"ix":2},"a":{"a":0,"k":[0,0],"ix":1},"s":{"a":0,"k":[500,500],"ix":3},"r":{"a":0,"k":0,"ix":6},"o":{"a":0,"k":100,"ix":7},"sk":{"a":0,"k":0,"ix":4},"sa":{"a":0,"k":0,"ix":5},"nm":"Transform"}],"nm":"Stroke 332","np":2,"cix":2,"ix":1,"mn":"ADBE Vector Group","hd":false},{"ty":"tm","s":{"a":0,"k":100,"ix":1},"e":{"a":1,"k":[{"i":{"x":[0.833],"y":[0.833]},"o":{"x":[0.167],"y":[0.167]},"n":["0p833_0p833_0p167_0p167"],"t":0,"s":[100],"e":[0]},{"t":30.0000012219251}],"ix":2},"o":{"a":0,"k":0,"ix":3},"m":1,"ix":2,"nm":"Trim Paths 1","mn":"ADBE Vector Filter - Trim","hd":false}],"ip":0,"op":121.000004928431,"st":0,"bm":0},{"ddd":0,"ind":3,"ty":4,"nm":"Stroke 336","sr":1,"ks":{"o":{"a":0,"k":100,"ix":11},"r":{"a":0,"k":-90,"ix":10},"p":{"a":1,"k":[{"i":{"x":0.328,"y":0.719},"o":{"x":0.231,"y":0.286},"n":"0p328_0p719_0p231_0p286","t":80,"s":[68,68,0],"e":[89.565,68,0],"to":[4.05971765518188,0,0],"ti":[-5.13938808441162,0,0]},{"i":{"x":0.622,"y":1},"o":{"x":0.157,"y":1},"n":"0p622_1_0p157_1","t":88,"s":[89.565,68,0],"e":[90.8,68,0],"to":[0.74814528226852,0,0],"ti":[-0.04438721016049,0,0]},{"i":{"x":0.588,"y":0.787},"o":{"x":0.174,"y":0},"n":"0p588_0p787_0p174_0","t":95,"s":[90.8,68,0],"e":[-86.275,68,0],"to":[3.98245739936829,0,0],"ti":[54.575813293457,1.4210854715202e-14,0]},{"i":{"x":0.676,"y":1},"o":{"x":0.117,"y":1},"n":"0p676_1_0p117_1","t":103,"s":[-86.275,68,0],"e":[-109,68,0],"to":[-13.9444608688354,0,0],"ti":[0,0,0]},{"t":120.0000048877}],"ix":2},"a":{"a":0,"k":[0,0,0],"ix":1},"s":{"a":1,"k":[{"i":{"x":[0.356,0.356,0.356],"y":[0.908,0.908,1]},"o":{"x":[0.2,0.2,0.2],"y":[0.066,0.066,0]},"n":["0p356_0p908_0p2_0p066","0p356_0p908_0p2_0p066","0p356_1_0p2_0"],"t":0,"s":[0,0,100],"e":[66.086,66.086,100]},{"i":{"x":[0.619,0.619,0.619],"y":[1,1,1]},"o":{"x":[0.288,0.288,0.288],"y":[-0.769,-0.769,0]},"n":["0p619_1_0p288_-0p769","0p619_1_0p288_-0p769","0p619_1_0p288_0"],"t":11,"s":[66.086,66.086,100],"e":[60,60,100]},{"t":30.0000012219251}],"ix":6}},"ao":0,"shapes":[{"ty":"gr","it":[{"ind":0,"ty":"sh","ix":1,"ks":{"a":0,"k":{"i":[[0,-6.63],[6.63,0],[0,6.63],[-6.63,0]],"o":[[0,6.63],[-6.63,0],[0,-6.63],[6.63,0]],"v":[[12,0],[0,12],[-12,0],[0,-12]],"c":true},"ix":2},"nm":"Path 1","mn":"ADBE Vector Shape - Group","hd":false},{"ty":"st","c":{"a":0,"k":[0.113609999418,0.112988002598,0.1074699983,1],"ix":3},"o":{"a":0,"k":100,"ix":4},"w":{"a":0,"k":1,"ix":5},"lc":2,"lj":2,"nm":"Stroke 1","mn":"ADBE Vector Graphic - Stroke","hd":false},{"ty":"tr","p":{"a":0,"k":[0,0],"ix":2},"a":{"a":0,"k":[0,0],"ix":1},"s":{"a":0,"k":[500,500],"ix":3},"r":{"a":0,"k":0,"ix":6},"o":{"a":0,"k":100,"ix":7},"sk":{"a":0,"k":0,"ix":4},"sa":{"a":0,"k":0,"ix":5},"nm":"Transform"}],"nm":"Stroke 336","np":2,"cix":2,"ix":1,"mn":"ADBE Vector Group","hd":false}],"ip":0,"op":121.000004928431,"st":0,"bm":0}],"markers":[]}