{"v":"5.5.6","fr":29.9700012207031,"ip":0,"op":132.00000537647,"w":136,"h":136,"nm":"22_Snowy","ddd":0,"assets":[],"layers":[{"ddd":0,"ind":1,"ty":4,"nm":"Path 2","parent":3,"sr":1,"ks":{"o":{"a":0,"k":100,"ix":11},"r":{"a":0,"k":0,"ix":10},"p":{"a":0,"k":[0,0,0],"ix":2},"a":{"a":0,"k":[0,0,0],"ix":1},"s":{"a":0,"k":[100,100,100],"ix":6}},"ao":0,"shapes":[{"ty":"gr","it":[{"ind":0,"ty":"sh","ix":1,"ks":{"a":0,"k":{"i":[[2.9,0],[2.9,0],[0,-2.9],[0,-2.9],[-2.9,0],[0,0],[0,2.9]],"o":[[0,-2.9],[-2.9,0],[-2.9,0],[0,2.9],[0,0],[2.9,0],[0,-2.9]],"v":[[5.25,-2.625],[0,-7.875],[-5.25,-2.625],[-10.5,2.625],[-5.25,7.875],[5.25,7.875],[10.5,2.625]],"c":true},"ix":2},"nm":"Path 1","mn":"ADBE Vector Shape - Group","hd":false},{"ty":"st","c":{"a":0,"k":[0,0,0,1],"ix":3},"o":{"a":0,"k":100,"ix":4},"w":{"a":0,"k":1,"ix":5},"lc":2,"lj":2,"bm":0,"nm":"Stroke 1","mn":"ADBE Vector Graphic - Stroke","hd":false},{"ty":"tr","p":{"a":0,"k":[0,0],"ix":2},"a":{"a":0,"k":[0,0],"ix":1},"s":{"a":0,"k":[300,300],"ix":3},"r":{"a":0,"k":0,"ix":6},"o":{"a":0,"k":100,"ix":7},"sk":{"a":0,"k":0,"ix":4},"sa":{"a":0,"k":0,"ix":5},"nm":"Transform"}],"nm":"Path","np":2,"cix":2,"bm":0,"ix":1,"mn":"ADBE Vector Group","hd":false}],"ip":0,"op":132.00000537647,"st":0,"bm":0},{"ddd":0,"ind":2,"ty":4,"nm":"Path 3","parent":3,"sr":1,"ks":{"o":{"a":0,"k":100,"ix":11},"r":{"a":0,"k":0,"ix":10},"p":{"a":0,"k":[14.25,0,0],"ix":2},"a":{"a":0,"k":[0,0,0],"ix":1},"s":{"a":0,"k":[100,100,100],"ix":6}},"ao":0,"shapes":[{"ty":"gr","it":[{"ind":0,"ty":"sh","ix":1,"ks":{"a":0,"k":{"i":[[2.9,0],[2.9,0],[0.32,-0.06],[0,-2.56],[0,-2.9],[2.9,0],[0,0],[0,2.9]],"o":[[0,-2.9],[-0.34,0],[2.42,0.47],[2.9,0],[0,2.9],[0,0],[2.9,0],[0,-2.9]],"v":[[0.5,-2.625],[-4.75,-7.875],[-5.75,-7.775],[-1.5,-2.625],[3.75,2.625],[-1.5,7.875],[0.5,7.875],[5.75,2.625]],"c":true},"ix":2},"nm":"Path 1","mn":"ADBE Vector Shape - Group","hd":false},{"ty":"fl","c":{"a":0,"k":[0.854902029037,0.854902029037,0.854902029037,1],"ix":4},"o":{"a":0,"k":100,"ix":5},"r":1,"bm":0,"nm":"Fill 1","mn":"ADBE Vector Graphic - Fill","hd":false},{"ty":"tr","p":{"a":0,"k":[0,0],"ix":2},"a":{"a":0,"k":[0,0],"ix":1},"s":{"a":0,"k":[300,300],"ix":3},"r":{"a":0,"k":0,"ix":6},"o":{"a":0,"k":100,"ix":7},"sk":{"a":0,"k":0,"ix":4},"sa":{"a":0,"k":0,"ix":5},"nm":"Transform"}],"nm":"Path","np":2,"cix":2,"bm":0,"ix":1,"mn":"ADBE Vector Group","hd":false}],"ip":0,"op":132.00000537647,"st":0,"bm":0},{"ddd":0,"ind":3,"ty":4,"nm":"Path 4","sr":1,"ks":{"o":{"a":0,"k":100,"ix":11},"r":{"a":0,"k":0,"ix":10},"p":{"a":1,"k":[{"i":{"x":0.27,"y":0.939},"o":{"x":0.193,"y":0.062},"t":0,"s":[66.5,175.625,0],"to":[0,-19.002,0],"ti":[0,24.409,0]},{"i":{"x":0.644,"y":0.934},"o":{"x":0.311,"y":0.317},"t":10,"s":[66.5,50.054,0],"to":[0,-1.017,0],"ti":[0,-1.505,0]},{"i":{"x":0.653,"y":1},"o":{"x":0.32,"y":0.132},"t":20,"s":[66.5,60.265,0],"to":[0,0.394,0],"ti":[0,0,0]},{"i":{"x":0.22,"y":0.22},"o":{"x":0.167,"y":0.167},"t":30,"s":[66.5,55.625,0],"to":[0,0,0],"ti":[0,0,0]},{"i":{"x":0.288,"y":0.854},"o":{"x":0.203,"y":0},"t":80,"s":[66.5,55.625,0],"to":[0,0,0],"ti":[0,0,0]},{"i":{"x":0.617,"y":1},"o":{"x":0.248,"y":1},"t":89,"s":[66.5,101.748,0],"to":[0,0,0],"ti":[0,0,0]},{"i":{"x":0.583,"y":0.835},"o":{"x":0.176,"y":0},"t":100,"s":[66.5,104.625,0],"to":[0,0,0],"ti":[0,0,0]},{"i":{"x":0.675,"y":1},"o":{"x":0.242,"y":1},"t":110,"s":[66.5,-99.094,0],"to":[0,0,0],"ti":[0,0,0]},{"t":126.000005132085,"s":[66.5,-130.375,0]}],"ix":2},"a":{"a":0,"k":[0,0,0],"ix":1},"s":{"a":1,"k":[{"i":{"x":[0.295,0.295,0.295],"y":[0.87,0.87,-2.671]},"o":{"x":[0.206,0.206,0.206],"y":[0.088,0.088,2.477]},"t":8,"s":[70,70,100]},{"i":{"x":[0.613,0.613,0.613],"y":[1,1,1]},"o":{"x":[0.283,0.283,0.283],"y":[1.122,1.122,1.963]},"t":20,"s":[98.25,98.25,100]},{"t":36.0000014663101,"s":[100,100,100]}],"ix":6}},"ao":0,"shapes":[{"ty":"gr","it":[{"ind":0,"ty":"sh","ix":1,"ks":{"a":0,"k":{"i":[[2.9,0],[2.9,0],[0,-2.9],[0,-2.9],[-2.9,0],[0,0],[0,2.9]],"o":[[0,-2.9],[-2.9,0],[-2.9,0],[0,2.9],[0,0],[2.9,0],[0,-2.9]],"v":[[5.25,-2.625],[0,-7.875],[-5.25,-2.625],[-10.5,2.625],[-5.25,7.875],[5.25,7.875],[10.5,2.625]],"c":true},"ix":2},"nm":"Path 1","mn":"ADBE Vector Shape - Group","hd":false},{"ty":"fl","c":{"a":0,"k":[1,1,1,1],"ix":4},"o":{"a":0,"k":100,"ix":5},"r":1,"bm":0,"nm":"Fill 1","mn":"ADBE Vector Graphic - Fill","hd":false},{"ty":"tr","p":{"a":0,"k":[0,0],"ix":2},"a":{"a":0,"k":[0,0],"ix":1},"s":{"a":0,"k":[300,300],"ix":3},"r":{"a":0,"k":0,"ix":6},"o":{"a":0,"k":100,"ix":7},"sk":{"a":0,"k":0,"ix":4},"sa":{"a":0,"k":0,"ix":5},"nm":"Transform"}],"nm":"Path","np":2,"cix":2,"bm":0,"ix":1,"mn":"ADBE Vector Group","hd":false}],"ip":0,"op":132.00000537647,"st":0,"bm":0},{"ddd":0,"ind":4,"ty":4,"nm":"Path","parent":5,"sr":1,"ks":{"o":{"a":0,"k":100,"ix":11},"r":{"a":0,"k":0,"ix":10},"p":{"a":0,"k":[0,0,0],"ix":2},"a":{"a":0,"k":[0,0,0],"ix":1},"s":{"a":0,"k":[100,100,100],"ix":6}},"ao":0,"shapes":[{"ty":"gr","it":[{"ind":0,"ty":"sh","ix":1,"ks":{"a":0,"k":{"i":[[0,0],[0,0]],"o":[[0,0],[0,0]],"v":[[-1.41,1.415],[1.41,-1.415]],"c":false},"ix":2},"nm":"Path 1","mn":"ADBE Vector Shape - Group","hd":false},{"ty":"st","c":{"a":0,"k":[0,0,0,1],"ix":3},"o":{"a":0,"k":100,"ix":4},"w":{"a":0,"k":1,"ix":5},"lc":2,"lj":2,"bm":0,"nm":"Stroke 1","mn":"ADBE Vector Graphic - Stroke","hd":false},{"ty":"tr","p":{"a":0,"k":[0,0],"ix":2},"a":{"a":0,"k":[0,0],"ix":1},"s":{"a":0,"k":[300,300],"ix":3},"r":{"a":0,"k":0,"ix":6},"o":{"a":0,"k":100,"ix":7},"sk":{"a":0,"k":0,"ix":4},"sa":{"a":0,"k":0,"ix":5},"nm":"Transform"}],"nm":"Path","np":2,"cix":2,"bm":0,"ix":1,"mn":"ADBE Vector Group","hd":false},{"ty":"tm","s":{"a":1,"k":[{"i":{"x":[0.25],"y":[1]},"o":{"x":[0.167],"y":[0.167]},"t":20,"s":[50]},{"t":35.0000014255792,"s":[100]}],"ix":1},"e":{"a":1,"k":[{"i":{"x":[0.25],"y":[1]},"o":{"x":[0.167],"y":[0.167]},"t":20,"s":[50]},{"t":35.0000014255792,"s":[0]}],"ix":2},"o":{"a":0,"k":0,"ix":3},"m":1,"ix":2,"nm":"Trim Paths 1","mn":"ADBE Vector Filter - Trim","hd":false}],"ip":20.0000008146167,"op":93.0000037879677,"st":20.0000008146167,"bm":0},{"ddd":0,"ind":5,"ty":4,"nm":"Path","parent":3,"sr":1,"ks":{"o":{"a":0,"k":100,"ix":11},"r":{"a":0,"k":0,"ix":10},"p":{"a":1,"k":[{"i":{"x":0.281,"y":0.916},"o":{"x":0.188,"y":0.096},"t":20,"s":[18,1.13,0],"to":[0,5.449,0],"ti":[0,-6.657,0]},{"i":{"x":0.636,"y":1},"o":{"x":0.186,"y":1},"t":35,"s":[18,34.403,0],"to":[0,0.266,0],"ti":[0,0,0]},{"i":{"x":0.636,"y":0.636},"o":{"x":0.167,"y":0.167},"t":50,"s":[18,35.13,0],"to":[0,0,0],"ti":[0,0,0]},{"i":{"x":0.636,"y":1},"o":{"x":0.167,"y":0},"t":80,"s":[18,35.13,0],"to":[0,0,0],"ti":[0,0,0]},{"t":92.0000037472368,"s":[18,51.13,0]}],"ix":2},"a":{"a":0,"k":[0,0,0],"ix":1},"s":{"a":0,"k":[100,100,100],"ix":6}},"ao":0,"shapes":[{"ty":"gr","it":[{"ind":0,"ty":"sh","ix":1,"ks":{"a":0,"k":{"i":[[0,0],[0,0]],"o":[[0,0],[0,0]],"v":[[-1.41,-1.415],[1.41,1.415]],"c":false},"ix":2},"nm":"Path 1","mn":"ADBE Vector Shape - Group","hd":false},{"ty":"st","c":{"a":0,"k":[0,0,0,1],"ix":3},"o":{"a":0,"k":100,"ix":4},"w":{"a":0,"k":1,"ix":5},"lc":2,"lj":2,"bm":0,"nm":"Stroke 1","mn":"ADBE Vector Graphic - Stroke","hd":false},{"ty":"tr","p":{"a":0,"k":[0,0],"ix":2},"a":{"a":0,"k":[0,0],"ix":1},"s":{"a":0,"k":[300,300],"ix":3},"r":{"a":0,"k":0,"ix":6},"o":{"a":0,"k":100,"ix":7},"sk":{"a":0,"k":0,"ix":4},"sa":{"a":0,"k":0,"ix":5},"nm":"Transform"}],"nm":"Path","np":2,"cix":2,"bm":0,"ix":1,"mn":"ADBE Vector Group","hd":false},{"ty":"tm","s":{"a":1,"k":[{"i":{"x":[0.25],"y":[1]},"o":{"x":[0.167],"y":[0.167]},"t":20,"s":[50]},{"t":35.0000014255792,"s":[100]}],"ix":1},"e":{"a":1,"k":[{"i":{"x":[0.25],"y":[1]},"o":{"x":[0.167],"y":[0.167]},"t":20,"s":[50]},{"t":35.0000014255792,"s":[0]}],"ix":2},"o":{"a":0,"k":0,"ix":3},"m":1,"ix":2,"nm":"Trim Paths 1","mn":"ADBE Vector Filter - Trim","hd":false}],"ip":20.0000008146167,"op":93.0000037879677,"st":20.0000008146167,"bm":0},{"ddd":0,"ind":6,"ty":4,"nm":"Path","parent":7,"sr":1,"ks":{"o":{"a":0,"k":100,"ix":11},"r":{"a":0,"k":0,"ix":10},"p":{"a":0,"k":[0,0,0],"ix":2},"a":{"a":0,"k":[0,0,0],"ix":1},"s":{"a":0,"k":[100,100,100],"ix":6}},"ao":0,"shapes":[{"ty":"gr","it":[{"ind":0,"ty":"sh","ix":1,"ks":{"a":0,"k":{"i":[[0,0],[0,0]],"o":[[0,0],[0,0]],"v":[[-1.41,1.415],[1.41,-1.415]],"c":false},"ix":2},"nm":"Path 1","mn":"ADBE Vector Shape - Group","hd":false},{"ty":"st","c":{"a":0,"k":[0,0,0,1],"ix":3},"o":{"a":0,"k":100,"ix":4},"w":{"a":0,"k":1,"ix":5},"lc":2,"lj":2,"bm":0,"nm":"Stroke 1","mn":"ADBE Vector Graphic - Stroke","hd":false},{"ty":"tr","p":{"a":0,"k":[0,0],"ix":2},"a":{"a":0,"k":[0,0],"ix":1},"s":{"a":0,"k":[300,300],"ix":3},"r":{"a":0,"k":0,"ix":6},"o":{"a":0,"k":100,"ix":7},"sk":{"a":0,"k":0,"ix":4},"sa":{"a":0,"k":0,"ix":5},"nm":"Transform"}],"nm":"Path","np":2,"cix":2,"bm":0,"ix":1,"mn":"ADBE Vector Group","hd":false},{"ty":"tm","s":{"a":1,"k":[{"i":{"x":[0.25],"y":[1]},"o":{"x":[0.167],"y":[0.167]},"t":15,"s":[50]},{"t":30.0000012219251,"s":[100]}],"ix":1},"e":{"a":1,"k":[{"i":{"x":[0.25],"y":[1]},"o":{"x":[0.167],"y":[0.167]},"t":15,"s":[50]},{"t":30.0000012219251,"s":[0]}],"ix":2},"o":{"a":0,"k":0,"ix":3},"m":1,"ix":2,"nm":"Trim Paths 1","mn":"ADBE Vector Filter - Trim","hd":false}],"ip":15.0000006109625,"op":93.0000037879676,"st":15.0000006109625,"bm":0},{"ddd":0,"ind":7,"ty":4,"nm":"Path","parent":3,"sr":1,"ks":{"o":{"a":0,"k":100,"ix":11},"r":{"a":0,"k":0,"ix":10},"p":{"a":1,"k":[{"i":{"x":0.281,"y":0.916},"o":{"x":0.188,"y":0.096},"t":15,"s":[0,10.13,0],"to":[0,5.449,0],"ti":[0,-6.657,0]},{"i":{"x":0.636,"y":1},"o":{"x":0.186,"y":1},"t":30,"s":[0,43.403,0],"to":[0,0.266,0],"ti":[0,0,0]},{"i":{"x":0.636,"y":0.636},"o":{"x":0.167,"y":0.167},"t":45,"s":[0,44.13,0],"to":[0,0,0],"ti":[0,0,0]},{"i":{"x":0.636,"y":1},"o":{"x":0.167,"y":0},"t":80,"s":[0,44.13,0],"to":[0,0,0],"ti":[0,0,0]},{"t":92.0000037472368,"s":[0,60.13,0]}],"ix":2},"a":{"a":0,"k":[0,0,0],"ix":1},"s":{"a":0,"k":[100,100,100],"ix":6}},"ao":0,"shapes":[{"ty":"gr","it":[{"ind":0,"ty":"sh","ix":1,"ks":{"a":0,"k":{"i":[[0,0],[0,0]],"o":[[0,0],[0,0]],"v":[[-1.41,-1.415],[1.41,1.415]],"c":false},"ix":2},"nm":"Path 1","mn":"ADBE Vector Shape - Group","hd":false},{"ty":"st","c":{"a":0,"k":[0,0,0,1],"ix":3},"o":{"a":0,"k":100,"ix":4},"w":{"a":0,"k":1,"ix":5},"lc":2,"lj":2,"bm":0,"nm":"Stroke 1","mn":"ADBE Vector Graphic - Stroke","hd":false},{"ty":"tr","p":{"a":0,"k":[0,0],"ix":2},"a":{"a":0,"k":[0,0],"ix":1},"s":{"a":0,"k":[300,300],"ix":3},"r":{"a":0,"k":0,"ix":6},"o":{"a":0,"k":100,"ix":7},"sk":{"a":0,"k":0,"ix":4},"sa":{"a":0,"k":0,"ix":5},"nm":"Transform"}],"nm":"Path","np":2,"cix":2,"bm":0,"ix":1,"mn":"ADBE Vector Group","hd":false},{"ty":"tm","s":{"a":1,"k":[{"i":{"x":[0.25],"y":[1]},"o":{"x":[0.167],"y":[0.167]},"t":15,"s":[50]},{"t":30.0000012219251,"s":[100]}],"ix":1},"e":{"a":1,"k":[{"i":{"x":[0.25],"y":[1]},"o":{"x":[0.167],"y":[0.167]},"t":15,"s":[50]},{"t":30.0000012219251,"s":[0]}],"ix":2},"o":{"a":0,"k":0,"ix":3},"m":1,"ix":2,"nm":"Trim Paths 1","mn":"ADBE Vector Filter - Trim","hd":false}],"ip":15.0000006109625,"op":93.0000037879676,"st":15.0000006109625,"bm":0},{"ddd":0,"ind":8,"ty":4,"nm":"Path","parent":9,"sr":1,"ks":{"o":{"a":0,"k":100,"ix":11},"r":{"a":0,"k":0,"ix":10},"p":{"a":0,"k":[0,0,0],"ix":2},"a":{"a":0,"k":[0,0,0],"ix":1},"s":{"a":0,"k":[100,100,100],"ix":6}},"ao":0,"shapes":[{"ty":"gr","it":[{"ind":0,"ty":"sh","ix":1,"ks":{"a":0,"k":{"i":[[0,0],[0,0]],"o":[[0,0],[0,0]],"v":[[-1.41,1.415],[1.41,-1.415]],"c":false},"ix":2},"nm":"Path 1","mn":"ADBE Vector Shape - Group","hd":false},{"ty":"st","c":{"a":0,"k":[0,0,0,1],"ix":3},"o":{"a":0,"k":100,"ix":4},"w":{"a":0,"k":1,"ix":5},"lc":2,"lj":2,"bm":0,"nm":"Stroke 1","mn":"ADBE Vector Graphic - Stroke","hd":false},{"ty":"tr","p":{"a":0,"k":[0,0],"ix":2},"a":{"a":0,"k":[0,0],"ix":1},"s":{"a":0,"k":[300,300],"ix":3},"r":{"a":0,"k":0,"ix":6},"o":{"a":0,"k":100,"ix":7},"sk":{"a":0,"k":0,"ix":4},"sa":{"a":0,"k":0,"ix":5},"nm":"Transform"}],"nm":"Path","np":2,"cix":2,"bm":0,"ix":1,"mn":"ADBE Vector Group","hd":false},{"ty":"tm","s":{"a":1,"k":[{"i":{"x":[0.25],"y":[1]},"o":{"x":[0.167],"y":[0.167]},"t":10,"s":[50]},{"t":25.0000010182709,"s":[100]}],"ix":1},"e":{"a":1,"k":[{"i":{"x":[0.25],"y":[1]},"o":{"x":[0.167],"y":[0.167]},"t":10,"s":[50]},{"t":25.0000010182709,"s":[0]}],"ix":2},"o":{"a":0,"k":0,"ix":3},"m":1,"ix":2,"nm":"Trim Paths 1","mn":"ADBE Vector Filter - Trim","hd":false}],"ip":10.0000004073083,"op":93.0000037879677,"st":10.0000004073083,"bm":0},{"ddd":0,"ind":9,"ty":4,"nm":"Path","parent":3,"sr":1,"ks":{"o":{"a":0,"k":100,"ix":11},"r":{"a":0,"k":0,"ix":10},"p":{"a":1,"k":[{"i":{"x":0.281,"y":0.916},"o":{"x":0.188,"y":0.096},"t":10,"s":[-18,1.13,0],"to":[0,5.449,0],"ti":[0,-6.657,0]},{"i":{"x":0.636,"y":1},"o":{"x":0.186,"y":1},"t":25,"s":[-18,34.403,0],"to":[0,0.266,0],"ti":[0,0,0]},{"i":{"x":0.636,"y":0.636},"o":{"x":0.167,"y":0.167},"t":40,"s":[-18,35.13,0],"to":[0,0,0],"ti":[0,0,0]},{"i":{"x":0.636,"y":1},"o":{"x":0.167,"y":0},"t":80,"s":[-18,35.13,0],"to":[0,0,0],"ti":[0,0,0]},{"t":92.0000037472368,"s":[-18,51.13,0]}],"ix":2},"a":{"a":0,"k":[0,0,0],"ix":1},"s":{"a":0,"k":[100,100,100],"ix":6}},"ao":0,"shapes":[{"ty":"gr","it":[{"ind":0,"ty":"sh","ix":1,"ks":{"a":0,"k":{"i":[[0,0],[0,0]],"o":[[0,0],[0,0]],"v":[[-1.41,-1.415],[1.41,1.415]],"c":false},"ix":2},"nm":"Path 1","mn":"ADBE Vector Shape - Group","hd":false},{"ty":"st","c":{"a":0,"k":[0,0,0,1],"ix":3},"o":{"a":0,"k":100,"ix":4},"w":{"a":0,"k":1,"ix":5},"lc":2,"lj":2,"bm":0,"nm":"Stroke 1","mn":"ADBE Vector Graphic - Stroke","hd":false},{"ty":"tr","p":{"a":0,"k":[0,0],"ix":2},"a":{"a":0,"k":[0,0],"ix":1},"s":{"a":0,"k":[300,300],"ix":3},"r":{"a":0,"k":0,"ix":6},"o":{"a":0,"k":100,"ix":7},"sk":{"a":0,"k":0,"ix":4},"sa":{"a":0,"k":0,"ix":5},"nm":"Transform"}],"nm":"Path","np":2,"cix":2,"bm":0,"ix":1,"mn":"ADBE Vector Group","hd":false},{"ty":"tm","s":{"a":1,"k":[{"i":{"x":[0.25],"y":[1]},"o":{"x":[0.167],"y":[0.167]},"t":10,"s":[50]},{"t":25.0000010182709,"s":[100]}],"ix":1},"e":{"a":1,"k":[{"i":{"x":[0.25],"y":[1]},"o":{"x":[0.167],"y":[0.167]},"t":10,"s":[50]},{"t":25.0000010182709,"s":[0]}],"ix":2},"o":{"a":0,"k":0,"ix":3},"m":1,"ix":2,"nm":"Trim Paths 1","mn":"ADBE Vector Filter - Trim","hd":false}],"ip":10.0000004073083,"op":93.0000037879677,"st":10.0000004073083,"bm":0}],"markers":[]}