{"v":"5.5.6","fr":29.9700012207031,"ip":0,"op":131.000005335739,"w":136,"h":136,"nm":"23_Moon","ddd":0,"assets":[],"layers":[{"ddd":0,"ind":1,"ty":4,"nm":"Path 3","parent":3,"sr":1,"ks":{"o":{"a":0,"k":100,"ix":11},"r":{"a":0,"k":0,"ix":10},"p":{"a":0,"k":[0,0,0],"ix":2},"a":{"a":0,"k":[0,0,0],"ix":1},"s":{"a":0,"k":[100,100,100],"ix":6}},"ao":0,"shapes":[{"ty":"gr","it":[{"ind":0,"ty":"sh","ix":1,"ks":{"a":0,"k":{"i":[[5.39,1.24],[0,-0.94],[6.71,0],[0.88,0.2],[-5.78,0],[0,6.71]],"o":[[0.2,0.88],[0,6.71],[-0.94,0],[1.24,5.4],[6.71,0],[-0.01,-5.77]],"v":[[2.57,-11.995],[2.88,-9.265],[-9.27,2.885],[-12,2.575],[-0.15,11.995],[12,-0.155]],"c":true},"ix":2,"x":"var $bm_rt;\n$bm_rt = thisComp.layer('Path 2').content('Path').content('Path 1').path;"},"nm":"Path 1","mn":"ADBE Vector Shape - Group","hd":false},{"ty":"st","c":{"a":0,"k":[0,0,0,1],"ix":3},"o":{"a":0,"k":100,"ix":4},"w":{"a":0,"k":1,"ix":5},"lc":2,"lj":2,"bm":0,"nm":"Stroke 1","mn":"ADBE Vector Graphic - Stroke","hd":false},{"ty":"tr","p":{"a":0,"k":[0,0],"ix":2},"a":{"a":0,"k":[0,0],"ix":1},"s":{"a":0,"k":[300,300],"ix":3},"r":{"a":0,"k":0,"ix":6},"o":{"a":0,"k":100,"ix":7},"sk":{"a":0,"k":0,"ix":4},"sa":{"a":0,"k":0,"ix":5},"nm":"Transform"}],"nm":"Path","np":2,"cix":2,"bm":0,"ix":1,"mn":"ADBE Vector Group","hd":false}],"ip":0,"op":131.000005335739,"st":0,"bm":0},{"ddd":0,"ind":2,"ty":4,"nm":"Path","parent":3,"sr":1,"ks":{"o":{"a":0,"k":100,"ix":11},"r":{"a":0,"k":0,"ix":10},"p":{"a":0,"k":[16.11,0.03,0],"ix":2},"a":{"a":0,"k":[0,0,0],"ix":1},"s":{"a":0,"k":[100,100,100],"ix":6}},"ao":0,"shapes":[{"ty":"gr","it":[{"ind":0,"ty":"sh","ix":1,"ks":{"a":0,"k":{"i":[[5.39,1.24],[-0.04,-0.24],[0,-4.99],[6.28,-0.48],[-0.36,0],[0,6.71]],"o":[[0.05,0.23],[4.3,1.87],[0,6.4],[0.35,0.03],[6.71,0],[0.01,-5.79]],"v":[[-2.8,-12.005],[-2.68,-11.295],[4.62,-0.155],[-6.61,11.955],[-5.54,12.005],[6.61,-0.145]],"c":true},"ix":2},"nm":"Path 1","mn":"ADBE Vector Shape - Group","hd":false},{"ty":"fl","c":{"a":0,"k":[0.854902029037,0.854902029037,0.854902029037,1],"ix":4},"o":{"a":0,"k":100,"ix":5},"r":1,"bm":0,"nm":"Fill 1","mn":"ADBE Vector Graphic - Fill","hd":false},{"ty":"tr","p":{"a":0,"k":[0,0],"ix":2},"a":{"a":0,"k":[0,0],"ix":1},"s":{"a":0,"k":[300,300],"ix":3},"r":{"a":0,"k":0,"ix":6},"o":{"a":0,"k":100,"ix":7},"sk":{"a":0,"k":0,"ix":4},"sa":{"a":0,"k":0,"ix":5},"nm":"Transform"}],"nm":"Path","np":2,"cix":2,"bm":0,"ix":1,"mn":"ADBE Vector Group","hd":false}],"ip":0,"op":131.000005335739,"st":0,"bm":0},{"ddd":0,"ind":3,"ty":4,"nm":"Path 2","sr":1,"ks":{"o":{"a":0,"k":100,"ix":11},"r":{"a":0,"k":0,"ix":10},"p":{"a":1,"k":[{"i":{"x":0.375,"y":0.942},"o":{"x":0.194,"y":0.046},"t":0,"s":[145.5,141.985,0],"to":[-10.812,-10.352,0],"ti":[15.578,14.915,0]},{"i":{"x":0.574,"y":0.957},"o":{"x":0.184,"y":0.329},"t":11.734,"s":[65.953,65.791,0],"to":[-1.195,-1.144,0],"ti":[-0.124,-0.161,0]},{"i":{"x":0.679,"y":1},"o":{"x":0.332,"y":0.046},"t":26.4,"s":[71.131,70.101,0],"to":[0.016,0.021,0],"ti":[0,0,0]},{"i":{"x":0.679,"y":0.679},"o":{"x":0.167,"y":0.167},"t":37,"s":[68,67.985,0],"to":[0,0,0],"ti":[0,0,0]},{"i":{"x":0.562,"y":0.851},"o":{"x":0.178,"y":0},"t":80,"s":[68,67.985,0],"to":[0,0,0],"ti":[-1.907,-1.88,0]},{"i":{"x":0.661,"y":0.857},"o":{"x":0.231,"y":1},"t":86,"s":[74.423,74.27,0],"to":[0.489,0.483,0],"ti":[-0.025,-0.033,0]},{"i":{"x":0.664,"y":0.846},"o":{"x":0.333,"y":0.001},"t":96,"s":[75.256,75.101,0],"to":[0.013,0.017,0],"ti":[35.779,35.78,0]},{"i":{"x":0.665,"y":0.989},"o":{"x":0.194,"y":1},"t":106,"s":[-47.043,-47.197,0],"to":[-9.324,-9.324,0],"ti":[0,0,0]},{"t":120.0000048877,"s":[-62.244,-62.399,0]}],"ix":2},"a":{"a":0,"k":[0,0,0],"ix":1},"s":{"a":0,"k":[100,100,100],"ix":6}},"ao":0,"shapes":[{"ty":"gr","it":[{"ind":0,"ty":"sh","ix":1,"ks":{"a":0,"k":{"i":[[5.39,1.24],[0,-0.94],[6.71,0],[0.88,0.2],[-5.78,0],[0,6.71]],"o":[[0.2,0.88],[0,6.71],[-0.94,0],[1.24,5.4],[6.71,0],[-0.01,-5.77]],"v":[[2.57,-11.995],[2.88,-9.265],[-9.27,2.885],[-12,2.575],[-0.15,11.995],[12,-0.155]],"c":true},"ix":2},"nm":"Path 1","mn":"ADBE Vector Shape - Group","hd":false},{"ty":"fl","c":{"a":0,"k":[1,1,1,1],"ix":4},"o":{"a":0,"k":100,"ix":5},"r":1,"bm":0,"nm":"Fill 1","mn":"ADBE Vector Graphic - Fill","hd":false},{"ty":"tr","p":{"a":0,"k":[0,0],"ix":2},"a":{"a":0,"k":[0,0],"ix":1},"s":{"a":0,"k":[300,300],"ix":3},"r":{"a":0,"k":0,"ix":6},"o":{"a":0,"k":100,"ix":7},"sk":{"a":0,"k":0,"ix":4},"sa":{"a":0,"k":0,"ix":5},"nm":"Transform"}],"nm":"Path","np":2,"cix":2,"bm":0,"ix":1,"mn":"ADBE Vector Group","hd":false}],"ip":0,"op":131.000005335739,"st":0,"bm":0}],"markers":[]}