{"v":"5.5.6","fr":29.9700012207031,"ip":0,"op":121.000004928431,"w":136,"h":136,"nm":"32_Wind","ddd":0,"assets":[],"layers":[{"ddd":0,"ind":1,"ty":3,"nm":"Null 5","sr":1,"ks":{"o":{"a":0,"k":0,"ix":11},"r":{"a":0,"k":0,"ix":10},"p":{"a":1,"k":[{"i":{"x":0.29,"y":1},"o":{"x":0.167,"y":0.156},"t":0,"s":[-9,68,0],"to":[12.833,0,0],"ti":[-12.833,0,0]},{"t":30.0000012219251,"s":[68,68,0]}],"ix":2},"a":{"a":0,"k":[0,0,0],"ix":1},"s":{"a":0,"k":[100,100,100],"ix":6}},"ao":0,"ip":0,"op":150.000006109625,"st":0,"bm":0},{"ddd":0,"ind":2,"ty":4,"nm":"Path 5","parent":1,"sr":1,"ks":{"o":{"a":0,"k":100,"ix":11},"r":{"a":0,"k":0,"ix":10},"p":{"a":0,"k":[-6.75,16.5,0],"ix":2},"a":{"a":0,"k":[0,0,0],"ix":1},"s":{"a":0,"k":[100,100,100],"ix":6}},"ao":0,"shapes":[{"ty":"gr","it":[{"ind":0,"ty":"sh","ix":1,"ks":{"a":0,"k":{"i":[[0,0],[-0.83,0],[0,0.83],[0.83,0],[0,0]],"o":[[0,0.83],[0.83,0],[0,-0.83],[0,0],[0,0]],"v":[[3.75,0],[5.25,1.5],[6.75,0],[5.25,-1.5],[-6.75,-1.5]],"c":false},"ix":2},"nm":"Path 1","mn":"ADBE Vector Shape - Group","hd":false},{"ty":"st","c":{"a":0,"k":[0,0,0,1],"ix":3},"o":{"a":0,"k":100,"ix":4},"w":{"a":0,"k":1,"ix":5},"lc":2,"lj":2,"bm":0,"nm":"Stroke 1","mn":"ADBE Vector Graphic - Stroke","hd":false},{"ty":"tr","p":{"a":0,"k":[0,0],"ix":2},"a":{"a":0,"k":[0,0],"ix":1},"s":{"a":0,"k":[300,300],"ix":3},"r":{"a":0,"k":0,"ix":6},"o":{"a":0,"k":100,"ix":7},"sk":{"a":0,"k":0,"ix":4},"sa":{"a":0,"k":0,"ix":5},"nm":"Transform"}],"nm":"Path","np":2,"cix":2,"bm":0,"ix":1,"mn":"ADBE Vector Group","hd":false},{"ty":"tm","s":{"a":1,"k":[{"i":{"x":[0.27],"y":[1]},"o":{"x":[0.167],"y":[0.167]},"t":18,"s":[100]},{"t":48.0000019550801,"s":[0]}],"ix":1},"e":{"a":1,"k":[{"i":{"x":[0.29],"y":[1]},"o":{"x":[0.167],"y":[0.167]},"t":90,"s":[100]},{"t":99.0000040323527,"s":[0]}],"ix":2},"o":{"a":0,"k":360,"ix":3},"m":1,"ix":2,"nm":"Trim Paths 1","mn":"ADBE Vector Filter - Trim","hd":false}],"ip":18.000000733155,"op":168.349506857016,"st":18.000000733155,"bm":0},{"ddd":0,"ind":3,"ty":4,"nm":"Path 4","parent":1,"sr":1,"ks":{"o":{"a":0,"k":100,"ix":11},"r":{"a":0,"k":0,"ix":10},"p":{"a":0,"k":[-2.25,7.5,0],"ix":2},"a":{"a":0,"k":[0,0,0],"ix":1},"s":{"a":0,"k":[100,100,100],"ix":6}},"ao":0,"shapes":[{"ty":"gr","it":[{"ind":0,"ty":"sh","ix":1,"ks":{"a":0,"k":{"i":[[0,0],[-0.83,0],[0,0.83],[0.83,0],[0,0]],"o":[[0,0.83],[0.83,0],[0,-0.83],[0,0],[0,0]],"v":[[8.25,0],[9.75,1.5],[11.25,0],[9.75,-1.5],[-11.25,-1.5]],"c":false},"ix":2},"nm":"Path 1","mn":"ADBE Vector Shape - Group","hd":false},{"ty":"st","c":{"a":0,"k":[0,0,0,1],"ix":3},"o":{"a":0,"k":100,"ix":4},"w":{"a":0,"k":1,"ix":5},"lc":2,"lj":2,"bm":0,"nm":"Stroke 1","mn":"ADBE Vector Graphic - Stroke","hd":false},{"ty":"tr","p":{"a":0,"k":[0,0],"ix":2},"a":{"a":0,"k":[0,0],"ix":1},"s":{"a":0,"k":[300,300],"ix":3},"r":{"a":0,"k":0,"ix":6},"o":{"a":0,"k":100,"ix":7},"sk":{"a":0,"k":0,"ix":4},"sa":{"a":0,"k":0,"ix":5},"nm":"Transform"}],"nm":"Path","np":2,"cix":2,"bm":0,"ix":1,"mn":"ADBE Vector Group","hd":false},{"ty":"tm","s":{"a":1,"k":[{"i":{"x":[0.27],"y":[1]},"o":{"x":[0.167],"y":[0.167]},"t":22,"s":[100]},{"t":52.0000021180034,"s":[0]}],"ix":1},"e":{"a":1,"k":[{"i":{"x":[0.29],"y":[1]},"o":{"x":[0.167],"y":[0.167]},"t":90,"s":[100]},{"t":108.00000439893,"s":[0]}],"ix":2},"o":{"a":0,"k":360,"ix":3},"m":1,"ix":2,"nm":"Trim Paths 1","mn":"ADBE Vector Filter - Trim","hd":false}],"ip":22.0000008960784,"op":172.349507019939,"st":22.0000008960784,"bm":0},{"ddd":0,"ind":4,"ty":4,"nm":"Path 3","parent":1,"sr":1,"ks":{"o":{"a":0,"k":100,"ix":11},"r":{"a":0,"k":0,"ix":10},"p":{"a":0,"k":[4.5,-10.5,0],"ix":2},"a":{"a":0,"k":[0,0,0],"ix":1},"s":{"a":0,"k":[100,100,100],"ix":6}},"ao":0,"shapes":[{"ty":"gr","it":[{"ind":0,"ty":"sh","ix":1,"ks":{"a":0,"k":{"i":[[0,0],[-0.83,0],[0,-0.83],[0.83,0],[0,0]],"o":[[0,-0.83],[0.83,0],[0,0.83],[0,0],[0,0]],"v":[[7.5,0],[9,-1.5],[10.5,0],[9,1.5],[-10.5,1.5]],"c":false},"ix":2},"nm":"Path 1","mn":"ADBE Vector Shape - Group","hd":false},{"ty":"st","c":{"a":0,"k":[0,0,0,1],"ix":3},"o":{"a":0,"k":100,"ix":4},"w":{"a":0,"k":1,"ix":5},"lc":2,"lj":2,"bm":0,"nm":"Stroke 1","mn":"ADBE Vector Graphic - Stroke","hd":false},{"ty":"tr","p":{"a":0,"k":[0,0],"ix":2},"a":{"a":0,"k":[0,0],"ix":1},"s":{"a":0,"k":[300,300],"ix":3},"r":{"a":0,"k":0,"ix":6},"o":{"a":0,"k":100,"ix":7},"sk":{"a":0,"k":0,"ix":4},"sa":{"a":0,"k":0,"ix":5},"nm":"Transform"}],"nm":"Path","np":2,"cix":2,"bm":0,"ix":1,"mn":"ADBE Vector Group","hd":false},{"ty":"tm","s":{"a":1,"k":[{"i":{"x":[0.27],"y":[1]},"o":{"x":[0.167],"y":[0.167]},"t":25,"s":[100]},{"t":55.0000022401959,"s":[0]}],"ix":1},"e":{"a":1,"k":[{"i":{"x":[0.29],"y":[1]},"o":{"x":[0.167],"y":[0.167]},"t":90,"s":[100]},{"t":101.000004113814,"s":[0]}],"ix":2},"o":{"a":0,"k":360,"ix":3},"m":1,"ix":2,"nm":"Trim Paths 1","mn":"ADBE Vector Filter - Trim","hd":false}],"ip":25.0000010182709,"op":175.349507142132,"st":25.0000010182709,"bm":0},{"ddd":0,"ind":5,"ty":4,"nm":"Path 2","parent":1,"sr":1,"ks":{"o":{"a":0,"k":100,"ix":11},"r":{"a":0,"k":0,"ix":10},"p":{"a":0,"k":[-6.75,-19.5,0],"ix":2},"a":{"a":0,"k":[0,0,0],"ix":1},"s":{"a":0,"k":[100,100,100],"ix":6}},"ao":0,"shapes":[{"ty":"gr","it":[{"ind":0,"ty":"sh","ix":1,"ks":{"a":0,"k":{"i":[[0,0],[-0.83,0],[0,-0.83],[0.83,0],[0,0]],"o":[[0,-0.83],[0.83,0],[0,0.83],[0,0],[0,0]],"v":[[6.75,0],[8.25,-1.5],[9.75,0],[8.25,1.5],[-9.75,1.5]],"c":false},"ix":2},"nm":"Path 1","mn":"ADBE Vector Shape - Group","hd":false},{"ty":"st","c":{"a":0,"k":[0,0,0,1],"ix":3},"o":{"a":0,"k":100,"ix":4},"w":{"a":0,"k":1,"ix":5},"lc":2,"lj":2,"bm":0,"nm":"Stroke 1","mn":"ADBE Vector Graphic - Stroke","hd":false},{"ty":"tr","p":{"a":0,"k":[0,0],"ix":2},"a":{"a":0,"k":[0,0],"ix":1},"s":{"a":0,"k":[300,300],"ix":3},"r":{"a":0,"k":0,"ix":6},"o":{"a":0,"k":100,"ix":7},"sk":{"a":0,"k":0,"ix":4},"sa":{"a":0,"k":0,"ix":5},"nm":"Transform"}],"nm":"Path","np":2,"cix":2,"bm":0,"ix":1,"mn":"ADBE Vector Group","hd":false},{"ty":"tm","s":{"a":1,"k":[{"i":{"x":[0.27],"y":[1]},"o":{"x":[0.167],"y":[0.167]},"t":15,"s":[100]},{"t":45.0000018328876,"s":[0]}],"ix":1},"e":{"a":1,"k":[{"i":{"x":[0.29],"y":[1]},"o":{"x":[0.167],"y":[0.167]},"t":90,"s":[100]},{"t":97.000003950891,"s":[0]}],"ix":2},"o":{"a":0,"k":360,"ix":3},"m":1,"ix":2,"nm":"Trim Paths 1","mn":"ADBE Vector Filter - Trim","hd":false}],"ip":15.0000006109625,"op":165.349506734823,"st":15.0000006109625,"bm":0},{"ddd":0,"ind":6,"ty":4,"nm":"Path","parent":1,"sr":1,"ks":{"o":{"a":0,"k":100,"ix":11},"r":{"a":0,"k":0,"ix":10},"p":{"a":0,"k":[-6.75,16.5,0],"ix":2},"a":{"a":0,"k":[0,0,0],"ix":1},"s":{"a":0,"k":[100,100,100],"ix":6}},"ao":0,"shapes":[{"ty":"gr","it":[{"ind":0,"ty":"sh","ix":1,"ks":{"a":0,"k":{"i":[[0,0],[-0.83,0],[0,0.83],[0.83,0],[0,0]],"o":[[0,0.83],[0.83,0],[0,-0.83],[0,0],[0,0]],"v":[[3.75,0],[5.25,1.5],[6.75,0],[5.25,-1.5],[-6.75,-1.5]],"c":false},"ix":2},"nm":"Path 1","mn":"ADBE Vector Shape - Group","hd":false},{"ty":"st","c":{"a":0,"k":[0,0,0,1],"ix":3},"o":{"a":0,"k":100,"ix":4},"w":{"a":0,"k":1,"ix":5},"lc":2,"lj":2,"bm":0,"nm":"Stroke 1","mn":"ADBE Vector Graphic - Stroke","hd":false},{"ty":"tr","p":{"a":0,"k":[0,0],"ix":2},"a":{"a":0,"k":[0,0],"ix":1},"s":{"a":0,"k":[300,300],"ix":3},"r":{"a":0,"k":0,"ix":6},"o":{"a":0,"k":100,"ix":7},"sk":{"a":0,"k":0,"ix":4},"sa":{"a":0,"k":0,"ix":5},"nm":"Transform"}],"nm":"Path","np":2,"cix":2,"bm":0,"ix":1,"mn":"ADBE Vector Group","hd":false},{"ty":"tm","s":{"a":1,"k":[{"i":{"x":[0.27],"y":[1]},"o":{"x":[0.167],"y":[0.167]},"t":3,"s":[100]},{"t":33.0000013441176,"s":[0]}],"ix":1},"e":{"a":1,"k":[{"i":{"x":[0.27],"y":[1]},"o":{"x":[0.167],"y":[0.167]},"t":7,"s":[100]},{"t":33.0000013441176,"s":[0]}],"ix":2},"o":{"a":0,"k":360,"ix":3},"m":1,"ix":2,"nm":"Trim Paths 1","mn":"ADBE Vector Filter - Trim","hd":false}],"ip":3.00000012219251,"op":153.349506246053,"st":3.00000012219251,"bm":0},{"ddd":0,"ind":7,"ty":4,"nm":"Path","parent":1,"sr":1,"ks":{"o":{"a":0,"k":100,"ix":11},"r":{"a":0,"k":0,"ix":10},"p":{"a":0,"k":[-2.25,7.5,0],"ix":2},"a":{"a":0,"k":[0,0,0],"ix":1},"s":{"a":0,"k":[100,100,100],"ix":6}},"ao":0,"shapes":[{"ty":"gr","it":[{"ind":0,"ty":"sh","ix":1,"ks":{"a":0,"k":{"i":[[0,0],[-0.83,0],[0,0.83],[0.83,0],[0,0]],"o":[[0,0.83],[0.83,0],[0,-0.83],[0,0],[0,0]],"v":[[8.25,0],[9.75,1.5],[11.25,0],[9.75,-1.5],[-11.25,-1.5]],"c":false},"ix":2},"nm":"Path 1","mn":"ADBE Vector Shape - Group","hd":false},{"ty":"st","c":{"a":0,"k":[0,0,0,1],"ix":3},"o":{"a":0,"k":100,"ix":4},"w":{"a":0,"k":1,"ix":5},"lc":2,"lj":2,"bm":0,"nm":"Stroke 1","mn":"ADBE Vector Graphic - Stroke","hd":false},{"ty":"tr","p":{"a":0,"k":[0,0],"ix":2},"a":{"a":0,"k":[0,0],"ix":1},"s":{"a":0,"k":[300,300],"ix":3},"r":{"a":0,"k":0,"ix":6},"o":{"a":0,"k":100,"ix":7},"sk":{"a":0,"k":0,"ix":4},"sa":{"a":0,"k":0,"ix":5},"nm":"Transform"}],"nm":"Path","np":2,"cix":2,"bm":0,"ix":1,"mn":"ADBE Vector Group","hd":false},{"ty":"tm","s":{"a":1,"k":[{"i":{"x":[0.27],"y":[1]},"o":{"x":[0.167],"y":[0.167]},"t":7,"s":[100]},{"t":37.0000015070409,"s":[0]}],"ix":1},"e":{"a":1,"k":[{"i":{"x":[0.27],"y":[1]},"o":{"x":[0.167],"y":[0.167]},"t":11,"s":[100]},{"t":37.0000015070409,"s":[0]}],"ix":2},"o":{"a":0,"k":360,"ix":3},"m":1,"ix":2,"nm":"Trim Paths 1","mn":"ADBE Vector Filter - Trim","hd":false}],"ip":7.00000028511585,"op":157.349506408977,"st":7.00000028511585,"bm":0},{"ddd":0,"ind":8,"ty":4,"nm":"Path","parent":1,"sr":1,"ks":{"o":{"a":0,"k":100,"ix":11},"r":{"a":0,"k":0,"ix":10},"p":{"a":0,"k":[4.5,-10.5,0],"ix":2},"a":{"a":0,"k":[0,0,0],"ix":1},"s":{"a":0,"k":[100,100,100],"ix":6}},"ao":0,"shapes":[{"ty":"gr","it":[{"ind":0,"ty":"sh","ix":1,"ks":{"a":0,"k":{"i":[[0,0],[-0.83,0],[0,-0.83],[0.83,0],[0,0]],"o":[[0,-0.83],[0.83,0],[0,0.83],[0,0],[0,0]],"v":[[7.5,0],[9,-1.5],[10.5,0],[9,1.5],[-10.5,1.5]],"c":false},"ix":2},"nm":"Path 1","mn":"ADBE Vector Shape - Group","hd":false},{"ty":"st","c":{"a":0,"k":[0,0,0,1],"ix":3},"o":{"a":0,"k":100,"ix":4},"w":{"a":0,"k":1,"ix":5},"lc":2,"lj":2,"bm":0,"nm":"Stroke 1","mn":"ADBE Vector Graphic - Stroke","hd":false},{"ty":"tr","p":{"a":0,"k":[0,0],"ix":2},"a":{"a":0,"k":[0,0],"ix":1},"s":{"a":0,"k":[300,300],"ix":3},"r":{"a":0,"k":0,"ix":6},"o":{"a":0,"k":100,"ix":7},"sk":{"a":0,"k":0,"ix":4},"sa":{"a":0,"k":0,"ix":5},"nm":"Transform"}],"nm":"Path","np":2,"cix":2,"bm":0,"ix":1,"mn":"ADBE Vector Group","hd":false},{"ty":"tm","s":{"a":1,"k":[{"i":{"x":[0.27],"y":[1]},"o":{"x":[0.167],"y":[0.167]},"t":10,"s":[100]},{"t":40.0000016292334,"s":[0]}],"ix":1},"e":{"a":1,"k":[{"i":{"x":[0.27],"y":[1]},"o":{"x":[0.167],"y":[0.167]},"t":14,"s":[100]},{"t":40.0000016292334,"s":[0]}],"ix":2},"o":{"a":0,"k":360,"ix":3},"m":1,"ix":2,"nm":"Trim Paths 1","mn":"ADBE Vector Filter - Trim","hd":false}],"ip":10.0000004073083,"op":160.349506531169,"st":10.0000004073083,"bm":0},{"ddd":0,"ind":9,"ty":4,"nm":"Path","parent":1,"sr":1,"ks":{"o":{"a":0,"k":100,"ix":11},"r":{"a":0,"k":0,"ix":10},"p":{"a":0,"k":[-6.75,-19.5,0],"ix":2},"a":{"a":0,"k":[0,0,0],"ix":1},"s":{"a":0,"k":[100,100,100],"ix":6}},"ao":0,"shapes":[{"ty":"gr","it":[{"ind":0,"ty":"sh","ix":1,"ks":{"a":0,"k":{"i":[[0,0],[-0.83,0],[0,-0.83],[0.83,0],[0,0]],"o":[[0,-0.83],[0.83,0],[0,0.83],[0,0],[0,0]],"v":[[6.75,0],[8.25,-1.5],[9.75,0],[8.25,1.5],[-9.75,1.5]],"c":false},"ix":2},"nm":"Path 1","mn":"ADBE Vector Shape - Group","hd":false},{"ty":"st","c":{"a":0,"k":[0,0,0,1],"ix":3},"o":{"a":0,"k":100,"ix":4},"w":{"a":0,"k":1,"ix":5},"lc":2,"lj":2,"bm":0,"nm":"Stroke 1","mn":"ADBE Vector Graphic - Stroke","hd":false},{"ty":"tr","p":{"a":0,"k":[0,0],"ix":2},"a":{"a":0,"k":[0,0],"ix":1},"s":{"a":0,"k":[300,300],"ix":3},"r":{"a":0,"k":0,"ix":6},"o":{"a":0,"k":100,"ix":7},"sk":{"a":0,"k":0,"ix":4},"sa":{"a":0,"k":0,"ix":5},"nm":"Transform"}],"nm":"Path","np":2,"cix":2,"bm":0,"ix":1,"mn":"ADBE Vector Group","hd":false},{"ty":"tm","s":{"a":1,"k":[{"i":{"x":[0.27],"y":[1]},"o":{"x":[0.167],"y":[0.167]},"t":0,"s":[100]},{"t":30.0000012219251,"s":[0]}],"ix":1},"e":{"a":1,"k":[{"i":{"x":[0.27],"y":[1]},"o":{"x":[0.167],"y":[0.167]},"t":4,"s":[100]},{"t":30.0000012219251,"s":[0]}],"ix":2},"o":{"a":0,"k":360,"ix":3},"m":1,"ix":2,"nm":"Trim Paths 1","mn":"ADBE Vector Filter - Trim","hd":false}],"ip":0,"op":150.349506123861,"st":0,"bm":0}],"markers":[]}