{"v":"5.3.4","fr":29.9700012207031,"ip":0,"op":141.000005743048,"w":136,"h":136,"nm":"10_Compass","ddd":0,"assets":[],"layers":[{"ddd":0,"ind":1,"ty":3,"nm":"Null 1","sr":1,"ks":{"o":{"a":0,"k":0,"ix":11},"r":{"a":1,"k":[{"i":{"x":[0.33],"y":[1]},"o":{"x":[0.167],"y":[0.167]},"n":["0p33_1_0p167_0p167"],"t":0,"s":[0],"e":[360]},{"t":60.0000024438501}],"ix":10},"p":{"a":0,"k":[68,68,0],"ix":2},"a":{"a":0,"k":[0,0,0],"ix":1},"s":{"a":0,"k":[60,60,100],"ix":6}},"ao":0,"ip":0,"op":141.000005743048,"st":0,"bm":0},{"ddd":0,"ind":2,"ty":4,"nm":"Path","parent":3,"sr":1,"ks":{"o":{"a":0,"k":100,"ix":11},"r":{"a":0,"k":0,"ix":10},"p":{"a":0,"k":[0,0,0],"ix":2},"a":{"a":0,"k":[0,0,0],"ix":1},"s":{"a":0,"k":[100,100,100],"ix":6}},"ao":0,"shapes":[{"ty":"gr","it":[{"ind":0,"ty":"sh","ix":1,"ks":{"a":0,"k":{"i":[[0,0],[0.25,-0.49],[0,0],[0.24,0.49],[0,0],[-0.25,0.49],[0,0],[-0.24,-0.49]],"o":[[0.25,0.49],[0,0],[-0.25,0.49],[0,0],[-0.25,-0.49],[0,0],[0.25,-0.49],[0,0]],"v":[[2.557,-0.893],[2.557,0.898],[0.447,5.107],[-0.443,5.107],[-2.553,0.898],[-2.553,-0.893],[-0.452,-5.102],[0.438,-5.102]],"c":true},"ix":2},"nm":"Path 1","mn":"ADBE Vector Shape - Group","hd":false},{"ty":"st","c":{"a":0,"k":[0,0,0,1],"ix":3},"o":{"a":0,"k":100,"ix":4},"w":{"a":0,"k":1,"ix":5},"lc":2,"lj":2,"nm":"Stroke 1","mn":"ADBE Vector Graphic - Stroke","hd":false},{"ty":"tr","p":{"a":0,"k":[0,0],"ix":2},"a":{"a":0,"k":[0,0],"ix":1},"s":{"a":0,"k":[500,500],"ix":3},"r":{"a":0,"k":0,"ix":6},"o":{"a":0,"k":100,"ix":7},"sk":{"a":0,"k":0,"ix":4},"sa":{"a":0,"k":0,"ix":5},"nm":"Transform"}],"nm":"Path","np":2,"cix":2,"ix":1,"mn":"ADBE Vector Group","hd":false}],"ip":8.00000032584668,"op":141.000005743048,"st":8.00000032584668,"bm":0},{"ddd":0,"ind":3,"ty":4,"nm":"Path","parent":1,"sr":1,"ks":{"o":{"a":0,"k":100,"ix":11},"r":{"a":0,"k":0,"ix":10},"p":{"a":1,"k":[{"i":{"x":0.42,"y":0.715},"o":{"x":0.211,"y":0.152},"n":"0p42_0p715_0p211_0p152","t":90,"s":[-0.025,0.025,0],"e":[-0.025,30.65,0],"to":[0,7.6229395866394,0],"ti":[0,-14.0283041000366,0]},{"i":{"x":0.6,"y":1},"o":{"x":0.273,"y":0.916},"n":"0p6_1_0p273_0p916","t":96,"s":[-0.025,30.65,0],"e":[-0.025,37.358,0],"to":[0,2.84088230133057,0],"ti":[0,-1.54372715950012,0]},{"i":{"x":0.574,"y":0.851},"o":{"x":0.178,"y":0},"n":"0p574_0p851_0p178_0","t":105,"s":[-0.025,37.358,0],"e":[-0.025,-255.761,0],"to":[0,7.06485939025879,0],"ti":[0,100.186912536621,0]},{"i":{"x":0.669,"y":1},"o":{"x":0.225,"y":1},"n":"0p669_1_0p225_1","t":113,"s":[-0.025,-255.761,0],"e":[-0.025,-304.975,0],"to":[0,-29.8057689666748,0],"ti":[0,0,0]},{"t":130.000005295009}],"ix":2},"a":{"a":0,"k":[0,0,0],"ix":1},"s":{"a":1,"k":[{"i":{"x":[0.392,0.392,0.392],"y":[0.907,0.907,-8.479]},"o":{"x":[0.198,0.198,0.198],"y":[0.065,0.065,6.589]},"n":["0p392_0p907_0p198_0p065","0p392_0p907_0p198_0p065","0p392_-8p479_0p198_6p589"],"t":8,"s":[0,0,100],"e":[101.525,101.525,100]},{"i":{"x":[0.621,0.621,0.621],"y":[1,1,1]},"o":{"x":[0.29,0.29,0.29],"y":[-5.934,-5.934,9.049]},"n":["0p621_1_0p29_-5p934","0p621_1_0p29_-5p934","0p621_1_0p29_9p049"],"t":18,"s":[101.525,101.525,100],"e":[100,100,100]},{"t":38.0000015477717}],"ix":6}},"ao":0,"shapes":[{"ty":"gr","it":[{"ind":0,"ty":"sh","ix":1,"ks":{"a":0,"k":{"i":[[0,0],[0.25,-0.49],[0,0],[0.24,0.49],[0,0],[-0.25,0.49],[0,0],[-0.24,-0.49]],"o":[[0.25,0.49],[0,0],[-0.25,0.49],[0,0],[-0.25,-0.49],[0,0],[0.25,-0.49],[0,0]],"v":[[2.557,-0.893],[2.557,0.898],[0.447,5.107],[-0.443,5.107],[-2.553,0.898],[-2.553,-0.893],[-0.452,-5.102],[0.438,-5.102]],"c":true},"ix":2},"nm":"Path 1","mn":"ADBE Vector Shape - Group","hd":false},{"ty":"fl","c":{"a":0,"k":[0.952941000462,0.576470971107,0.145098000765,1],"ix":4},"o":{"a":0,"k":100,"ix":5},"r":1,"nm":"Fill 1","mn":"ADBE Vector Graphic - Fill","hd":false},{"ty":"tr","p":{"a":0,"k":[0,0],"ix":2},"a":{"a":0,"k":[0,0],"ix":1},"s":{"a":0,"k":[500,500],"ix":3},"r":{"a":0,"k":0,"ix":6},"o":{"a":0,"k":100,"ix":7},"sk":{"a":0,"k":0,"ix":4},"sa":{"a":0,"k":0,"ix":5},"nm":"Transform"}],"nm":"Path","np":2,"cix":2,"ix":1,"mn":"ADBE Vector Group","hd":false}],"ip":8.00000032584668,"op":141.000005743048,"st":8.00000032584668,"bm":0},{"ddd":0,"ind":4,"ty":4,"nm":"Path","parent":11,"sr":1,"ks":{"o":{"a":0,"k":100,"ix":11},"r":{"a":0,"k":0,"ix":10},"p":{"a":1,"k":[{"i":{"x":0.368,"y":0.912},"o":{"x":0.186,"y":0.005},"n":"0p368_0p912_0p186_0p005","t":5,"s":[0,0,0],"e":[-43.563,0,0],"to":[-7.08677816390991,0,0],"ti":[9.30043125152588,0,0]},{"i":{"x":0.638,"y":1},"o":{"x":0.158,"y":1},"n":"0p638_1_0p158_1","t":17,"s":[-43.563,0,0],"e":[-45,0,0],"to":[-0.54229718446732,0,0],"ti":[0.41322168707848,0,0]},{"t":35.0000014255792}],"ix":2},"a":{"a":0,"k":[0,0,0],"ix":1},"s":{"a":0,"k":[100,100,100],"ix":6}},"ao":0,"shapes":[{"ty":"gr","it":[{"ind":0,"ty":"sh","ix":1,"ks":{"a":0,"k":{"i":[[0,0],[0,0]],"o":[[0,0],[0,0]],"v":[[-1,0],[1,0]],"c":false},"ix":2},"nm":"Path 1","mn":"ADBE Vector Shape - Group","hd":false},{"ty":"st","c":{"a":0,"k":[0,0,0,1],"ix":3},"o":{"a":0,"k":100,"ix":4},"w":{"a":0,"k":1,"ix":5},"lc":2,"lj":2,"nm":"Stroke 1","mn":"ADBE Vector Graphic - Stroke","hd":false},{"ty":"tr","p":{"a":0,"k":[0,0],"ix":2},"a":{"a":0,"k":[0,0],"ix":1},"s":{"a":0,"k":[500,500],"ix":3},"r":{"a":0,"k":0,"ix":6},"o":{"a":0,"k":100,"ix":7},"sk":{"a":0,"k":0,"ix":4},"sa":{"a":0,"k":0,"ix":5},"nm":"Transform"}],"nm":"Path","np":2,"cix":2,"ix":1,"mn":"ADBE Vector Group","hd":false},{"ty":"tm","s":{"a":0,"k":0,"ix":1},"e":{"a":0,"k":100,"ix":2},"o":{"a":0,"k":0,"ix":3},"m":1,"ix":2,"nm":"Trim Paths 1","mn":"ADBE Vector Filter - Trim","hd":false}],"ip":0,"op":141.000005743048,"st":0,"bm":0},{"ddd":0,"ind":5,"ty":4,"nm":"Path","parent":11,"sr":1,"ks":{"o":{"a":0,"k":100,"ix":11},"r":{"a":0,"k":0,"ix":10},"p":{"a":1,"k":[{"i":{"x":0.368,"y":0.912},"o":{"x":0.186,"y":0.005},"n":"0p368_0p912_0p186_0p005","t":5,"s":[0,0,0],"e":[0,43.563,0],"to":[0,7.08677816390991,0],"ti":[0,-9.30043125152588,0]},{"i":{"x":0.638,"y":1},"o":{"x":0.158,"y":1},"n":"0p638_1_0p158_1","t":17,"s":[0,43.563,0],"e":[0,45,0],"to":[0,0.54229718446732,0],"ti":[0,-0.41322168707848,0]},{"t":35.0000014255792}],"ix":2},"a":{"a":0,"k":[0,0,0],"ix":1},"s":{"a":0,"k":[100,100,100],"ix":6}},"ao":0,"shapes":[{"ty":"gr","it":[{"ind":0,"ty":"sh","ix":1,"ks":{"a":0,"k":{"i":[[0,0],[0,0]],"o":[[0,0],[0,0]],"v":[[0,-1],[0,1]],"c":false},"ix":2},"nm":"Path 1","mn":"ADBE Vector Shape - Group","hd":false},{"ty":"st","c":{"a":0,"k":[0,0,0,1],"ix":3},"o":{"a":0,"k":100,"ix":4},"w":{"a":0,"k":1,"ix":5},"lc":2,"lj":2,"nm":"Stroke 1","mn":"ADBE Vector Graphic - Stroke","hd":false},{"ty":"tr","p":{"a":0,"k":[0,0],"ix":2},"a":{"a":0,"k":[0,0],"ix":1},"s":{"a":0,"k":[500,500],"ix":3},"r":{"a":0,"k":0,"ix":6},"o":{"a":0,"k":100,"ix":7},"sk":{"a":0,"k":0,"ix":4},"sa":{"a":0,"k":0,"ix":5},"nm":"Transform"}],"nm":"Path","np":2,"cix":2,"ix":1,"mn":"ADBE Vector Group","hd":false},{"ty":"tm","s":{"a":0,"k":0,"ix":1},"e":{"a":0,"k":100,"ix":2},"o":{"a":0,"k":0,"ix":3},"m":1,"ix":2,"nm":"Trim Paths 1","mn":"ADBE Vector Filter - Trim","hd":false}],"ip":0,"op":141.000005743048,"st":0,"bm":0},{"ddd":0,"ind":6,"ty":4,"nm":"Path","parent":11,"sr":1,"ks":{"o":{"a":0,"k":100,"ix":11},"r":{"a":0,"k":0,"ix":10},"p":{"a":1,"k":[{"i":{"x":0.368,"y":0.912},"o":{"x":0.186,"y":0.005},"n":"0p368_0p912_0p186_0p005","t":5,"s":[0,0,0],"e":[43.563,0,0],"to":[7.08677816390991,0,0],"ti":[-9.30043125152588,0,0]},{"i":{"x":0.638,"y":1},"o":{"x":0.158,"y":1},"n":"0p638_1_0p158_1","t":17,"s":[43.563,0,0],"e":[45,0,0],"to":[0.54229718446732,0,0],"ti":[-0.41322168707848,0,0]},{"t":35.0000014255792}],"ix":2},"a":{"a":0,"k":[0,0,0],"ix":1},"s":{"a":0,"k":[100,100,100],"ix":6}},"ao":0,"shapes":[{"ty":"gr","it":[{"ind":0,"ty":"sh","ix":1,"ks":{"a":0,"k":{"i":[[0,0],[0,0]],"o":[[0,0],[0,0]],"v":[[-1,0],[1,0]],"c":false},"ix":2},"nm":"Path 1","mn":"ADBE Vector Shape - Group","hd":false},{"ty":"st","c":{"a":0,"k":[0,0,0,1],"ix":3},"o":{"a":0,"k":100,"ix":4},"w":{"a":0,"k":1,"ix":5},"lc":2,"lj":2,"nm":"Stroke 1","mn":"ADBE Vector Graphic - Stroke","hd":false},{"ty":"tr","p":{"a":0,"k":[0,0],"ix":2},"a":{"a":0,"k":[0,0],"ix":1},"s":{"a":0,"k":[500,500],"ix":3},"r":{"a":0,"k":0,"ix":6},"o":{"a":0,"k":100,"ix":7},"sk":{"a":0,"k":0,"ix":4},"sa":{"a":0,"k":0,"ix":5},"nm":"Transform"}],"nm":"Path","np":2,"cix":2,"ix":1,"mn":"ADBE Vector Group","hd":false},{"ty":"tm","s":{"a":0,"k":0,"ix":1},"e":{"a":0,"k":100,"ix":2},"o":{"a":0,"k":0,"ix":3},"m":1,"ix":2,"nm":"Trim Paths 1","mn":"ADBE Vector Filter - Trim","hd":false}],"ip":0,"op":141.000005743048,"st":0,"bm":0},{"ddd":0,"ind":7,"ty":4,"nm":"Path","parent":11,"sr":1,"ks":{"o":{"a":0,"k":100,"ix":11},"r":{"a":0,"k":0,"ix":10},"p":{"a":1,"k":[{"i":{"x":0.368,"y":0.912},"o":{"x":0.186,"y":0.005},"n":"0p368_0p912_0p186_0p005","t":5,"s":[0,0,0],"e":[0,-43.563,0],"to":[0,-7.08677816390991,0],"ti":[0,9.30043125152588,0]},{"i":{"x":0.638,"y":1},"o":{"x":0.158,"y":1},"n":"0p638_1_0p158_1","t":17,"s":[0,-43.563,0],"e":[0,-45,0],"to":[0,-0.54229718446732,0],"ti":[0,0.41322168707848,0]},{"t":35.0000014255792}],"ix":2},"a":{"a":0,"k":[0,0,0],"ix":1},"s":{"a":0,"k":[100,100,100],"ix":6}},"ao":0,"shapes":[{"ty":"gr","it":[{"ind":0,"ty":"sh","ix":1,"ks":{"a":0,"k":{"i":[[0,0],[0,0]],"o":[[0,0],[0,0]],"v":[[0,-1],[0,1]],"c":false},"ix":2},"nm":"Path 1","mn":"ADBE Vector Shape - Group","hd":false},{"ty":"st","c":{"a":0,"k":[0,0,0,1],"ix":3},"o":{"a":0,"k":100,"ix":4},"w":{"a":0,"k":1,"ix":5},"lc":2,"lj":2,"nm":"Stroke 1","mn":"ADBE Vector Graphic - Stroke","hd":false},{"ty":"tr","p":{"a":0,"k":[0,0],"ix":2},"a":{"a":0,"k":[0,0],"ix":1},"s":{"a":0,"k":[500,500],"ix":3},"r":{"a":0,"k":0,"ix":6},"o":{"a":0,"k":100,"ix":7},"sk":{"a":0,"k":0,"ix":4},"sa":{"a":0,"k":0,"ix":5},"nm":"Transform"}],"nm":"Path","np":2,"cix":2,"ix":1,"mn":"ADBE Vector Group","hd":false},{"ty":"tm","s":{"a":0,"k":0,"ix":1},"e":{"a":0,"k":100,"ix":2},"o":{"a":0,"k":0,"ix":3},"m":1,"ix":2,"nm":"Trim Paths 1","mn":"ADBE Vector Filter - Trim","hd":false}],"ip":0,"op":141.000005743048,"st":0,"bm":0},{"ddd":0,"ind":8,"ty":4,"nm":"Oval","sr":1,"ks":{"o":{"a":0,"k":100,"ix":11},"r":{"a":0,"k":0,"ix":10},"p":{"a":1,"k":[{"i":{"x":0.42,"y":0.541},"o":{"x":0.211,"y":0.245},"n":"0p42_0p541_0p211_0p245","t":90,"s":[68,68,0],"e":[68,86.975,0],"to":[0,4.57376384735107,0],"ti":[0,-8.41698265075684,0]},{"i":{"x":0.6,"y":1},"o":{"x":0.179,"y":1},"n":"0p6_1_0p179_1","t":96,"s":[68,86.975,0],"e":[68,91,0],"to":[0,1.7045294046402,0],"ti":[0,-0.92623627185822,0]},{"i":{"x":0.574,"y":0.752},"o":{"x":0.178,"y":0},"n":"0p574_0p752_0p178_0","t":105,"s":[68,91,0],"e":[68,-85.472,0],"to":[0,4.23891592025757,0],"ti":[0,60.1121482849121,0]},{"i":{"x":0.669,"y":1},"o":{"x":0.135,"y":1},"n":"0p669_1_0p135_1","t":113,"s":[68,-85.472,0],"e":[68,-115,0],"to":[0,-17.8834609985352,0],"ti":[0,0,0]},{"t":130.000005295009}],"ix":2},"a":{"a":0,"k":[0,0,0],"ix":1},"s":{"a":1,"k":[{"i":{"x":[0.392,0.392,0.392],"y":[0.878,0.878,-10.375]},"o":{"x":[0.198,0.198,0.198],"y":[0.085,0.085,7.906]},"n":["0p392_0p878_0p198_0p085","0p392_0p878_0p198_0p085","0p392_-10p375_0p198_7p906"],"t":0,"s":[0,0,100],"e":[56.115,56.115,100]},{"i":{"x":[0.621,0.621,0.621],"y":[1,1,1]},"o":{"x":[0.29,0.29,0.29],"y":[1.258,1.258,8.144]},"n":["0p621_1_0p29_1p258","0p621_1_0p29_1p258","0p621_1_0p29_8p144"],"t":12,"s":[56.115,56.115,100],"e":[60,60,100]},{"t":30.0000012219251}],"ix":6}},"ao":0,"shapes":[{"ty":"gr","it":[{"d":1,"ty":"el","s":{"a":0,"k":[24,24],"ix":2},"p":{"a":0,"k":[0,0],"ix":3},"nm":"Ellipse Path 1","mn":"ADBE Vector Shape - Ellipse","hd":false},{"ty":"st","c":{"a":0,"k":[0,0,0,1],"ix":3},"o":{"a":0,"k":100,"ix":4},"w":{"a":0,"k":1,"ix":5},"lc":2,"lj":2,"nm":"Stroke 1","mn":"ADBE Vector Graphic - Stroke","hd":false},{"ty":"tr","p":{"a":0,"k":[0,0],"ix":2},"a":{"a":0,"k":[0,0],"ix":1},"s":{"a":0,"k":[500,500],"ix":3},"r":{"a":0,"k":0,"ix":6},"o":{"a":0,"k":100,"ix":7},"sk":{"a":0,"k":0,"ix":4},"sa":{"a":0,"k":0,"ix":5},"nm":"Transform"}],"nm":"Oval","np":2,"cix":2,"ix":1,"mn":"ADBE Vector Group","hd":false}],"ip":0,"op":141.000005743048,"st":0,"bm":0},{"ddd":0,"ind":9,"ty":4,"nm":"Path","parent":11,"sr":1,"ks":{"o":{"a":0,"k":100,"ix":11},"r":{"a":0,"k":0,"ix":10},"p":{"a":0,"k":[-27.5,0,0],"ix":2},"a":{"a":0,"k":[0,0,0],"ix":1},"s":{"a":0,"k":[100,100,100],"ix":6}},"ao":0,"shapes":[{"ty":"gr","it":[{"ind":0,"ty":"sh","ix":1,"ks":{"a":0,"k":{"i":[[-6.63,0],[-0.33,-0.03],[0,-6.29],[-6.16,-0.51],[0.34,0],[0,6.63]],"o":[[0.34,0],[-6.16,0.51],[0,6.29],[-0.33,0.03],[-6.63,0],[0,-6.63]],"v":[[5.5,-12],[6.5,-11.95],[-4.5,0],[6.5,11.95],[5.5,12],[-6.5,0]],"c":true},"ix":2},"nm":"Path 1","mn":"ADBE Vector Shape - Group","hd":false},{"ty":"fl","c":{"a":0,"k":[0.631372988224,0.854902029037,0.972549021244,1],"ix":4},"o":{"a":0,"k":100,"ix":5},"r":1,"nm":"Fill 1","mn":"ADBE Vector Graphic - Fill","hd":false},{"ty":"tr","p":{"a":0,"k":[0,0],"ix":2},"a":{"a":0,"k":[0,0],"ix":1},"s":{"a":0,"k":[500,500],"ix":3},"r":{"a":0,"k":0,"ix":6},"o":{"a":0,"k":100,"ix":7},"sk":{"a":0,"k":0,"ix":4},"sa":{"a":0,"k":0,"ix":5},"nm":"Transform"}],"nm":"Path","np":2,"cix":2,"ix":1,"mn":"ADBE Vector Group","hd":false}],"ip":0,"op":141.000005743048,"st":0,"bm":0},{"ddd":0,"ind":10,"ty":4,"nm":"Path","parent":11,"sr":1,"ks":{"o":{"a":0,"k":100,"ix":11},"r":{"a":0,"k":0,"ix":10},"p":{"a":0,"k":[27.5,0,0],"ix":2},"a":{"a":0,"k":[0,0,0],"ix":1},"s":{"a":0,"k":[100,100,100],"ix":6}},"ao":0,"shapes":[{"ty":"gr","it":[{"ind":0,"ty":"sh","ix":1,"ks":{"a":0,"k":{"i":[[6.63,0],[0.33,-0.03],[0,-6.29],[6.16,-0.51],[-0.34,0],[0,6.63]],"o":[[-0.34,0],[6.16,0.51],[0,6.29],[0.33,0.03],[6.63,0],[0,-6.63]],"v":[[-5.5,-12],[-6.5,-11.95],[4.5,0],[-6.5,11.95],[-5.5,12],[6.5,0]],"c":true},"ix":2},"nm":"Path 1","mn":"ADBE Vector Shape - Group","hd":false},{"ty":"fl","c":{"a":0,"k":[0,0.607842981815,0.839215993881,1],"ix":4},"o":{"a":0,"k":100,"ix":5},"r":1,"nm":"Fill 1","mn":"ADBE Vector Graphic - Fill","hd":false},{"ty":"tr","p":{"a":0,"k":[0,0],"ix":2},"a":{"a":0,"k":[0,0],"ix":1},"s":{"a":0,"k":[500,500],"ix":3},"r":{"a":0,"k":0,"ix":6},"o":{"a":0,"k":100,"ix":7},"sk":{"a":0,"k":0,"ix":4},"sa":{"a":0,"k":0,"ix":5},"nm":"Transform"}],"nm":"Path","np":2,"cix":2,"ix":1,"mn":"ADBE Vector Group","hd":false}],"ip":0,"op":141.000005743048,"st":0,"bm":0},{"ddd":0,"ind":11,"ty":4,"nm":"Shape","sr":1,"ks":{"o":{"a":0,"k":100,"ix":11},"r":{"a":0,"k":0,"ix":10},"p":{"a":1,"k":[{"i":{"x":0.42,"y":0.541},"o":{"x":0.211,"y":0.245},"n":"0p42_0p541_0p211_0p245","t":90,"s":[68,68,0],"e":[68,86.975,0],"to":[0,4.57376384735107,0],"ti":[0,-8.41698265075684,0]},{"i":{"x":0.6,"y":1},"o":{"x":0.179,"y":1},"n":"0p6_1_0p179_1","t":96,"s":[68,86.975,0],"e":[68,91,0],"to":[0,1.7045294046402,0],"ti":[0,-0.92623627185822,0]},{"i":{"x":0.574,"y":0.752},"o":{"x":0.178,"y":0},"n":"0p574_0p752_0p178_0","t":105,"s":[68,91,0],"e":[68,-85.472,0],"to":[0,4.23891592025757,0],"ti":[0,60.1121482849121,0]},{"i":{"x":0.669,"y":1},"o":{"x":0.135,"y":1},"n":"0p669_1_0p135_1","t":113,"s":[68,-85.472,0],"e":[68,-115,0],"to":[0,-17.8834609985352,0],"ti":[0,0,0]},{"t":130.000005295009}],"ix":2},"a":{"a":0,"k":[0,0,0],"ix":1},"s":{"a":1,"k":[{"i":{"x":[0.392,0.392,0.392],"y":[0.878,0.878,-10.375]},"o":{"x":[0.198,0.198,0.198],"y":[0.085,0.085,7.906]},"n":["0p392_0p878_0p198_0p085","0p392_0p878_0p198_0p085","0p392_-10p375_0p198_7p906"],"t":4,"s":[0,0,100],"e":[56.115,56.115,100]},{"i":{"x":[0.621,0.621,0.621],"y":[1,1,1]},"o":{"x":[0.29,0.29,0.29],"y":[1.258,1.258,8.144]},"n":["0p621_1_0p29_1p258","0p621_1_0p29_1p258","0p621_1_0p29_8p144"],"t":16,"s":[56.115,56.115,100],"e":[60,60,100]},{"t":34.0000013848484}],"ix":6}},"ao":0,"shapes":[{"ty":"gr","it":[{"ind":0,"ty":"sh","ix":1,"ks":{"a":0,"k":{"i":[[6.63,0],[0,-6.63],[-6.63,0],[0,6.63]],"o":[[-6.63,0],[0,6.63],[6.63,0],[0,-6.63]],"v":[[0,-12],[-12,0],[0,12],[12,0]],"c":true},"ix":2},"nm":"Path 1","mn":"ADBE Vector Shape - Group","hd":false},{"ty":"mm","mm":1,"nm":"Merge Paths 1","mn":"ADBE Vector Filter - Merge","hd":false},{"ty":"fl","c":{"a":0,"k":[0.043136999011,0.7333329916,0.93725502491,1],"ix":4},"o":{"a":0,"k":100,"ix":5},"r":1,"nm":"Fill 1","mn":"ADBE Vector Graphic - Fill","hd":false},{"ty":"tr","p":{"a":0,"k":[0,0],"ix":2},"a":{"a":0,"k":[0,0],"ix":1},"s":{"a":0,"k":[500,500],"ix":3},"r":{"a":0,"k":0,"ix":6},"o":{"a":0,"k":100,"ix":7},"sk":{"a":0,"k":0,"ix":4},"sa":{"a":0,"k":0,"ix":5},"nm":"Transform"}],"nm":"Shape","np":3,"cix":2,"ix":1,"mn":"ADBE Vector Group","hd":false}],"ip":0,"op":141.000005743048,"st":0,"bm":0}],"markers":[]}