{"v":"5.3.4","fr":29.9700012207031,"ip":0,"op":121.000004928431,"w":136,"h":136,"nm":"18_Plane_ticket","ddd":0,"assets":[],"layers":[{"ddd":0,"ind":1,"ty":4,"nm":"Path","parent":9,"sr":1,"ks":{"o":{"a":0,"k":100,"ix":11},"r":{"a":0,"k":0,"ix":10},"p":{"a":0,"k":[0,0,0],"ix":2},"a":{"a":0,"k":[0,0,0],"ix":1},"s":{"a":0,"k":[100,100,100],"ix":6}},"ao":0,"shapes":[{"ty":"gr","it":[{"ind":0,"ty":"sh","ix":1,"ks":{"a":0,"k":{"i":[[0,0],[0,0],[0.55,0],[0,0],[0,0.55],[0,0],[0,1.31],[1.16,0.41],[0,0],[0,0],[-0.55,0],[0,0],[0,-0.55],[0,0],[0,0],[0,-1.31],[-1.16,-0.41]],"o":[[0,0],[0,0.55],[0,0],[-0.55,0],[0,0],[1.16,-0.41],[0,-1.31],[0,0],[0,0],[0,-0.55],[0,0],[0.55,0],[0,0],[0,0],[-1.16,0.41],[0,1.31],[0,0]],"v":[[12,2.83],[12,5],[11,6],[-11,6],[-12,5],[-12,2.83],[-10,0],[-12,-2.83],[-12,-2.83],[-12,-5],[-11,-6],[11,-6],[12,-5],[12,-2.83],[12,-2.83],[10,0],[12,2.83]],"c":false},"ix":2},"nm":"Path 1","mn":"ADBE Vector Shape - Group","hd":false},{"ty":"st","c":{"a":0,"k":[0,0,0,1],"ix":3},"o":{"a":0,"k":100,"ix":4},"w":{"a":0,"k":1,"ix":5},"lc":2,"lj":2,"nm":"Stroke 1","mn":"ADBE Vector Graphic - Stroke","hd":false},{"ty":"tr","p":{"a":0,"k":[0,0],"ix":2},"a":{"a":0,"k":[0,0],"ix":1},"s":{"a":0,"k":[500,500],"ix":3},"r":{"a":0,"k":0,"ix":6},"o":{"a":0,"k":100,"ix":7},"sk":{"a":0,"k":0,"ix":4},"sa":{"a":0,"k":0,"ix":5},"nm":"Transform"}],"nm":"Path","np":2,"cix":2,"ix":1,"mn":"ADBE Vector Group","hd":false}],"ip":0,"op":121.000004928431,"st":0,"bm":0},{"ddd":0,"ind":2,"ty":4,"nm":"Path","parent":9,"sr":1,"ks":{"o":{"a":0,"k":100,"ix":11},"r":{"a":0,"k":0,"ix":10},"p":{"a":0,"k":[-35,28.75,0],"ix":2},"a":{"a":0,"k":[0,0,0],"ix":1},"s":{"a":0,"k":[100,100,100],"ix":6}},"ao":0,"shapes":[{"ty":"gr","it":[{"ind":0,"ty":"sh","ix":1,"ks":{"a":0,"k":{"i":[[0,0],[0,0]],"o":[[0,0],[0,0]],"v":[[0,-0.25],[0,0.25]],"c":false},"ix":2},"nm":"Path 1","mn":"ADBE Vector Shape - Group","hd":false},{"ty":"st","c":{"a":0,"k":[0,0,0,1],"ix":3},"o":{"a":0,"k":100,"ix":4},"w":{"a":0,"k":1,"ix":5},"lc":1,"lj":1,"ml":4,"ml2":{"a":0,"k":4,"ix":8},"nm":"Stroke 1","mn":"ADBE Vector Graphic - Stroke","hd":false},{"ty":"tr","p":{"a":0,"k":[0,0],"ix":2},"a":{"a":0,"k":[0,0],"ix":1},"s":{"a":0,"k":[500,500],"ix":3},"r":{"a":0,"k":0,"ix":6},"o":{"a":0,"k":100,"ix":7},"sk":{"a":0,"k":0,"ix":4},"sa":{"a":0,"k":0,"ix":5},"nm":"Transform"}],"nm":"Path","np":2,"cix":2,"ix":1,"mn":"ADBE Vector Group","hd":false}],"ip":0,"op":121.000004928431,"st":0,"bm":0},{"ddd":0,"ind":3,"ty":4,"nm":"Path","parent":9,"sr":1,"ks":{"o":{"a":0,"k":100,"ix":11},"r":{"a":0,"k":0,"ix":10},"p":{"a":0,"k":[-35,1.25,0],"ix":2},"a":{"a":0,"k":[0,0,0],"ix":1},"s":{"a":0,"k":[100,100,100],"ix":6}},"ao":0,"shapes":[{"ty":"gr","it":[{"ind":0,"ty":"sh","ix":1,"ks":{"a":0,"k":{"i":[[0,0],[0,0]],"o":[[0,0],[0,0]],"v":[[0,-4.75],[0,4.75]],"c":false},"ix":2},"nm":"Path 1","mn":"ADBE Vector Shape - Group","hd":false},{"ty":"st","c":{"a":0,"k":[0,0,0,1],"ix":3},"o":{"a":0,"k":100,"ix":4},"w":{"a":0,"k":1,"ix":5},"lc":1,"lj":1,"ml":4,"ml2":{"a":0,"k":4,"ix":8},"d":[{"n":"d","nm":"dash","v":{"a":0,"k":1,"ix":1}},{"n":"g","nm":"gap","v":{"a":0,"k":1,"ix":2}}],"nm":"Stroke 1","mn":"ADBE Vector Graphic - Stroke","hd":false},{"ty":"tr","p":{"a":0,"k":[0,0],"ix":2},"a":{"a":0,"k":[0,0],"ix":1},"s":{"a":0,"k":[500,500],"ix":3},"r":{"a":0,"k":0,"ix":6},"o":{"a":0,"k":100,"ix":7},"sk":{"a":0,"k":0,"ix":4},"sa":{"a":0,"k":0,"ix":5},"nm":"Transform"}],"nm":"Path","np":2,"cix":2,"ix":1,"mn":"ADBE Vector Group","hd":false}],"ip":0,"op":121.000004928431,"st":0,"bm":0},{"ddd":0,"ind":4,"ty":4,"nm":"Path","parent":9,"sr":1,"ks":{"o":{"a":0,"k":100,"ix":11},"r":{"a":0,"k":0,"ix":10},"p":{"a":0,"k":[-35,-28.75,0],"ix":2},"a":{"a":0,"k":[0,0,0],"ix":1},"s":{"a":0,"k":[100,100,100],"ix":6}},"ao":0,"shapes":[{"ty":"gr","it":[{"ind":0,"ty":"sh","ix":1,"ks":{"a":0,"k":{"i":[[0,0],[0,0]],"o":[[0,0],[0,0]],"v":[[0,-0.25],[0,0.25]],"c":false},"ix":2},"nm":"Path 1","mn":"ADBE Vector Shape - Group","hd":false},{"ty":"st","c":{"a":0,"k":[0,0,0,1],"ix":3},"o":{"a":0,"k":100,"ix":4},"w":{"a":0,"k":1,"ix":5},"lc":1,"lj":1,"ml":4,"ml2":{"a":0,"k":4,"ix":8},"nm":"Stroke 1","mn":"ADBE Vector Graphic - Stroke","hd":false},{"ty":"tr","p":{"a":0,"k":[0,0],"ix":2},"a":{"a":0,"k":[0,0],"ix":1},"s":{"a":0,"k":[500,500],"ix":3},"r":{"a":0,"k":0,"ix":6},"o":{"a":0,"k":100,"ix":7},"sk":{"a":0,"k":0,"ix":4},"sa":{"a":0,"k":0,"ix":5},"nm":"Transform"}],"nm":"Path","np":2,"cix":2,"ix":1,"mn":"ADBE Vector Group","hd":false}],"ip":0,"op":121.000004928431,"st":0,"bm":0},{"ddd":0,"ind":5,"ty":4,"nm":"Path","parent":9,"sr":1,"ks":{"o":{"a":0,"k":100,"ix":11},"r":{"a":0,"k":0,"ix":10},"p":{"a":0,"k":[10.088,-4.925,0],"ix":2},"a":{"a":0,"k":[0,0,0],"ix":1},"s":{"a":0,"k":[100,100,100],"ix":6}},"ao":0,"shapes":[{"ty":"gr","it":[{"ind":0,"ty":"sh","ix":1,"ks":{"a":0,"k":{"i":[[-0.07,-0.13],[0,0],[-0.14,0],[0,0],[0.07,0.11],[0,0],[-0.28,0],[0,0],[-0.19,-0.21],[0,0],[-0.14,0],[0,0],[0,-0.56],[0.56,0],[0,0],[0.1,0.26],[0,0],[-0.14,0],[0,0]],"o":[[0,0],[0.06,0.12],[0,0],[0.14,0],[0,0],[-0.15,-0.24],[0,0],[0.28,0],[0,0],[0.09,0.1],[0,0],[0.55,0],[0,0.56],[0,0],[-0.28,0],[0,0],[-0.05,-0.13],[0,0],[0.12,-0.02]],"v":[[-4.582,0.215],[-4.302,0.775],[-3.942,0.995],[-1.312,0.995],[-1.192,0.785],[-3.312,-2.595],[-3.072,-3.025],[-2.062,-3.025],[-1.222,-2.645],[1.798,0.815],[2.218,1.005],[4.988,1.005],[5.998,2.015],[4.988,3.025],[-4.472,3.025],[-5.152,2.555],[-5.992,0.245],[-5.822,0.005],[-4.932,0.005]],"c":true},"ix":2},"nm":"Path 1","mn":"ADBE Vector Shape - Group","hd":false},{"ty":"st","c":{"a":0,"k":[0,0,0,1],"ix":3},"o":{"a":0,"k":100,"ix":4},"w":{"a":0,"k":1,"ix":5},"lc":2,"lj":2,"nm":"Stroke 1","mn":"ADBE Vector Graphic - Stroke","hd":false},{"ty":"tr","p":{"a":0,"k":[0,0],"ix":2},"a":{"a":0,"k":[0,0],"ix":1},"s":{"a":0,"k":[500,500],"ix":3},"r":{"a":0,"k":0,"ix":6},"o":{"a":0,"k":100,"ix":7},"sk":{"a":0,"k":0,"ix":4},"sa":{"a":0,"k":0,"ix":5},"nm":"Transform"}],"nm":"Path","np":2,"cix":2,"ix":1,"mn":"ADBE Vector Group","hd":false}],"ip":0,"op":121.000004928431,"st":0,"bm":0},{"ddd":0,"ind":6,"ty":4,"nm":"Path","parent":9,"sr":1,"ks":{"o":{"a":0,"k":100,"ix":11},"r":{"a":0,"k":0,"ix":10},"p":{"a":0,"k":[-50,0,0],"ix":2},"a":{"a":0,"k":[0,0,0],"ix":1},"s":{"a":0,"k":[100,100,100],"ix":6}},"ao":0,"shapes":[{"ty":"gr","it":[{"ind":0,"ty":"sh","ix":1,"ks":{"a":0,"k":{"i":[[0,1.31],[1.17,0.41],[0,0],[0,0],[-0.55,0],[0,0],[0,-0.55],[0,0],[0,0],[0,-1.31],[1.17,-0.41],[0,0],[0,0],[0,0],[0,0],[-0.55,0],[0,0],[0,0.55],[0,0]],"o":[[0,-1.31],[0,0],[0,0],[0,-0.55],[0,0],[-0.55,0],[0,0],[0,0],[1.16,0.41],[0,1.31],[0,0],[0,0],[0,0],[0,0],[0,0.55],[0,0],[-0.55,0],[0,0],[1.17,-0.41]],"v":[[0,0],[-2,-2.83],[-2,-2.83],[-2,-5],[-1,-6],[1,-6],[0,-5],[0,-2.83],[0,-2.83],[2,0],[0,2.83],[0,2.83],[0,2.83],[0,2.83],[0,5],[1,6],[-1,6],[-2,5],[-2,2.83]],"c":true},"ix":2},"nm":"Path 1","mn":"ADBE Vector Shape - Group","hd":false},{"ty":"fl","c":{"a":0,"k":[0.929412007332,0.419607996941,0.384314000607,1],"ix":4},"o":{"a":0,"k":100,"ix":5},"r":1,"nm":"Fill 1","mn":"ADBE Vector Graphic - Fill","hd":false},{"ty":"tr","p":{"a":0,"k":[0,0],"ix":2},"a":{"a":0,"k":[0,0],"ix":1},"s":{"a":0,"k":[500,500],"ix":3},"r":{"a":0,"k":0,"ix":6},"o":{"a":0,"k":100,"ix":7},"sk":{"a":0,"k":0,"ix":4},"sa":{"a":0,"k":0,"ix":5},"nm":"Transform"}],"nm":"Path","np":2,"cix":2,"ix":1,"mn":"ADBE Vector Group","hd":false}],"ip":0,"op":121.000004928431,"st":0,"bm":0},{"ddd":0,"ind":7,"ty":4,"nm":"Path","parent":9,"sr":1,"ks":{"o":{"a":0,"k":100,"ix":11},"r":{"a":0,"k":0,"ix":10},"p":{"a":0,"k":[50,0,0],"ix":2},"a":{"a":0,"k":[0,0,0],"ix":1},"s":{"a":0,"k":[100,100,100],"ix":6}},"ao":0,"shapes":[{"ty":"gr","it":[{"ind":0,"ty":"sh","ix":1,"ks":{"a":0,"k":{"i":[[0,1.31],[-1.17,0.41],[0,0],[0,0],[0.55,0],[0,0],[0,-0.55],[0,0],[0,0],[0,-1.31],[-1.17,-0.41],[0,0],[0,0],[0,0],[0,0],[0.55,0],[0,0],[0,0.55],[0,0]],"o":[[0,-1.31],[0,0],[0,0],[0,-0.55],[0,0],[0.55,0],[0,0],[0,0],[-1.16,0.41],[0,1.31],[0,0],[0,0],[0,0],[0,0],[0,0.55],[0,0],[0.55,0],[0,0],[-1.17,-0.41]],"v":[[0,0],[2,-2.83],[2,-2.83],[2,-5],[1,-6],[-1,-6],[0,-5],[0,-2.83],[0,-2.83],[-2,0],[0,2.83],[0,2.83],[0,2.83],[0,2.83],[0,5],[-1,6],[1,6],[2,5],[2,2.83]],"c":true},"ix":2},"nm":"Path 1","mn":"ADBE Vector Shape - Group","hd":false},{"ty":"fl","c":{"a":0,"k":[0.827450990677,0.02352900058,0.188234999776,1],"ix":4},"o":{"a":0,"k":100,"ix":5},"r":1,"nm":"Fill 1","mn":"ADBE Vector Graphic - Fill","hd":false},{"ty":"tr","p":{"a":0,"k":[0,0],"ix":2},"a":{"a":0,"k":[0,0],"ix":1},"s":{"a":0,"k":[500,500],"ix":3},"r":{"a":0,"k":0,"ix":6},"o":{"a":0,"k":100,"ix":7},"sk":{"a":0,"k":0,"ix":4},"sa":{"a":0,"k":0,"ix":5},"nm":"Transform"}],"nm":"Path","np":2,"cix":2,"ix":1,"mn":"ADBE Vector Group","hd":false}],"ip":0,"op":121.000004928431,"st":0,"bm":0},{"ddd":0,"ind":8,"ty":4,"nm":"Path","parent":9,"sr":1,"ks":{"o":{"a":0,"k":100,"ix":11},"r":{"a":0,"k":0,"ix":10},"p":{"a":0,"k":[10.088,-4.925,0],"ix":2},"a":{"a":0,"k":[0,0,0],"ix":1},"s":{"a":0,"k":[100,100,100],"ix":6}},"ao":0,"shapes":[{"ty":"gr","it":[{"ind":0,"ty":"sh","ix":1,"ks":{"a":0,"k":{"i":[[-0.07,-0.13],[0,0],[-0.14,0],[0,0],[0.07,0.11],[0,0],[-0.28,0],[0,0],[-0.19,-0.21],[0,0],[-0.14,0],[0,0],[0,-0.56],[0.56,0],[0,0],[0.1,0.26],[0,0],[-0.14,0],[0,0]],"o":[[0,0],[0.06,0.12],[0,0],[0.14,0],[0,0],[-0.15,-0.24],[0,0],[0.28,0],[0,0],[0.09,0.1],[0,0],[0.55,0],[0,0.56],[0,0],[-0.28,0],[0,0],[-0.05,-0.13],[0,0],[0.12,-0.02]],"v":[[-4.582,0.215],[-4.302,0.775],[-3.942,0.995],[-1.312,0.995],[-1.192,0.785],[-3.312,-2.595],[-3.072,-3.025],[-2.062,-3.025],[-1.222,-2.645],[1.798,0.815],[2.218,1.005],[4.988,1.005],[5.998,2.015],[4.988,3.025],[-4.472,3.025],[-5.152,2.555],[-5.992,0.245],[-5.822,0.005],[-4.932,0.005]],"c":true},"ix":2},"nm":"Path 1","mn":"ADBE Vector Shape - Group","hd":false},{"ty":"fl","c":{"a":0,"k":[1,1,1,1],"ix":4},"o":{"a":0,"k":100,"ix":5},"r":1,"nm":"Fill 1","mn":"ADBE Vector Graphic - Fill","hd":false},{"ty":"tr","p":{"a":0,"k":[0,0],"ix":2},"a":{"a":0,"k":[0,0],"ix":1},"s":{"a":0,"k":[500,500],"ix":3},"r":{"a":0,"k":0,"ix":6},"o":{"a":0,"k":100,"ix":7},"sk":{"a":0,"k":0,"ix":4},"sa":{"a":0,"k":0,"ix":5},"nm":"Transform"}],"nm":"Path","np":2,"cix":2,"ix":1,"mn":"ADBE Vector Group","hd":false}],"ip":0,"op":121.000004928431,"st":0,"bm":0},{"ddd":0,"ind":9,"ty":4,"nm":"Shape","sr":1,"ks":{"o":{"a":0,"k":100,"ix":11},"r":{"a":0,"k":0,"ix":10},"p":{"a":1,"k":[{"i":{"x":0.365,"y":0.787},"o":{"x":0.199,"y":0.153},"n":"0p365_0p787_0p199_0p153","t":0,"s":[-117.4,69.5,0],"e":[56.868,69.5,0],"to":[27.9700603485107,0,0],"ti":[-42.373950958252,0,0]},{"i":{"x":0.619,"y":1},"o":{"x":0.146,"y":1},"n":"0p619_1_0p146_1","t":13,"s":[56.868,69.5,0],"e":[68,69.5,0],"to":[4.43878746032715,0,0],"ti":[0,0,0]},{"i":{"x":0.619,"y":0.619},"o":{"x":0.167,"y":0.167},"n":"0p619_0p619_0p167_0p167","t":30,"s":[68,69.5,0],"e":[68,69.5,0],"to":[0,0,0],"ti":[0,0,0]},{"i":{"x":0.578,"y":0},"o":{"x":0.179,"y":0},"n":"0p578_0_0p179_0","t":70,"s":[68,69.5,0],"e":[55.57,69.5,0],"to":[0,0,0],"ti":[0,0,0]},{"i":{"x":0.676,"y":1},"o":{"x":0.189,"y":1},"n":"0p676_1_0p189_1","t":77,"s":[55.57,69.5,0],"e":[48.4,69.5,0],"to":[0,0,0],"ti":[0,0,0]},{"i":{"x":0.61,"y":0.619},"o":{"x":0.17,"y":0},"n":"0p61_0p619_0p17_0","t":86,"s":[48.4,69.5,0],"e":[261.162,69.5,0],"to":[0,0,0],"ti":[0,0,0]},{"i":{"x":0.698,"y":1},"o":{"x":0.176,"y":1},"n":"0p698_1_0p176_1","t":98,"s":[261.162,69.5,0],"e":[297.8,69.5,0],"to":[0,0,0],"ti":[0,0,0]},{"t":110.000004480392}],"ix":2},"a":{"a":0,"k":[0,0,0],"ix":1},"s":{"a":0,"k":[60,60,100],"ix":6}},"ao":0,"shapes":[{"ty":"gr","it":[{"ind":0,"ty":"sh","ix":1,"ks":{"a":0,"k":{"i":[[0,1.31],[-1.17,0.41],[0,0],[0,0],[0.55,0],[0,0],[0,-0.55],[0,0],[0,-1.31],[1.16,-0.41],[0,0],[-0.55,0],[0,0],[0,0.55],[0,0]],"o":[[0,-1.31],[0,0],[0,0],[0,-0.55],[0,0],[-0.55,0],[0,0],[1.16,0.41],[0,1.31],[0,0],[0,0.55],[0,0],[0.55,0],[0,0],[-1.17,-0.41]],"v":[[10,0],[12,-2.83],[12,-2.83],[12,-5],[11,-6],[-11,-6],[-12,-5],[-12,-2.83],[-10,0],[-12,2.83],[-12,5],[-11,6],[11,6],[12,5],[12,2.83]],"c":true},"ix":2},"nm":"Path 1","mn":"ADBE Vector Shape - Group","hd":false},{"ty":"mm","mm":1,"nm":"Merge Paths 1","mn":"ADBE Vector Filter - Merge","hd":false},{"ty":"fl","c":{"a":0,"k":[0.905882000923,0.203922003508,0.274509996176,1],"ix":4},"o":{"a":0,"k":100,"ix":5},"r":1,"nm":"Fill 1","mn":"ADBE Vector Graphic - Fill","hd":false},{"ty":"tr","p":{"a":0,"k":[0,0],"ix":2},"a":{"a":0,"k":[0,0],"ix":1},"s":{"a":0,"k":[500,500],"ix":3},"r":{"a":0,"k":0,"ix":6},"o":{"a":0,"k":100,"ix":7},"sk":{"a":0,"k":0,"ix":4},"sa":{"a":0,"k":0,"ix":5},"nm":"Transform"}],"nm":"Shape","np":3,"cix":2,"ix":1,"mn":"ADBE Vector Group","hd":false}],"ip":0,"op":121.000004928431,"st":0,"bm":0}],"markers":[]}