{"v":"5.3.4","fr":29.9700012207031,"ip":0,"op":141.000005743048,"w":136,"h":136,"nm":"1_Anchor","ddd":0,"assets":[],"layers":[{"ddd":0,"ind":1,"ty":4,"nm":"Path","parent":8,"sr":1,"ks":{"o":{"a":0,"k":100,"ix":11},"r":{"a":0,"k":0,"ix":10},"p":{"a":0,"k":[33.175,79.996,0],"ix":2},"a":{"a":0,"k":[0,0,0],"ix":1},"s":{"a":0,"k":[100,100,100],"ix":6}},"ao":0,"shapes":[{"ty":"gr","it":[{"ind":0,"ty":"sh","ix":1,"ks":{"a":0,"k":{"i":[[0,0],[0,0],[0.43,-0.35],[0,0]],"o":[[0,0],[-0.26,-0.48],[0,0],[0,0]],"v":[[2.455,1.499],[1.065,-1.051],[-0.195,-1.301],[-2.455,0.529]],"c":false},"ix":2},"nm":"Path 1","mn":"ADBE Vector Shape - Group","hd":false},{"ty":"st","c":{"a":0,"k":[0,0,0,1],"ix":3},"o":{"a":0,"k":100,"ix":4},"w":{"a":0,"k":1,"ix":5},"lc":2,"lj":2,"nm":"Stroke 1","mn":"ADBE Vector Graphic - Stroke","hd":false},{"ty":"tr","p":{"a":0,"k":[0,0],"ix":2},"a":{"a":0,"k":[0,0],"ix":1},"s":{"a":0,"k":[500,500],"ix":3},"r":{"a":0,"k":0,"ix":6},"o":{"a":0,"k":100,"ix":7},"sk":{"a":0,"k":0,"ix":4},"sa":{"a":0,"k":0,"ix":5},"nm":"Transform"}],"nm":"Path","np":2,"cix":2,"ix":1,"mn":"ADBE Vector Group","hd":false},{"ty":"tm","s":{"a":1,"k":[{"i":{"x":[0.39],"y":[1]},"o":{"x":[0.167],"y":[0.078]},"n":["0p39_1_0p167_0p078"],"t":16,"s":[50],"e":[100]},{"t":30.0000012219251}],"ix":1},"e":{"a":1,"k":[{"i":{"x":[0.39],"y":[1]},"o":{"x":[0.167],"y":[0.078]},"n":["0p39_1_0p167_0p078"],"t":16,"s":[50],"e":[0]},{"t":30.0000012219251}],"ix":2},"o":{"a":0,"k":0,"ix":3},"m":1,"ix":2,"nm":"Trim Paths 1","mn":"ADBE Vector Filter - Trim","hd":false}],"ip":0,"op":141.000005743048,"st":0,"bm":0},{"ddd":0,"ind":2,"ty":4,"nm":"Path","parent":8,"sr":1,"ks":{"o":{"a":0,"k":100,"ix":11},"r":{"a":0,"k":0,"ix":10},"p":{"a":0,"k":[-32.775,79.996,0],"ix":2},"a":{"a":0,"k":[0,0,0],"ix":1},"s":{"a":0,"k":[100,100,100],"ix":6}},"ao":0,"shapes":[{"ty":"gr","it":[{"ind":0,"ty":"sh","ix":1,"ks":{"a":0,"k":{"i":[[0,0],[0,0],[-0.43,-0.35],[0,0]],"o":[[0,0],[0.26,-0.48],[0,0],[0,0]],"v":[[-2.455,1.499],[-1.065,-1.051],[0.195,-1.301],[2.455,0.529]],"c":false},"ix":2},"nm":"Path 1","mn":"ADBE Vector Shape - Group","hd":false},{"ty":"st","c":{"a":0,"k":[0,0,0,1],"ix":3},"o":{"a":0,"k":100,"ix":4},"w":{"a":0,"k":1,"ix":5},"lc":2,"lj":2,"nm":"Stroke 1","mn":"ADBE Vector Graphic - Stroke","hd":false},{"ty":"tr","p":{"a":0,"k":[0,0],"ix":2},"a":{"a":0,"k":[0,0],"ix":1},"s":{"a":0,"k":[500,500],"ix":3},"r":{"a":0,"k":0,"ix":6},"o":{"a":0,"k":100,"ix":7},"sk":{"a":0,"k":0,"ix":4},"sa":{"a":0,"k":0,"ix":5},"nm":"Transform"}],"nm":"Path","np":2,"cix":2,"ix":1,"mn":"ADBE Vector Group","hd":false},{"ty":"tm","s":{"a":1,"k":[{"i":{"x":[0.39],"y":[1]},"o":{"x":[0.167],"y":[0.078]},"n":["0p39_1_0p167_0p078"],"t":16,"s":[50],"e":[100]},{"t":30.0000012219251}],"ix":1},"e":{"a":1,"k":[{"i":{"x":[0.39],"y":[1]},"o":{"x":[0.167],"y":[0.078]},"n":["0p39_1_0p167_0p078"],"t":16,"s":[50],"e":[0]},{"t":30.0000012219251}],"ix":2},"o":{"a":0,"k":0,"ix":3},"m":1,"ix":2,"nm":"Trim Paths 1","mn":"ADBE Vector Filter - Trim","hd":false}],"ip":0,"op":141.000005743048,"st":0,"bm":0},{"ddd":0,"ind":3,"ty":4,"nm":"Oval","parent":8,"sr":1,"ks":{"o":{"a":0,"k":100,"ix":11},"r":{"a":0,"k":0,"ix":10},"p":{"a":1,"k":[{"i":{"x":0.442,"y":0.86},"o":{"x":0.194,"y":0.091},"n":"0p442_0p86_0p194_0p091","t":9,"s":[0,27.5,0],"e":[-21.956,27.5,0],"to":[-3.50452136993408,0,0],"ti":[5.63884449005127,0,0]},{"i":{"x":0.625,"y":1},"o":{"x":0.249,"y":1},"n":"0p625_1_0p249_1","t":22,"s":[-21.956,27.5,0],"e":[-23.75,27.5,0],"to":[-0.73019295930862,0,0],"ti":[0.45381230115891,0,0]},{"t":39.0000015885026}],"ix":2},"a":{"a":0,"k":[0,0,0],"ix":1},"s":{"a":0,"k":[100,100,100],"ix":6}},"ao":0,"shapes":[{"ty":"gr","it":[{"d":1,"ty":"el","s":{"a":0,"k":[2.5,2.5],"ix":2},"p":{"a":0,"k":[0,0],"ix":3},"nm":"Ellipse Path 1","mn":"ADBE Vector Shape - Ellipse","hd":false},{"ty":"st","c":{"a":0,"k":[0,0,0,1],"ix":3},"o":{"a":0,"k":100,"ix":4},"w":{"a":0,"k":1,"ix":5},"lc":2,"lj":2,"nm":"Stroke 1","mn":"ADBE Vector Graphic - Stroke","hd":false},{"ty":"tr","p":{"a":0,"k":[0,0],"ix":2},"a":{"a":0,"k":[0,0],"ix":1},"s":{"a":0,"k":[500,500],"ix":3},"r":{"a":0,"k":0,"ix":6},"o":{"a":0,"k":100,"ix":7},"sk":{"a":0,"k":0,"ix":4},"sa":{"a":0,"k":0,"ix":5},"nm":"Transform"}],"nm":"Oval","np":2,"cix":2,"ix":1,"mn":"ADBE Vector Group","hd":false}],"ip":0,"op":141.000005743048,"st":0,"bm":0},{"ddd":0,"ind":4,"ty":4,"nm":"Oval","parent":8,"sr":1,"ks":{"o":{"a":0,"k":100,"ix":11},"r":{"a":0,"k":0,"ix":10},"p":{"a":1,"k":[{"i":{"x":0.442,"y":0.86},"o":{"x":0.194,"y":0.091},"n":"0p442_0p86_0p194_0p091","t":9,"s":[0,27.5,0],"e":[21.956,27.5,0],"to":[3.50450539588928,0,0],"ti":[-5.6388840675354,0,0]},{"i":{"x":0.625,"y":1},"o":{"x":0.249,"y":1},"n":"0p625_1_0p249_1","t":22,"s":[21.956,27.5,0],"e":[23.75,27.5,0],"to":[0.73022705316544,0,0],"ti":[-0.45382821559906,0,0]},{"t":39.0000015885026}],"ix":2},"a":{"a":0,"k":[0,0,0],"ix":1},"s":{"a":0,"k":[100,100,100],"ix":6}},"ao":0,"shapes":[{"ty":"gr","it":[{"d":1,"ty":"el","s":{"a":0,"k":[2.5,2.5],"ix":2},"p":{"a":0,"k":[0,0],"ix":3},"nm":"Ellipse Path 1","mn":"ADBE Vector Shape - Ellipse","hd":false},{"ty":"st","c":{"a":0,"k":[0,0,0,1],"ix":3},"o":{"a":0,"k":100,"ix":4},"w":{"a":0,"k":1,"ix":5},"lc":2,"lj":2,"nm":"Stroke 1","mn":"ADBE Vector Graphic - Stroke","hd":false},{"ty":"tr","p":{"a":0,"k":[0,0],"ix":2},"a":{"a":0,"k":[0,0],"ix":1},"s":{"a":0,"k":[500,500],"ix":3},"r":{"a":0,"k":0,"ix":6},"o":{"a":0,"k":100,"ix":7},"sk":{"a":0,"k":0,"ix":4},"sa":{"a":0,"k":0,"ix":5},"nm":"Transform"}],"nm":"Oval","np":2,"cix":2,"ix":1,"mn":"ADBE Vector Group","hd":false}],"ip":0,"op":141.000005743048,"st":0,"bm":0},{"ddd":0,"ind":5,"ty":4,"nm":"Path","parent":8,"sr":1,"ks":{"o":{"a":0,"k":100,"ix":11},"r":{"a":0,"k":0,"ix":10},"p":{"a":0,"k":[0,27.5,0],"ix":2},"a":{"a":0,"k":[0,0,0],"ix":1},"s":{"a":0,"k":[100,100,100],"ix":6}},"ao":0,"shapes":[{"ty":"gr","it":[{"ind":0,"ty":"sh","ix":1,"ks":{"a":0,"k":{"i":[[0,0],[0,0]],"o":[[0,0],[0,0]],"v":[[3.5,0],[-3.5,0]],"c":false},"ix":2},"nm":"Path 1","mn":"ADBE Vector Shape - Group","hd":false},{"ty":"st","c":{"a":0,"k":[0,0,0,1],"ix":3},"o":{"a":0,"k":100,"ix":4},"w":{"a":0,"k":1,"ix":5},"lc":2,"lj":2,"nm":"Stroke 1","mn":"ADBE Vector Graphic - Stroke","hd":false},{"ty":"tr","p":{"a":0,"k":[0,0],"ix":2},"a":{"a":0,"k":[0,0],"ix":1},"s":{"a":0,"k":[500,500],"ix":3},"r":{"a":0,"k":0,"ix":6},"o":{"a":0,"k":100,"ix":7},"sk":{"a":0,"k":0,"ix":4},"sa":{"a":0,"k":0,"ix":5},"nm":"Transform"}],"nm":"Path","np":2,"cix":2,"ix":1,"mn":"ADBE Vector Group","hd":false},{"ty":"tm","s":{"a":1,"k":[{"i":{"x":[0.39],"y":[1]},"o":{"x":[0.167],"y":[0.167]},"n":["0p39_1_0p167_0p167"],"t":9,"s":[50],"e":[100]},{"t":39.0000015885026}],"ix":1},"e":{"a":1,"k":[{"i":{"x":[0.39],"y":[1]},"o":{"x":[0.167],"y":[0.167]},"n":["0p39_1_0p167_0p167"],"t":9,"s":[50],"e":[0]},{"t":39.0000015885026}],"ix":2},"o":{"a":0,"k":0,"ix":3},"m":1,"ix":2,"nm":"Trim Paths 1","mn":"ADBE Vector Filter - Trim","hd":false}],"ip":0,"op":141.000005743048,"st":0,"bm":0},{"ddd":0,"ind":6,"ty":4,"nm":"Path","parent":8,"sr":1,"ks":{"o":{"a":0,"k":100,"ix":11},"r":{"a":0,"k":0,"ix":10},"p":{"a":0,"k":[0,60,0],"ix":2},"a":{"a":0,"k":[0,0,0],"ix":1},"s":{"a":0,"k":[100,100,100],"ix":6}},"ao":0,"shapes":[{"ty":"gr","it":[{"ind":0,"ty":"sh","ix":1,"ks":{"a":0,"k":{"i":[[0,0],[0,0]],"o":[[0,0],[0,0]],"v":[[0,9.5],[0,-9.5]],"c":false},"ix":2},"nm":"Path 1","mn":"ADBE Vector Shape - Group","hd":false},{"ty":"st","c":{"a":0,"k":[0,0,0,1],"ix":3},"o":{"a":0,"k":100,"ix":4},"w":{"a":0,"k":1,"ix":5},"lc":2,"lj":2,"nm":"Stroke 1","mn":"ADBE Vector Graphic - Stroke","hd":false},{"ty":"tr","p":{"a":0,"k":[0,0],"ix":2},"a":{"a":0,"k":[0,0],"ix":1},"s":{"a":0,"k":[500,500],"ix":3},"r":{"a":0,"k":0,"ix":6},"o":{"a":0,"k":100,"ix":7},"sk":{"a":0,"k":0,"ix":4},"sa":{"a":0,"k":0,"ix":5},"nm":"Transform"}],"nm":"Path","np":2,"cix":2,"ix":1,"mn":"ADBE Vector Group","hd":false},{"ty":"tm","s":{"a":1,"k":[{"i":{"x":[0.442],"y":[0.892]},"o":{"x":[0.194],"y":[0.07]},"n":["0p442_0p892_0p194_0p07"],"t":0,"s":[100],"e":[7.556]},{"i":{"x":[0.625],"y":[1]},"o":{"x":[0.294],"y":[1.389]},"n":["0p625_1_0p294_1p389"],"t":10,"s":[7.556],"e":[0]},{"t":30.0000012219251}],"ix":1},"e":{"a":0,"k":100,"ix":2},"o":{"a":0,"k":0,"ix":3},"m":1,"ix":2,"nm":"Trim Paths 1","mn":"ADBE Vector Filter - Trim","hd":false}],"ip":0,"op":141.000005743048,"st":0,"bm":0},{"ddd":0,"ind":7,"ty":4,"nm":"Path","parent":8,"sr":1,"ks":{"o":{"a":0,"k":100,"ix":11},"r":{"a":0,"k":0,"ix":10},"p":{"a":0,"k":[0,90,0],"ix":2},"a":{"a":0,"k":[0,0,0],"ix":1},"s":{"a":0,"k":[100,100,100],"ix":6}},"ao":0,"shapes":[{"ty":"gr","it":[{"ind":0,"ty":"sh","ix":1,"ks":{"a":0,"k":{"i":[[0,0],[3.87,0],[0,3.87]],"o":[[0,3.87],[-3.87,0],[0,0]],"v":[[7,-3.5],[0,3.5],[-7,-3.5]],"c":false},"ix":2},"nm":"Path 1","mn":"ADBE Vector Shape - Group","hd":false},{"ty":"st","c":{"a":0,"k":[0,0,0,1],"ix":3},"o":{"a":0,"k":100,"ix":4},"w":{"a":0,"k":1,"ix":5},"lc":2,"lj":2,"nm":"Stroke 1","mn":"ADBE Vector Graphic - Stroke","hd":false},{"ty":"tr","p":{"a":0,"k":[0,0],"ix":2},"a":{"a":0,"k":[0,0],"ix":1},"s":{"a":0,"k":[500,500],"ix":3},"r":{"a":0,"k":0,"ix":6},"o":{"a":0,"k":100,"ix":7},"sk":{"a":0,"k":0,"ix":4},"sa":{"a":0,"k":0,"ix":5},"nm":"Transform"}],"nm":"Path","np":2,"cix":2,"ix":1,"mn":"ADBE Vector Group","hd":false},{"ty":"tm","s":{"a":1,"k":[{"i":{"x":[0.429],"y":[0.881]},"o":{"x":[0.187],"y":[0.098]},"n":["0p429_0p881_0p187_0p098"],"t":9,"s":[50],"e":[97.777]},{"i":{"x":[0.636],"y":[1]},"o":{"x":[0.304],"y":[1.363]},"n":["0p636_1_0p304_1p363"],"t":24,"s":[97.777],"e":[100]},{"t":39.0000015885026}],"ix":1},"e":{"a":1,"k":[{"i":{"x":[0.429],"y":[0.881]},"o":{"x":[0.187],"y":[0.098]},"n":["0p429_0p881_0p187_0p098"],"t":9,"s":[50],"e":[2.223]},{"i":{"x":[0.636],"y":[1]},"o":{"x":[0.304],"y":[1.363]},"n":["0p636_1_0p304_1p363"],"t":24,"s":[2.223],"e":[0]},{"t":39.0000015885026}],"ix":2},"o":{"a":0,"k":0,"ix":3},"m":1,"ix":2,"nm":"Trim Paths 1","mn":"ADBE Vector Filter - Trim","hd":false}],"ip":0,"op":141.000005743048,"st":0,"bm":0},{"ddd":0,"ind":8,"ty":4,"nm":"Path","sr":1,"ks":{"o":{"a":0,"k":100,"ix":11},"r":{"a":0,"k":0,"ix":10},"p":{"a":1,"k":[{"i":{"x":0.442,"y":0.859},"o":{"x":0.194,"y":0.092},"n":"0p442_0p859_0p194_0p092","t":0,"s":[66.53,-149.5,0],"e":[66.53,50.418,0],"to":[0,27.8874053955078,0],"ti":[0,-44.8763198852539,0]},{"i":{"x":0.589,"y":0.91},"o":{"x":0.215,"y":0.642},"n":"0p589_0p91_0p215_0p642","t":9,"s":[66.53,50.418,0],"e":[66.53,29.165,0],"to":[0,4.90849876403809,0],"ti":[0,2.22168326377869,0]},{"i":{"x":0.673,"y":1},"o":{"x":0.328,"y":0.234},"n":"0p673_1_0p328_0p234","t":21,"s":[66.53,29.165,0],"e":[66.53,39.5,0],"to":[0,-0.40956518054008,0],"ti":[0,0,0]},{"i":{"x":0.673,"y":0.673},"o":{"x":0.167,"y":0.167},"n":"0p673_0p673_0p167_0p167","t":39,"s":[66.53,39.5,0],"e":[66.53,39.5,0],"to":[0,0,0],"ti":[0,0,0]},{"i":{"x":0.618,"y":0.389},"o":{"x":0.169,"y":0},"n":"0p618_0p389_0p169_0","t":90,"s":[66.53,39.5,0],"e":[66.53,24.115,0],"to":[0,0,0],"ti":[0,0,0]},{"i":{"x":0.692,"y":1},"o":{"x":0.129,"y":1},"n":"0p692_1_0p129_1","t":97,"s":[66.53,24.115,0],"e":[66.53,20.5,0],"to":[0,0,0],"ti":[0,0,0]},{"i":{"x":0.595,"y":0.491},"o":{"x":0.173,"y":0},"n":"0p595_0p491_0p173_0","t":105,"s":[66.53,20.5,0],"e":[66.53,203.264,0],"to":[0,0,0],"ti":[0,0,0]},{"i":{"x":0.714,"y":1},"o":{"x":0.244,"y":1},"n":"0p714_1_0p244_1","t":116,"s":[66.53,203.264,0],"e":[66.53,274.7,0],"to":[0,0,0],"ti":[0,0,0]},{"t":130.000005295009}],"ix":2},"a":{"a":0,"k":[0,0,0],"ix":1},"s":{"a":0,"k":[60,60,100],"ix":6}},"ao":0,"shapes":[{"ty":"gr","it":[{"ind":0,"ty":"sh","ix":1,"ks":{"a":0,"k":{"i":[[0,-1.38],[1.38,0],[0,1.38],[-1.38,0]],"o":[[0,1.38],[-1.38,0],[0,-1.38],[1.38,0]],"v":[[2.5,0],[0,2.5],[-2.5,0],[0,-2.5]],"c":true},"ix":2},"nm":"Path 1","mn":"ADBE Vector Shape - Group","hd":false},{"ty":"st","c":{"a":0,"k":[0,0,0,1],"ix":3},"o":{"a":0,"k":100,"ix":4},"w":{"a":0,"k":1,"ix":5},"lc":2,"lj":2,"nm":"Stroke 1","mn":"ADBE Vector Graphic - Stroke","hd":false},{"ty":"tr","p":{"a":0,"k":[0,0],"ix":2},"a":{"a":0,"k":[0,0],"ix":1},"s":{"a":0,"k":[500,500],"ix":3},"r":{"a":0,"k":0,"ix":6},"o":{"a":0,"k":100,"ix":7},"sk":{"a":0,"k":0,"ix":4},"sa":{"a":0,"k":0,"ix":5},"nm":"Transform"}],"nm":"Path","np":2,"cix":2,"ix":1,"mn":"ADBE Vector Group","hd":false}],"ip":0,"op":141.000005743048,"st":0,"bm":0}],"markers":[]}