{"v":"5.3.4","fr":29.9700012207031,"ip":0,"op":141.000005743048,"w":136,"h":136,"nm":"9_Coffee","ddd":0,"assets":[{"id":"comp_0","layers":[{"ddd":0,"ind":1,"ty":4,"nm":"Path","parent":4,"sr":1,"ks":{"o":{"a":0,"k":100,"ix":11},"r":{"a":0,"k":0,"ix":10},"p":{"a":0,"k":[0,0,0],"ix":2},"a":{"a":0,"k":[0,0,0],"ix":1},"s":{"a":0,"k":[100,100,100],"ix":6}},"ao":0,"shapes":[{"ty":"gr","it":[{"ind":0,"ty":"sh","ix":1,"ks":{"a":0,"k":{"i":[[0,0],[-4.97,0],[0,4.97],[0,0],[0.55,0],[0,0],[0,-0.55]],"o":[[0,4.97],[4.97,0],[0,0],[0,-0.55],[0,0],[-0.55,0],[0,0]],"v":[[-9,-1],[0,8],[9,-1],[9,-7],[8,-8],[-8,-8],[-9,-7]],"c":true},"ix":2},"nm":"Path 1","mn":"ADBE Vector Shape - Group","hd":false},{"ty":"st","c":{"a":0,"k":[0,0,0,1],"ix":3},"o":{"a":0,"k":100,"ix":4},"w":{"a":0,"k":1,"ix":5},"lc":2,"lj":2,"nm":"Stroke 1","mn":"ADBE Vector Graphic - Stroke","hd":false},{"ty":"tr","p":{"a":0,"k":[0,0],"ix":2},"a":{"a":0,"k":[0,0],"ix":1},"s":{"a":0,"k":[500,500],"ix":3},"r":{"a":0,"k":0,"ix":6},"o":{"a":0,"k":100,"ix":7},"sk":{"a":0,"k":0,"ix":4},"sa":{"a":0,"k":0,"ix":5},"nm":"Transform"}],"nm":"Path","np":2,"cix":2,"ix":1,"mn":"ADBE Vector Group","hd":false}],"ip":0,"op":150.349506123861,"st":0,"bm":0},{"ddd":0,"ind":2,"ty":4,"nm":"Path","parent":4,"sr":1,"ks":{"o":{"a":0,"k":100,"ix":11},"r":{"a":0,"k":0,"ix":10},"p":{"a":0,"k":[55,-15,0],"ix":2},"a":{"a":0,"k":[0,0,0],"ix":1},"s":{"a":0,"k":[100,100,100],"ix":6}},"ao":0,"shapes":[{"ty":"gr","it":[{"ind":0,"ty":"sh","ix":1,"ks":{"a":0,"k":{"i":[[0,0],[0,0],[0,-1.1],[0,0],[1.1,0],[0,0]],"o":[[0,0],[1.1,0],[0,0],[0,1.1],[0,0],[0,0]],"v":[[-2,-3],[0,-3],[2,-1],[2,1],[0,3],[-2,3]],"c":false},"ix":2},"nm":"Path 1","mn":"ADBE Vector Shape - Group","hd":false},{"ty":"st","c":{"a":0,"k":[0,0,0,1],"ix":3},"o":{"a":0,"k":100,"ix":4},"w":{"a":0,"k":1,"ix":5},"lc":2,"lj":2,"nm":"Stroke 1","mn":"ADBE Vector Graphic - Stroke","hd":false},{"ty":"tr","p":{"a":0,"k":[0,0],"ix":2},"a":{"a":0,"k":[0,0],"ix":1},"s":{"a":0,"k":[500,500],"ix":3},"r":{"a":0,"k":0,"ix":6},"o":{"a":0,"k":100,"ix":7},"sk":{"a":0,"k":0,"ix":4},"sa":{"a":0,"k":0,"ix":5},"nm":"Transform"}],"nm":"Path","np":2,"cix":2,"ix":1,"mn":"ADBE Vector Group","hd":false}],"ip":0,"op":150.349506123861,"st":0,"bm":0},{"ddd":0,"ind":3,"ty":4,"nm":"Path","parent":4,"sr":1,"ks":{"o":{"a":0,"k":100,"ix":11},"r":{"a":0,"k":0,"ix":10},"p":{"a":0,"k":[20,0,0],"ix":2},"a":{"a":0,"k":[0,0,0],"ix":1},"s":{"a":0,"k":[100,100,100],"ix":6}},"ao":0,"shapes":[{"ty":"gr","it":[{"ind":0,"ty":"sh","ix":1,"ks":{"a":0,"k":{"i":[[0.55,0],[0,0],[0,-0.55],[0,0],[4.5,-0.5],[-0.34,0],[0,4.97],[0,0]],"o":[[0,0],[0.55,0],[0,0],[0,4.63],[0.33,0.04],[4.97,0],[0,0],[0,-0.55]],"v":[[4,-8],[2,-8],[3,-7],[3,-1],[-5,7.94],[-4,8],[5,-1],[5,-7]],"c":true},"ix":2},"nm":"Path 1","mn":"ADBE Vector Shape - Group","hd":false},{"ty":"fl","c":{"a":0,"k":[0.854902029037,0.854902029037,0.854902029037,1],"ix":4},"o":{"a":0,"k":100,"ix":5},"r":1,"nm":"Fill 1","mn":"ADBE Vector Graphic - Fill","hd":false},{"ty":"tr","p":{"a":0,"k":[0,0],"ix":2},"a":{"a":0,"k":[0,0],"ix":1},"s":{"a":0,"k":[500,500],"ix":3},"r":{"a":0,"k":0,"ix":6},"o":{"a":0,"k":100,"ix":7},"sk":{"a":0,"k":0,"ix":4},"sa":{"a":0,"k":0,"ix":5},"nm":"Transform"}],"nm":"Path","np":2,"cix":2,"ix":1,"mn":"ADBE Vector Group","hd":false}],"ip":0,"op":150.349506123861,"st":0,"bm":0},{"ddd":0,"ind":4,"ty":4,"nm":"Path","sr":1,"ks":{"o":{"a":0,"k":100,"ix":11},"r":{"a":0,"k":0,"ix":10},"p":{"a":1,"k":[{"i":{"x":0.361,"y":0.96},"o":{"x":0.182,"y":0.049},"n":"0p361_0p96_0p182_0p049","t":0,"s":[145,321,0],"e":[145,119.996,0],"to":[0,-25.9248065948486,0],"ti":[0,31.0130863189697,0]},{"i":{"x":0.65,"y":0.763},"o":{"x":0.317,"y":0.1},"n":"0p65_0p763_0p317_0p1","t":10,"s":[145,119.996,0],"e":[145,163.626,0],"to":[0,-0.78401684761047,0],"ti":[0,-11.7771844863892,0]},{"i":{"x":0.66,"y":1},"o":{"x":0.264,"y":1},"n":"0p66_1_0p264_1","t":21,"s":[145,163.626,0],"e":[145,160,0],"to":[0,4.54895973205566,0],"ti":[0,0,0]},{"i":{"x":0.66,"y":0.66},"o":{"x":0.167,"y":0.167},"n":"0p66_0p66_0p167_0p167","t":30,"s":[145,160,0],"e":[145,160,0],"to":[0,0,0],"ti":[0,0,0]},{"i":{"x":0.601,"y":0.553},"o":{"x":0.172,"y":0},"n":"0p601_0p553_0p172_0","t":90,"s":[145,160,0],"e":[145,132.292,0],"to":[0,0,0],"ti":[0,0,0]},{"i":{"x":0.692,"y":1},"o":{"x":0.29,"y":1},"n":"0p692_1_0p29_1","t":97,"s":[145,132.292,0],"e":[145,122,0],"to":[0,0,0],"ti":[0,0,0]},{"i":{"x":0.627,"y":0.775},"o":{"x":0.168,"y":0},"n":"0p627_0p775_0p168_0","t":105,"s":[145,122,0],"e":[145,571.36,0],"to":[0,0,0],"ti":[0,0,0]},{"i":{"x":0.701,"y":1},"o":{"x":0.182,"y":1},"n":"0p701_1_0p182_1","t":120,"s":[145,571.36,0],"e":[145,624,0],"to":[0,0,0],"ti":[0,0,0]},{"t":136.000005539394}],"ix":2},"a":{"a":0,"k":[0,0,0],"ix":1},"s":{"a":1,"k":[{"i":{"x":[0.33,0.33,0.33],"y":[1,1,1]},"o":{"x":[0.167,0.167,0.167],"y":[0.167,0.167,7.167]},"n":["0p33_1_0p167_0p167","0p33_1_0p167_0p167","0p33_1_0p167_7p167"],"t":0,"s":[57,57,100],"e":[100,100,100]},{"i":{"x":[0.833,0.833,0.833],"y":[1,1,1]},"o":{"x":[0.167,0.167,0.167],"y":[0,0,0]},"n":["0p833_1_0p167_0","0p833_1_0p167_0","0p833_1_0p167_0"],"t":30,"s":[100,100,100],"e":[100,100,100]},{"i":{"x":[0.794,0.794,0.794],"y":[1,1,1]},"o":{"x":[0.157,0.157,0.157],"y":[0,0,0]},"n":["0p794_1_0p157_0","0p794_1_0p157_0","0p794_1_0p157_0"],"t":105,"s":[100,100,100],"e":[36,36,100]},{"t":121.000004928431}],"ix":6}},"ao":0,"shapes":[{"ty":"gr","it":[{"ind":0,"ty":"sh","ix":1,"ks":{"a":0,"k":{"i":[[0,0],[-4.97,0],[0,4.97],[0,0],[0.55,0],[0,0],[0,-0.55]],"o":[[0,4.97],[4.97,0],[0,0],[0,-0.55],[0,0],[-0.55,0],[0,0]],"v":[[-9,-1],[0,8],[9,-1],[9,-7],[8,-8],[-8,-8],[-9,-7]],"c":true},"ix":2},"nm":"Path 1","mn":"ADBE Vector Shape - Group","hd":false},{"ty":"fl","c":{"a":0,"k":[1,1,1,1],"ix":4},"o":{"a":0,"k":100,"ix":5},"r":1,"nm":"Fill 1","mn":"ADBE Vector Graphic - Fill","hd":false},{"ty":"tr","p":{"a":0,"k":[0,0],"ix":2},"a":{"a":0,"k":[0,0],"ix":1},"s":{"a":0,"k":[500,500],"ix":3},"r":{"a":0,"k":0,"ix":6},"o":{"a":0,"k":100,"ix":7},"sk":{"a":0,"k":0,"ix":4},"sa":{"a":0,"k":0,"ix":5},"nm":"Transform"}],"nm":"Path","np":2,"cix":2,"ix":1,"mn":"ADBE Vector Group","hd":false}],"ip":0,"op":150.349506123861,"st":0,"bm":0},{"ddd":0,"ind":5,"ty":4,"nm":"Path","parent":4,"sr":1,"ks":{"o":{"a":0,"k":100,"ix":11},"r":{"a":0,"k":0,"ix":10},"p":{"a":1,"k":[{"i":{"x":0.33,"y":1},"o":{"x":0.193,"y":0.114},"n":"0p33_1_0p193_0p114","t":-33,"s":[20,-71.696,0],"e":[20,47.5,0],"to":[0,-2.31038045883179,0],"ti":[0,0,0]},{"i":{"x":0.842,"y":0.956},"o":{"x":0.209,"y":0.069},"n":"0p842_0p956_0p209_0p069","t":10,"s":[20,47.5,0],"e":[20,-79.009,0],"to":[0,-11.8669328689575,0],"ti":[0,3.9999577999115,0]},{"i":{"x":0.689,"y":0.852},"o":{"x":0.332,"y":0.356},"n":"0p689_0p852_0p332_0p356","t":22,"s":[20,-79.009,0],"e":[20,-56.173,0],"to":[0,-6.00484371185303,0],"ti":[0,-2.70664215087891,0]},{"i":{"x":0.679,"y":1},"o":{"x":0.318,"y":1},"n":"0p679_1_0p318_1","t":31,"s":[20,-56.173,0],"e":[20,-57.5,0],"to":[0,3.34563422203064,0],"ti":[0,0.01235422771424,0]},{"t":40.0000016292334}],"ix":2},"a":{"a":0,"k":[0,0,0],"ix":1},"s":{"a":0,"k":[100,100,100],"ix":6}},"ao":0,"shapes":[{"ty":"gr","it":[{"ind":0,"ty":"sh","ix":1,"ks":{"a":0,"k":{"i":[[0,0],[0,0]],"o":[[0,0],[0,0]],"v":[[0,1.5],[0,-1.5]],"c":false},"ix":2},"nm":"Path 1","mn":"ADBE Vector Shape - Group","hd":false},{"ty":"st","c":{"a":0,"k":[0,0,0,1],"ix":3},"o":{"a":0,"k":100,"ix":4},"w":{"a":0,"k":1,"ix":5},"lc":2,"lj":2,"nm":"Stroke 1","mn":"ADBE Vector Graphic - Stroke","hd":false},{"ty":"tr","p":{"a":0,"k":[0,0],"ix":2},"a":{"a":0,"k":[0,0],"ix":1},"s":{"a":0,"k":[500,500],"ix":3},"r":{"a":0,"k":0,"ix":6},"o":{"a":0,"k":100,"ix":7},"sk":{"a":0,"k":0,"ix":4},"sa":{"a":0,"k":0,"ix":5},"nm":"Transform"}],"nm":"Path","np":2,"cix":2,"ix":1,"mn":"ADBE Vector Group","hd":false}],"ip":15.0000006109625,"op":150.349506123861,"st":0,"bm":0},{"ddd":0,"ind":6,"ty":4,"nm":"Path","parent":4,"sr":1,"ks":{"o":{"a":0,"k":100,"ix":11},"r":{"a":0,"k":0,"ix":10},"p":{"a":1,"k":[{"i":{"x":0.33,"y":1},"o":{"x":0.213,"y":0.111},"n":"0p33_1_0p213_0p111","t":-33,"s":[0,-74.196,0],"e":[0,45,0],"to":[0,-2.29780077934265,0],"ti":[0,0,0]},{"i":{"x":0.831,"y":0.953},"o":{"x":0.209,"y":0.069},"n":"0p831_0p953_0p209_0p069","t":5,"s":[0,45,0],"e":[0,-81.509,0],"to":[0,-11.8669328689575,0],"ti":[0,4.1194109916687,0]},{"i":{"x":0.692,"y":0.853},"o":{"x":0.332,"y":0.356},"n":"0p692_0p853_0p332_0p356","t":17,"s":[0,-81.509,0],"e":[0,-58.673,0],"to":[0,-6.00484371185303,0],"ti":[0,-3.04284405708313,0]},{"i":{"x":0.669,"y":1},"o":{"x":0.319,"y":1},"n":"0p669_1_0p319_1","t":26,"s":[0,-58.673,0],"e":[0,-60,0],"to":[0,3.34563422203064,0],"ti":[0,0.01897160708904,0]},{"t":35.0000014255792}],"ix":2},"a":{"a":0,"k":[0,0,0],"ix":1},"s":{"a":0,"k":[100,100,100],"ix":6}},"ao":0,"shapes":[{"ty":"gr","it":[{"ind":0,"ty":"sh","ix":1,"ks":{"a":0,"k":{"i":[[0,0],[0,0]],"o":[[0,0],[0,0]],"v":[[0,2],[0,-2]],"c":false},"ix":2},"nm":"Path 1","mn":"ADBE Vector Shape - Group","hd":false},{"ty":"st","c":{"a":0,"k":[0,0,0,1],"ix":3},"o":{"a":0,"k":100,"ix":4},"w":{"a":0,"k":1,"ix":5},"lc":2,"lj":2,"nm":"Stroke 1","mn":"ADBE Vector Graphic - Stroke","hd":false},{"ty":"tr","p":{"a":0,"k":[0,0],"ix":2},"a":{"a":0,"k":[0,0],"ix":1},"s":{"a":0,"k":[500,500],"ix":3},"r":{"a":0,"k":0,"ix":6},"o":{"a":0,"k":100,"ix":7},"sk":{"a":0,"k":0,"ix":4},"sa":{"a":0,"k":0,"ix":5},"nm":"Transform"}],"nm":"Path","np":2,"cix":2,"ix":1,"mn":"ADBE Vector Group","hd":false}],"ip":10.0000004073083,"op":150.349506123861,"st":0,"bm":0},{"ddd":0,"ind":7,"ty":4,"nm":"Path","parent":4,"sr":1,"ks":{"o":{"a":0,"k":100,"ix":11},"r":{"a":0,"k":0,"ix":10},"p":{"a":1,"k":[{"i":{"x":0.33,"y":1},"o":{"x":0.236,"y":0.107},"n":"0p33_1_0p236_0p107","t":-33,"s":[-20,-71.696,0],"e":[-20,47.5,0],"to":[0,-2.28506922721863,0],"ti":[0,0,0]},{"i":{"x":0.818,"y":0.949},"o":{"x":0.209,"y":0.069},"n":"0p818_0p949_0p209_0p069","t":0,"s":[-20,47.5,0],"e":[-20,-79.009,0],"to":[0,-11.8669328689575,0],"ti":[0,4.24030542373657,0]},{"i":{"x":0.694,"y":0.854},"o":{"x":0.332,"y":0.355},"n":"0p694_0p854_0p332_0p355","t":12,"s":[-20,-79.009,0],"e":[-20,-56.173,0],"to":[0,-6.00484371185303,0],"ti":[0,-3.57586741447449,0]},{"i":{"x":0.67,"y":1},"o":{"x":0.319,"y":1},"n":"0p67_1_0p319_1","t":21,"s":[-20,-56.173,0],"e":[-20,-57.5,0],"to":[0,3.34563422203064,0],"ti":[0,0.03506050631404,0]},{"t":30.0000012219251}],"ix":2},"a":{"a":0,"k":[0,0,0],"ix":1},"s":{"a":0,"k":[100,100,100],"ix":6}},"ao":0,"shapes":[{"ty":"gr","it":[{"ind":0,"ty":"sh","ix":1,"ks":{"a":0,"k":{"i":[[0,0],[0,0]],"o":[[0,0],[0,0]],"v":[[0,1.5],[0,-1.5]],"c":false},"ix":2},"nm":"Path 1","mn":"ADBE Vector Shape - Group","hd":false},{"ty":"st","c":{"a":0,"k":[0,0,0,1],"ix":3},"o":{"a":0,"k":100,"ix":4},"w":{"a":0,"k":1,"ix":5},"lc":2,"lj":2,"nm":"Stroke 1","mn":"ADBE Vector Graphic - Stroke","hd":false},{"ty":"tr","p":{"a":0,"k":[0,0],"ix":2},"a":{"a":0,"k":[0,0],"ix":1},"s":{"a":0,"k":[500,500],"ix":3},"r":{"a":0,"k":0,"ix":6},"o":{"a":0,"k":100,"ix":7},"sk":{"a":0,"k":0,"ix":4},"sa":{"a":0,"k":0,"ix":5},"nm":"Transform"}],"nm":"Path","np":2,"cix":2,"ix":1,"mn":"ADBE Vector Group","hd":false}],"ip":0,"op":150.349506123861,"st":0,"bm":0}]}],"layers":[{"ddd":0,"ind":1,"ty":4,"nm":"Path","sr":1,"ks":{"o":{"a":0,"k":100,"ix":11},"r":{"a":0,"k":0,"ix":10},"p":{"a":0,"k":[68,104,0],"ix":2},"a":{"a":0,"k":[0,0,0],"ix":1},"s":{"a":0,"k":[60,60,100],"ix":6}},"ao":0,"shapes":[{"ty":"gr","it":[{"ind":0,"ty":"sh","ix":1,"ks":{"a":0,"k":{"i":[[0,0],[0,0]],"o":[[0,0],[0,0]],"v":[[-12,0],[12,0]],"c":false},"ix":2},"nm":"Path 1","mn":"ADBE Vector Shape - Group","hd":false},{"ty":"st","c":{"a":0,"k":[0,0,0,1],"ix":3},"o":{"a":0,"k":100,"ix":4},"w":{"a":0,"k":1,"ix":5},"lc":2,"lj":2,"nm":"Stroke 1","mn":"ADBE Vector Graphic - Stroke","hd":false},{"ty":"tr","p":{"a":0,"k":[0,0],"ix":2},"a":{"a":0,"k":[0,0],"ix":1},"s":{"a":0,"k":[500,500],"ix":3},"r":{"a":0,"k":0,"ix":6},"o":{"a":0,"k":100,"ix":7},"sk":{"a":0,"k":0,"ix":4},"sa":{"a":0,"k":0,"ix":5},"nm":"Transform"}],"nm":"Path","np":2,"cix":2,"ix":1,"mn":"ADBE Vector Group","hd":false},{"ty":"tm","s":{"a":1,"k":[{"i":{"x":[0.392],"y":[0.848]},"o":{"x":[0.198],"y":[0.106]},"n":["0p392_0p848_0p198_0p106"],"t":0,"s":[50],"e":[96.762]},{"i":{"x":[0.621],"y":[1]},"o":{"x":[0.29],"y":[1.048]},"n":["0p621_1_0p29_1p048"],"t":15,"s":[96.762],"e":[100]},{"i":{"x":[0.833],"y":[1]},"o":{"x":[0.167],"y":[0]},"n":["0p833_1_0p167_0"],"t":30,"s":[100],"e":[100]},{"i":{"x":[0.833],"y":[0.833]},"o":{"x":[0.379],"y":[0]},"n":["0p833_0p833_0p379_0"],"t":103,"s":[100],"e":[50]},{"t":120.0000048877}],"ix":1},"e":{"a":1,"k":[{"i":{"x":[0.392],"y":[0.848]},"o":{"x":[0.198],"y":[0.106]},"n":["0p392_0p848_0p198_0p106"],"t":0,"s":[50],"e":[3.238]},{"i":{"x":[0.621],"y":[1]},"o":{"x":[0.29],"y":[1.048]},"n":["0p621_1_0p29_1p048"],"t":15,"s":[3.238],"e":[0]},{"i":{"x":[0.833],"y":[1]},"o":{"x":[0.167],"y":[0]},"n":["0p833_1_0p167_0"],"t":30,"s":[0],"e":[0]},{"i":{"x":[0.833],"y":[0.833]},"o":{"x":[0.379],"y":[0]},"n":["0p833_0p833_0p379_0"],"t":103,"s":[0],"e":[50]},{"t":120.0000048877}],"ix":2},"o":{"a":0,"k":0,"ix":3},"m":1,"ix":2,"nm":"Trim Paths 1","mn":"ADBE Vector Filter - Trim","hd":false}],"ip":0,"op":141.000005743048,"st":0,"bm":0},{"ddd":0,"ind":2,"ty":0,"nm":"Cup","refId":"comp_0","sr":1,"ks":{"o":{"a":0,"k":100,"ix":11},"r":{"a":0,"k":0,"ix":10},"p":{"a":0,"k":[68,68,0],"ix":2},"a":{"a":0,"k":[150,150,0],"ix":1},"s":{"a":0,"k":[60,60,100],"ix":6}},"ao":0,"hasMask":true,"masksProperties":[{"inv":false,"mode":"a","pt":{"a":0,"k":{"i":[[0,0],[0,0],[0,0],[0,0]],"o":[[0,0],[0,0],[0,0],[0,0]],"v":[[239.688,-37],[64,-37],[64,210.375],[239.688,210.375]],"c":true},"ix":1},"o":{"a":0,"k":100,"ix":3},"x":{"a":0,"k":0,"ix":4},"nm":"Mask 1"}],"w":300,"h":300,"ip":0,"op":141.000005743048,"st":0,"bm":0}],"markers":[]}