{"v":"5.3.4","fr":29.9700012207031,"ip":0,"op":150.000006109625,"w":136,"h":136,"nm":"11_Pencils","ddd":0,"assets":[],"layers":[{"ddd":0,"ind":2,"ty":4,"nm":"Stroke 24","parent":11,"sr":1,"ks":{"o":{"a":0,"k":100,"ix":11},"r":{"a":0,"k":0,"ix":10},"p":{"a":0,"k":[72.5,72.495,0],"ix":2},"a":{"a":0,"k":[0,0,0],"ix":1},"s":{"a":0,"k":[100,100,100],"ix":6}},"ao":0,"shapes":[{"ty":"gr","it":[{"ind":0,"ty":"sh","ix":1,"ks":{"a":0,"k":{"i":[[0,0],[0,0]],"o":[[0,0],[0,0]],"v":[[1.5,-1.5],[-1.5,1.5]],"c":false},"ix":2},"nm":"Path 1","mn":"ADBE Vector Shape - Group","hd":false},{"ty":"st","c":{"a":0,"k":[0.113609999418,0.112988002598,0.1074699983,1],"ix":3},"o":{"a":0,"k":100,"ix":4},"w":{"a":0,"k":1,"ix":5},"lc":2,"lj":2,"nm":"Stroke 1","mn":"ADBE Vector Graphic - Stroke","hd":false},{"ty":"tr","p":{"a":0,"k":[0,0],"ix":2},"a":{"a":0,"k":[0,0],"ix":1},"s":{"a":0,"k":[500,500],"ix":3},"r":{"a":0,"k":0,"ix":6},"o":{"a":0,"k":100,"ix":7},"sk":{"a":0,"k":0,"ix":4},"sa":{"a":0,"k":0,"ix":5},"nm":"Transform"}],"nm":"Stroke 24","np":2,"cix":2,"ix":1,"mn":"ADBE Vector Group","hd":false}],"ip":0,"op":150.349506123861,"st":0,"bm":0},{"ddd":0,"ind":3,"ty":4,"nm":"Stroke 23","parent":11,"sr":1,"ks":{"o":{"a":0,"k":100,"ix":11},"r":{"a":0,"k":0,"ix":10},"p":{"a":0,"k":[11.25,-3.755,0],"ix":2},"a":{"a":0,"k":[0,0,0],"ix":1},"s":{"a":0,"k":[100,100,100],"ix":6}},"ao":0,"shapes":[{"ty":"gr","it":[{"ind":0,"ty":"sh","ix":1,"ks":{"a":0,"k":{"i":[[0,0],[0,0],[0,0]],"o":[[0,0],[0,0],[0,0]],"v":[[6.75,3.75],[-0.75,-3.75],[-6.75,2.25]],"c":false},"ix":2},"nm":"Path 1","mn":"ADBE Vector Shape - Group","hd":false},{"ty":"st","c":{"a":0,"k":[0.113609999418,0.112988002598,0.1074699983,1],"ix":3},"o":{"a":0,"k":100,"ix":4},"w":{"a":0,"k":1,"ix":5},"lc":2,"lj":2,"nm":"Stroke 1","mn":"ADBE Vector Graphic - Stroke","hd":false},{"ty":"tr","p":{"a":0,"k":[0,0],"ix":2},"a":{"a":0,"k":[0,0],"ix":1},"s":{"a":0,"k":[500,500],"ix":3},"r":{"a":0,"k":0,"ix":6},"o":{"a":0,"k":100,"ix":7},"sk":{"a":0,"k":0,"ix":4},"sa":{"a":0,"k":0,"ix":5},"nm":"Transform"}],"nm":"Stroke 23","np":2,"cix":2,"ix":1,"mn":"ADBE Vector Group","hd":false}],"ip":0,"op":150.349506123861,"st":0,"bm":0},{"ddd":0,"ind":4,"ty":4,"nm":"Stroke 20","parent":11,"sr":1,"ks":{"o":{"a":0,"k":100,"ix":11},"r":{"a":0,"k":0,"ix":10},"p":{"a":0,"k":[59.998,59.995,0],"ix":2},"a":{"a":0,"k":[0,0,0],"ix":1},"s":{"a":0,"k":[100,100,100],"ix":6}},"ao":0,"shapes":[{"ty":"gr","it":[{"ind":0,"ty":"sh","ix":1,"ks":{"a":0,"k":{"i":[[0,0],[0,0],[0,0],[0,0],[0,0]],"o":[[0,0],[0,0],[0,0],[0,0],[0,0]],"v":[[-6.001,-3],[0.999,4],[5.999,6],[3.999,1],[-3.001,-6]],"c":false},"ix":2},"nm":"Path 1","mn":"ADBE Vector Shape - Group","hd":false},{"ty":"st","c":{"a":0,"k":[0.113609999418,0.112988002598,0.1074699983,1],"ix":3},"o":{"a":0,"k":100,"ix":4},"w":{"a":0,"k":1,"ix":5},"lc":2,"lj":2,"nm":"Stroke 1","mn":"ADBE Vector Graphic - Stroke","hd":false},{"ty":"tr","p":{"a":0,"k":[0,0],"ix":2},"a":{"a":0,"k":[0,0],"ix":1},"s":{"a":0,"k":[500,500],"ix":3},"r":{"a":0,"k":0,"ix":6},"o":{"a":0,"k":100,"ix":7},"sk":{"a":0,"k":0,"ix":4},"sa":{"a":0,"k":0,"ix":5},"nm":"Transform"}],"nm":"Stroke 20","np":2,"cix":2,"ix":1,"mn":"ADBE Vector Group","hd":false}],"ip":0,"op":150.349506123861,"st":0,"bm":0},{"ddd":0,"ind":5,"ty":4,"nm":"Stroke 18","parent":11,"sr":1,"ks":{"o":{"a":0,"k":100,"ix":11},"r":{"a":0,"k":0,"ix":10},"p":{"a":0,"k":[-0.002,0,0],"ix":2},"a":{"a":0,"k":[0,0,0],"ix":1},"s":{"a":0,"k":[100,100,100],"ix":6}},"ao":0,"shapes":[{"ty":"gr","it":[{"ind":0,"ty":"sh","ix":1,"ks":{"a":0,"k":{"i":[[0,0],[0,0],[0,0],[0,0]],"o":[[0,0],[0,0],[0,0],[0,0]],"v":[[9.65,6.65],[-2.999,-6.001],[-5.999,-3.001],[6.875,9.875]],"c":false},"ix":2},"nm":"Path 1","mn":"ADBE Vector Shape - Group","hd":false},{"ty":"st","c":{"a":0,"k":[0.113609999418,0.112988002598,0.1074699983,1],"ix":3},"o":{"a":0,"k":100,"ix":4},"w":{"a":0,"k":1,"ix":5},"lc":2,"lj":2,"nm":"Stroke 1","mn":"ADBE Vector Graphic - Stroke","hd":false},{"ty":"tr","p":{"a":0,"k":[0,0],"ix":2},"a":{"a":0,"k":[0,0],"ix":1},"s":{"a":0,"k":[500,500],"ix":3},"r":{"a":0,"k":0,"ix":6},"o":{"a":0,"k":100,"ix":7},"sk":{"a":0,"k":0,"ix":4},"sa":{"a":0,"k":0,"ix":5},"nm":"Transform"}],"nm":"Stroke 18","np":2,"cix":2,"ix":1,"mn":"ADBE Vector Group","hd":false}],"ip":0,"op":150.349506123861,"st":0,"bm":0},{"ddd":0,"ind":6,"ty":4,"nm":"Fill 8","parent":11,"sr":1,"ks":{"o":{"a":0,"k":100,"ix":11},"r":{"a":0,"k":0,"ix":10},"p":{"a":0,"k":[65,59.994,0],"ix":2},"a":{"a":0,"k":[0,0,0],"ix":1},"s":{"a":0,"k":[100,100,100],"ix":6}},"ao":0,"shapes":[{"ty":"gr","it":[{"ind":0,"ty":"sh","ix":1,"ks":{"a":0,"k":{"i":[[0,0],[0,0],[0,0],[0,0],[0,0],[0,0]],"o":[[0,0],[0,0],[0,0],[0,0],[0,0],[0,0]],"v":[[-5,-5],[2,2],[3.33,5.33],[5,6],[3,1],[-4,-6]],"c":true},"ix":2},"nm":"Path 1","mn":"ADBE Vector Shape - Group","hd":false},{"ty":"fl","c":{"a":0,"k":[0,0.607145011425,0.835505008698,1],"ix":4},"o":{"a":0,"k":100,"ix":5},"r":1,"nm":"Fill 1","mn":"ADBE Vector Graphic - Fill","hd":false},{"ty":"tr","p":{"a":0,"k":[0,0],"ix":2},"a":{"a":0,"k":[0,0],"ix":1},"s":{"a":0,"k":[500,500],"ix":3},"r":{"a":0,"k":0,"ix":6},"o":{"a":0,"k":100,"ix":7},"sk":{"a":0,"k":0,"ix":4},"sa":{"a":0,"k":0,"ix":5},"nm":"Transform"}],"nm":"Fill 8","np":2,"cix":2,"ix":1,"mn":"ADBE Vector Group","hd":false}],"ip":0,"op":150.349506123861,"st":0,"bm":0},{"ddd":0,"ind":7,"ty":4,"nm":"Fill 7","parent":11,"sr":1,"ks":{"o":{"a":0,"k":100,"ix":11},"r":{"a":0,"k":0,"ix":10},"p":{"a":0,"k":[4.999,-5.007,0],"ix":2},"a":{"a":0,"k":[0,0,0],"ix":1},"s":{"a":0,"k":[100,100,100],"ix":6}},"ao":0,"shapes":[{"ty":"gr","it":[{"ind":0,"ty":"sh","ix":1,"ks":{"a":0,"k":{"i":[[0,0],[0,0],[0,0],[0,0]],"o":[[0,0],[0,0],[0,0],[0,0]],"v":[[-4.999,-3.999],[7.15,8.225],[8.15,7.225],[-3.999,-4.999]],"c":true},"ix":2},"nm":"Path 1","mn":"ADBE Vector Shape - Group","hd":false},{"ty":"fl","c":{"a":0,"k":[0,0.607145011425,0.835505008698,1],"ix":4},"o":{"a":0,"k":100,"ix":5},"r":1,"nm":"Fill 1","mn":"ADBE Vector Graphic - Fill","hd":false},{"ty":"tr","p":{"a":0,"k":[0,0],"ix":2},"a":{"a":0,"k":[0,0],"ix":1},"s":{"a":0,"k":[500,500],"ix":3},"r":{"a":0,"k":0,"ix":6},"o":{"a":0,"k":100,"ix":7},"sk":{"a":0,"k":0,"ix":4},"sa":{"a":0,"k":0,"ix":5},"nm":"Transform"}],"nm":"Fill 7","np":2,"cix":2,"ix":1,"mn":"ADBE Vector Group","hd":false}],"ip":0,"op":150.349506123861,"st":0,"bm":0},{"ddd":0,"ind":8,"ty":4,"nm":"Fill 6","parent":11,"sr":1,"ks":{"o":{"a":0,"k":100,"ix":11},"r":{"a":0,"k":0,"ix":10},"p":{"a":0,"k":[59.999,64.994,0],"ix":2},"a":{"a":0,"k":[0,0,0],"ix":1},"s":{"a":0,"k":[100,100,100],"ix":6}},"ao":0,"shapes":[{"ty":"gr","it":[{"ind":0,"ty":"sh","ix":1,"ks":{"a":0,"k":{"i":[[0,0],[0,0],[0,0],[0,0],[0,0],[0,0]],"o":[[0,0],[0,0],[0,0],[0,0],[0,0],[0,0]],"v":[[-6.001,-4],[0.999,3],[5.999,5],[5.339,3.33],[1.999,2],[-5.001,-5]],"c":true},"ix":2},"nm":"Path 1","mn":"ADBE Vector Shape - Group","hd":false},{"ty":"fl","c":{"a":0,"k":[0.62953299284,0.849713027477,0.967307984829,1],"ix":4},"o":{"a":0,"k":100,"ix":5},"r":1,"nm":"Fill 1","mn":"ADBE Vector Graphic - Fill","hd":false},{"ty":"tr","p":{"a":0,"k":[0,0],"ix":2},"a":{"a":0,"k":[0,0],"ix":1},"s":{"a":0,"k":[500,500],"ix":3},"r":{"a":0,"k":0,"ix":6},"o":{"a":0,"k":100,"ix":7},"sk":{"a":0,"k":0,"ix":4},"sa":{"a":0,"k":0,"ix":5},"nm":"Transform"}],"nm":"Fill 6","np":2,"cix":2,"ix":1,"mn":"ADBE Vector Group","hd":false}],"ip":0,"op":150.349506123861,"st":0,"bm":0},{"ddd":0,"ind":9,"ty":4,"nm":"Fill 5","parent":11,"sr":1,"ks":{"o":{"a":0,"k":100,"ix":11},"r":{"a":0,"k":0,"ix":10},"p":{"a":0,"k":[-4.995,5,0],"ix":2},"a":{"a":0,"k":[0,0,0],"ix":1},"s":{"a":0,"k":[100,100,100],"ix":6}},"ao":0,"shapes":[{"ty":"gr","it":[{"ind":0,"ty":"sh","ix":1,"ks":{"a":0,"k":{"i":[[0,0],[0,0],[0,0],[0,0]],"o":[[0,0],[0,0],[0,0],[0,0]],"v":[[-5.001,-4.001],[7.2,8.399],[8.2,7.399],[-4.001,-5.001]],"c":true},"ix":2},"nm":"Path 1","mn":"ADBE Vector Shape - Group","hd":false},{"ty":"fl","c":{"a":0,"k":[0.62953299284,0.849713027477,0.967307984829,1],"ix":4},"o":{"a":0,"k":100,"ix":5},"r":1,"nm":"Fill 1","mn":"ADBE Vector Graphic - Fill","hd":false},{"ty":"tr","p":{"a":0,"k":[0,0],"ix":2},"a":{"a":0,"k":[0,0],"ix":1},"s":{"a":0,"k":[500,500],"ix":3},"r":{"a":0,"k":0,"ix":6},"o":{"a":0,"k":100,"ix":7},"sk":{"a":0,"k":0,"ix":4},"sa":{"a":0,"k":0,"ix":5},"nm":"Transform"}],"nm":"Fill 5","np":2,"cix":2,"ix":1,"mn":"ADBE Vector Group","hd":false}],"ip":0,"op":150.349506123861,"st":0,"bm":0},{"ddd":0,"ind":10,"ty":4,"nm":"Fill 4","parent":11,"sr":1,"ks":{"o":{"a":0,"k":100,"ix":11},"r":{"a":0,"k":0,"ix":10},"p":{"a":0,"k":[59.999,59.994,0],"ix":2},"a":{"a":0,"k":[0,0,0],"ix":1},"s":{"a":0,"k":[100,100,100],"ix":6}},"ao":0,"shapes":[{"ty":"gr","it":[{"ind":0,"ty":"sh","ix":1,"ks":{"a":0,"k":{"i":[[0,0],[0,0],[0,0],[0,0],[0,0]],"o":[[0,0],[0,0],[0,0],[0,0],[0,0]],"v":[[-9.351,-6.45],[0.999,4],[5.999,6],[3.999,1],[-6.051,-9.15]],"c":true},"ix":2},"nm":"Path 1","mn":"ADBE Vector Shape - Group","hd":false},{"ty":"fl","c":{"a":0,"k":[0.046847000718,0.729879975319,0.931611001492,1],"ix":4},"o":{"a":0,"k":100,"ix":5},"r":1,"nm":"Fill 1","mn":"ADBE Vector Graphic - Fill","hd":false},{"ty":"tr","p":{"a":0,"k":[0,0],"ix":2},"a":{"a":0,"k":[0,0],"ix":1},"s":{"a":0,"k":[500,500],"ix":3},"r":{"a":0,"k":0,"ix":6},"o":{"a":0,"k":100,"ix":7},"sk":{"a":0,"k":0,"ix":4},"sa":{"a":0,"k":0,"ix":5},"nm":"Transform"}],"nm":"Fill 4","np":2,"cix":2,"ix":1,"mn":"ADBE Vector Group","hd":false}],"ip":0,"op":150.349506123861,"st":0,"bm":0},{"ddd":0,"ind":11,"ty":4,"nm":"Fill 3","sr":1,"ks":{"o":{"a":0,"k":100,"ix":11},"r":{"a":1,"k":[{"i":{"x":[0.348],"y":[1]},"o":{"x":[0.191],"y":[0]},"n":["0p348_1_0p191_0"],"t":0,"s":[44],"e":[44]},{"i":{"x":[0.632],"y":[1]},"o":{"x":[0.3],"y":[0]},"n":["0p632_1_0p3_0"],"t":9,"s":[44],"e":[44]},{"i":{"x":[0.375],"y":[0.884]},"o":{"x":[0.204],"y":[0.075]},"n":["0p375_0p884_0p204_0p075"],"t":24,"s":[44],"e":[0.33]},{"i":{"x":[0.613],"y":[1]},"o":{"x":[0.283],"y":[11.999]},"n":["0p613_1_0p283_11p999"],"t":35,"s":[0.33],"e":[0]},{"i":{"x":[0.3],"y":[1]},"o":{"x":[0.167],"y":[0]},"n":["0p3_1_0p167_0"],"t":54,"s":[0],"e":[0]},{"i":{"x":[0.367],"y":[0.832]},"o":{"x":[0.2],"y":[0]},"n":["0p367_0p832_0p2_0"],"t":90,"s":[0],"e":[40.691]},{"i":{"x":[0.618],"y":[1]},"o":{"x":[0.288],"y":[1.093]},"n":["0p618_1_0p288_1p093"],"t":96,"s":[40.691],"e":[44]},{"i":{"x":[0.833],"y":[1]},"o":{"x":[0.191],"y":[0]},"n":["0p833_1_0p191_0"],"t":103,"s":[44],"e":[44]},{"t":104.000004236007}],"ix":10},"p":{"a":1,"k":[{"i":{"x":0.348,"y":0.903},"o":{"x":0.191,"y":0.089},"n":"0p348_0p903_0p191_0p089","t":0,"s":[67.997,227.603,0],"e":[67.997,36.403,0],"to":[0,0,0],"ti":[0,0,0]},{"i":{"x":0.534,"y":0.974},"o":{"x":0.06,"y":0.353},"n":"0p534_0p974_0p06_0p353","t":9,"s":[67.997,36.403,0],"e":[67.997,43.956,0],"to":[0,0,0],"ti":[0,0,0]},{"i":{"x":0.698,"y":1},"o":{"x":0.35,"y":0.002},"n":"0p698_1_0p35_0p002","t":23,"s":[67.997,43.956,0],"e":[67.997,50.003,0],"to":[0,0,0],"ti":[0,0,0]},{"i":{"x":0.375,"y":0.826},"o":{"x":0.204,"y":0.25},"n":"0p375_0p826_0p204_0p25","t":24,"s":[67.997,50.003,0],"e":[51.142,50.003,0],"to":[0,0,0],"ti":[4.54564666748047,0,0]},{"i":{"x":0.613,"y":1},"o":{"x":0.141,"y":1},"n":"0p613_1_0p141_1","t":35,"s":[51.142,50.003,0],"e":[50,50.003,0],"to":[-0.47189086675644,0,0],"ti":[0,0,0]},{"i":{"x":0.3,"y":0.3},"o":{"x":0.167,"y":0.167},"n":"0p3_0p3_0p167_0p167","t":54,"s":[50,50.003,0],"e":[50,50.003,0],"to":[0,0,0],"ti":[0,0,0]},{"i":{"x":0.367,"y":0.721},"o":{"x":0.2,"y":0},"n":"0p367_0p721_0p2_0","t":90,"s":[50,50.003,0],"e":[66.642,44.412,0],"to":[0,0,0],"ti":[0,0,0]},{"i":{"x":0.618,"y":1},"o":{"x":0.158,"y":1},"n":"0p618_1_0p158_1","t":96,"s":[66.642,44.412,0],"e":[67.997,43.956,0],"to":[0,0,0],"ti":[0,0,0]},{"i":{"x":0.618,"y":0.618},"o":{"x":0.167,"y":0.167},"n":"0p618_0p618_0p167_0p167","t":103,"s":[67.997,43.956,0],"e":[67.997,43.956,0],"to":[0,0,0],"ti":[0,0,0]},{"i":{"x":0.736,"y":0},"o":{"x":0.174,"y":0},"n":"0p736_0_0p174_0","t":104,"s":[67.997,43.956,0],"e":[67.997,49.012,0],"to":[0,0,0],"ti":[0,0,0]},{"i":{"x":0.674,"y":1},"o":{"x":0.141,"y":1},"n":"0p674_1_0p141_1","t":110,"s":[67.997,49.012,0],"e":[67.997,52.156,0],"to":[0,0,0],"ti":[0,0,0]},{"i":{"x":0.615,"y":0.694},"o":{"x":0.17,"y":0},"n":"0p615_0p694_0p17_0","t":117,"s":[67.997,52.156,0],"e":[67.997,-111.157,0],"to":[0,0,0],"ti":[0,0,0]},{"i":{"x":0.695,"y":1},"o":{"x":0.133,"y":1},"n":"0p695_1_0p133_1","t":127,"s":[67.997,-111.157,0],"e":[67.997,-133.644,0],"to":[0,0,0],"ti":[0,0,0]},{"t":140.000005702317}],"ix":2},"a":{"a":0,"k":[0,0,0],"ix":1},"s":{"a":0,"k":[60,60,100],"ix":6}},"ao":0,"shapes":[{"ty":"gr","it":[{"ind":0,"ty":"sh","ix":1,"ks":{"a":0,"k":{"i":[[0,0],[0,0],[0,0],[0,0]],"o":[[0,0],[0,0],[0,0],[0,0]],"v":[[-5.999,-3.001],[3.001,5.999],[6.001,2.999],[-2.999,-6.001]],"c":true},"ix":2},"nm":"Path 1","mn":"ADBE Vector Shape - Group","hd":false},{"ty":"fl","c":{"a":0,"k":[0.046847000718,0.729879975319,0.931611001492,1],"ix":4},"o":{"a":0,"k":100,"ix":5},"r":1,"nm":"Fill 1","mn":"ADBE Vector Graphic - Fill","hd":false},{"ty":"tr","p":{"a":0,"k":[0,0],"ix":2},"a":{"a":0,"k":[0,0],"ix":1},"s":{"a":0,"k":[500,500],"ix":3},"r":{"a":0,"k":0,"ix":6},"o":{"a":0,"k":100,"ix":7},"sk":{"a":0,"k":0,"ix":4},"sa":{"a":0,"k":0,"ix":5},"nm":"Transform"}],"nm":"Fill 3","np":2,"cix":2,"ix":1,"mn":"ADBE Vector Group","hd":false}],"ip":0,"op":150.349506123861,"st":0,"bm":0},{"ddd":0,"ind":12,"ty":4,"nm":"Stroke 16","parent":20,"sr":1,"ks":{"o":{"a":0,"k":100,"ix":11},"r":{"a":0,"k":0,"ix":10},"p":{"a":0,"k":[-60.001,60,0],"ix":2},"a":{"a":0,"k":[0,0,0],"ix":1},"s":{"a":0,"k":[100,100,100],"ix":6}},"ao":0,"shapes":[{"ty":"gr","it":[{"ind":0,"ty":"sh","ix":1,"ks":{"a":0,"k":{"i":[[0,0],[0,0]],"o":[[0,0],[0,0]],"v":[[-0.25,-0.25],[0.25,0.25]],"c":false},"ix":2},"nm":"Path 1","mn":"ADBE Vector Shape - Group","hd":false},{"ty":"st","c":{"a":0,"k":[0.113609999418,0.112988002598,0.1074699983,1],"ix":3},"o":{"a":0,"k":100,"ix":4},"w":{"a":0,"k":1,"ix":5},"lc":2,"lj":2,"nm":"Stroke 1","mn":"ADBE Vector Graphic - Stroke","hd":false},{"ty":"tr","p":{"a":0,"k":[0,0],"ix":2},"a":{"a":0,"k":[0,0],"ix":1},"s":{"a":0,"k":[500,500],"ix":3},"r":{"a":0,"k":0,"ix":6},"o":{"a":0,"k":100,"ix":7},"sk":{"a":0,"k":0,"ix":4},"sa":{"a":0,"k":0,"ix":5},"nm":"Transform"}],"nm":"Stroke 16","np":2,"cix":2,"ix":1,"mn":"ADBE Vector Group","hd":false}],"ip":0,"op":150.349506123861,"st":0,"bm":0},{"ddd":0,"ind":13,"ty":4,"nm":"Stroke 15","parent":20,"sr":1,"ks":{"o":{"a":0,"k":100,"ix":11},"r":{"a":0,"k":0,"ix":10},"p":{"a":0,"k":[-47.501,47.5,0],"ix":2},"a":{"a":0,"k":[0,0,0],"ix":1},"s":{"a":0,"k":[100,100,100],"ix":6}},"ao":0,"shapes":[{"ty":"gr","it":[{"ind":0,"ty":"sh","ix":1,"ks":{"a":0,"k":{"i":[[0,0],[0,0]],"o":[[0,0],[0,0]],"v":[[-1.5,-1.5],[1.5,1.5]],"c":false},"ix":2},"nm":"Path 1","mn":"ADBE Vector Shape - Group","hd":false},{"ty":"st","c":{"a":0,"k":[0.113609999418,0.112988002598,0.1074699983,1],"ix":3},"o":{"a":0,"k":100,"ix":4},"w":{"a":0,"k":1,"ix":5},"lc":2,"lj":2,"nm":"Stroke 1","mn":"ADBE Vector Graphic - Stroke","hd":false},{"ty":"tr","p":{"a":0,"k":[0,0],"ix":2},"a":{"a":0,"k":[0,0],"ix":1},"s":{"a":0,"k":[500,500],"ix":3},"r":{"a":0,"k":0,"ix":6},"o":{"a":0,"k":100,"ix":7},"sk":{"a":0,"k":0,"ix":4},"sa":{"a":0,"k":0,"ix":5},"nm":"Transform"}],"nm":"Stroke 15","np":2,"cix":2,"ix":1,"mn":"ADBE Vector Group","hd":false}],"ip":0,"op":150.349506123861,"st":0,"bm":0},{"ddd":0,"ind":14,"ty":4,"nm":"Stroke 13","parent":20,"sr":1,"ks":{"o":{"a":0,"k":100,"ix":11},"r":{"a":0,"k":0,"ix":10},"p":{"a":0,"k":[-5.001,5,0],"ix":2},"a":{"a":0,"k":[0,0,0],"ix":1},"s":{"a":0,"k":[100,100,100],"ix":6}},"ao":0,"shapes":[{"ty":"gr","it":[{"ind":0,"ty":"sh","ix":1,"ks":{"a":0,"k":{"i":[[0,0],[0,0],[0,0],[0,0],[0,0]],"o":[[0,0],[0,0],[0,0],[0,0],[0,0]],"v":[[-12,12],[-10,7],[9,-12],[12,-9],[-7,10]],"c":true},"ix":2},"nm":"Path 1","mn":"ADBE Vector Shape - Group","hd":false},{"ty":"st","c":{"a":0,"k":[0.113609999418,0.112988002598,0.1074699983,1],"ix":3},"o":{"a":0,"k":100,"ix":4},"w":{"a":0,"k":1,"ix":5},"lc":2,"lj":2,"nm":"Stroke 1","mn":"ADBE Vector Graphic - Stroke","hd":false},{"ty":"tr","p":{"a":0,"k":[0,0],"ix":2},"a":{"a":0,"k":[0,0],"ix":1},"s":{"a":0,"k":[500,500],"ix":3},"r":{"a":0,"k":0,"ix":6},"o":{"a":0,"k":100,"ix":7},"sk":{"a":0,"k":0,"ix":4},"sa":{"a":0,"k":0,"ix":5},"nm":"Transform"}],"nm":"Stroke 13","np":2,"cix":2,"ix":1,"mn":"ADBE Vector Group","hd":false}],"ip":0,"op":150.349506123861,"st":0,"bm":0},{"ddd":0,"ind":15,"ty":4,"nm":"Stroke 12","parent":20,"sr":1,"ks":{"o":{"a":0,"k":100,"ix":11},"r":{"a":0,"k":0,"ix":10},"p":{"a":0,"k":[-0.001,0,0],"ix":2},"a":{"a":0,"k":[0,0,0],"ix":1},"s":{"a":0,"k":[100,100,100],"ix":6}},"ao":0,"shapes":[{"ty":"gr","it":[{"ind":0,"ty":"sh","ix":1,"ks":{"a":0,"k":{"i":[[0,0],[0,0]],"o":[[0,0],[0,0]],"v":[[-9.5,9.5],[9.5,-9.5]],"c":false},"ix":2},"nm":"Path 1","mn":"ADBE Vector Shape - Group","hd":false},{"ty":"st","c":{"a":0,"k":[0.113609999418,0.112988002598,0.1074699983,1],"ix":3},"o":{"a":0,"k":100,"ix":4},"w":{"a":0,"k":1,"ix":5},"lc":2,"lj":2,"nm":"Stroke 1","mn":"ADBE Vector Graphic - Stroke","hd":false},{"ty":"tr","p":{"a":0,"k":[0,0],"ix":2},"a":{"a":0,"k":[0,0],"ix":1},"s":{"a":0,"k":[500,500],"ix":3},"r":{"a":0,"k":0,"ix":6},"o":{"a":0,"k":100,"ix":7},"sk":{"a":0,"k":0,"ix":4},"sa":{"a":0,"k":0,"ix":5},"nm":"Transform"}],"nm":"Stroke 12","np":2,"cix":2,"ix":1,"mn":"ADBE Vector Group","hd":false}],"ip":0,"op":150.349506123861,"st":0,"bm":0},{"ddd":0,"ind":16,"ty":4,"nm":"Fill 11","parent":20,"sr":1,"ks":{"o":{"a":0,"k":100,"ix":11},"r":{"a":0,"k":0,"ix":10},"p":{"a":0,"k":[-57.499,52.5,0],"ix":2},"a":{"a":0,"k":[0,0,0],"ix":1},"s":{"a":0,"k":[100,100,100],"ix":6}},"ao":0,"shapes":[{"ty":"gr","it":[{"ind":0,"ty":"sh","ix":1,"ks":{"a":0,"k":{"i":[[0,0],[0,0],[0,0],[0,0]],"o":[[0,0],[0,0],[0,0],[0,0]],"v":[[-1.5,2.501],[0.17,1.831],[1.5,-1.499],[0.5,-2.499]],"c":true},"ix":2},"nm":"Path 1","mn":"ADBE Vector Shape - Group","hd":false},{"ty":"fl","c":{"a":0,"k":[1,0.87200397253,0.263720005751,1],"ix":4},"o":{"a":0,"k":100,"ix":5},"r":1,"nm":"Fill 1","mn":"ADBE Vector Graphic - Fill","hd":false},{"ty":"tr","p":{"a":0,"k":[0,0],"ix":2},"a":{"a":0,"k":[0,0],"ix":1},"s":{"a":0,"k":[500,500],"ix":3},"r":{"a":0,"k":0,"ix":6},"o":{"a":0,"k":100,"ix":7},"sk":{"a":0,"k":0,"ix":4},"sa":{"a":0,"k":0,"ix":5},"nm":"Transform"}],"nm":"Fill 11","np":2,"cix":2,"ix":1,"mn":"ADBE Vector Group","hd":false}],"ip":0,"op":150.349506123861,"st":0,"bm":0},{"ddd":0,"ind":17,"ty":4,"nm":"Fill 10","parent":20,"sr":1,"ks":{"o":{"a":0,"k":100,"ix":11},"r":{"a":0,"k":0,"ix":10},"p":{"a":0,"k":[-5,-5,0],"ix":2},"a":{"a":0,"k":[0,0,0],"ix":1},"s":{"a":0,"k":[100,100,100],"ix":6}},"ao":0,"shapes":[{"ty":"gr","it":[{"ind":0,"ty":"sh","ix":1,"ks":{"a":0,"k":{"i":[[0,0],[0,0],[0,0],[0,0]],"o":[[0,0],[0,0],[0,0],[0,0]],"v":[[-10,9],[-9,10],[10,-9],[9,-10]],"c":true},"ix":2},"nm":"Path 1","mn":"ADBE Vector Shape - Group","hd":false},{"ty":"fl","c":{"a":0,"k":[0.9249330163,0.417160004377,0.384525001049,1],"ix":4},"o":{"a":0,"k":100,"ix":5},"r":1,"nm":"Fill 1","mn":"ADBE Vector Graphic - Fill","hd":false},{"ty":"tr","p":{"a":0,"k":[0,0],"ix":2},"a":{"a":0,"k":[0,0],"ix":1},"s":{"a":0,"k":[500,500],"ix":3},"r":{"a":0,"k":0,"ix":6},"o":{"a":0,"k":100,"ix":7},"sk":{"a":0,"k":0,"ix":4},"sa":{"a":0,"k":0,"ix":5},"nm":"Transform"}],"nm":"Fill 10","np":2,"cix":2,"ix":1,"mn":"ADBE Vector Group","hd":false}],"ip":0,"op":150.349506123861,"st":0,"bm":0},{"ddd":0,"ind":18,"ty":4,"nm":"Fill 9","parent":20,"sr":1,"ks":{"o":{"a":0,"k":100,"ix":11},"r":{"a":0,"k":0,"ix":10},"p":{"a":0,"k":[-52.501,52.5,0],"ix":2},"a":{"a":0,"k":[0,0,0],"ix":1},"s":{"a":0,"k":[100,100,100],"ix":6}},"ao":0,"shapes":[{"ty":"gr","it":[{"ind":0,"ty":"sh","ix":1,"ks":{"a":0,"k":{"i":[[0,0],[0,0],[0,0]],"o":[[0,0],[0,0],[0,0]],"v":[[-2.499,2.501],[2.501,0.501],[-0.499,-2.499]],"c":true},"ix":2},"nm":"Path 1","mn":"ADBE Vector Shape - Group","hd":false},{"ty":"fl","c":{"a":0,"k":[0.98062902689,0.729893028736,0.128784999251,1],"ix":4},"o":{"a":0,"k":100,"ix":5},"r":1,"nm":"Fill 1","mn":"ADBE Vector Graphic - Fill","hd":false},{"ty":"tr","p":{"a":0,"k":[0,0],"ix":2},"a":{"a":0,"k":[0,0],"ix":1},"s":{"a":0,"k":[500,500],"ix":3},"r":{"a":0,"k":0,"ix":6},"o":{"a":0,"k":100,"ix":7},"sk":{"a":0,"k":0,"ix":4},"sa":{"a":0,"k":0,"ix":5},"nm":"Transform"}],"nm":"Fill 9","np":2,"cix":2,"ix":1,"mn":"ADBE Vector Group","hd":false}],"ip":0,"op":150.349506123861,"st":0,"bm":0},{"ddd":0,"ind":19,"ty":4,"nm":"Fill 2","parent":20,"sr":1,"ks":{"o":{"a":0,"k":100,"ix":11},"r":{"a":0,"k":0,"ix":10},"p":{"a":0,"k":[4.999,4.999,0],"ix":2},"a":{"a":0,"k":[0,0,0],"ix":1},"s":{"a":0,"k":[100,100,100],"ix":6}},"ao":0,"shapes":[{"ty":"gr","it":[{"ind":0,"ty":"sh","ix":1,"ks":{"a":0,"k":{"i":[[0,0],[0,0],[0,0],[0,0]],"o":[[0,0],[0,0],[0,0],[0,0]],"v":[[-10,9],[-9,10],[10,-9],[9,-10]],"c":true},"ix":2},"nm":"Path 1","mn":"ADBE Vector Shape - Group","hd":false},{"ty":"fl","c":{"a":0,"k":[0.822820007801,0.027605000883,0.186552003026,1],"ix":4},"o":{"a":0,"k":100,"ix":5},"r":1,"nm":"Fill 1","mn":"ADBE Vector Graphic - Fill","hd":false},{"ty":"tr","p":{"a":0,"k":[0,0],"ix":2},"a":{"a":0,"k":[0,0],"ix":1},"s":{"a":0,"k":[500,500],"ix":3},"r":{"a":0,"k":0,"ix":6},"o":{"a":0,"k":100,"ix":7},"sk":{"a":0,"k":0,"ix":4},"sa":{"a":0,"k":0,"ix":5},"nm":"Transform"}],"nm":"Fill 2","np":2,"cix":2,"ix":1,"mn":"ADBE Vector Group","hd":false}],"ip":0,"op":150.349506123861,"st":0,"bm":0},{"ddd":0,"ind":20,"ty":4,"nm":"Fill 1","sr":1,"ks":{"o":{"a":0,"k":100,"ix":11},"r":{"a":1,"k":[{"i":{"x":[0.348],"y":[1]},"o":{"x":[0.191],"y":[0]},"n":["0p348_1_0p191_0"],"t":0,"s":[-45],"e":[-45]},{"i":{"x":[0.632],"y":[1]},"o":{"x":[0.3],"y":[0]},"n":["0p632_1_0p3_0"],"t":9,"s":[-45],"e":[-45]},{"i":{"x":[0.375],"y":[0.884]},"o":{"x":[0.204],"y":[0.075]},"n":["0p375_0p884_0p204_0p075"],"t":24,"s":[-45],"e":[-0.405]},{"i":{"x":[0.613],"y":[1]},"o":{"x":[0.283],"y":[9.982]},"n":["0p613_1_0p283_9p982"],"t":35,"s":[-0.405],"e":[0]},{"i":{"x":[0.3],"y":[1]},"o":{"x":[0.167],"y":[0]},"n":["0p3_1_0p167_0"],"t":54,"s":[0],"e":[0]},{"i":{"x":[0.367],"y":[0.832]},"o":{"x":[0.2],"y":[0]},"n":["0p367_0p832_0p2_0"],"t":90,"s":[0],"e":[-41.616]},{"i":{"x":[0.618],"y":[1]},"o":{"x":[0.288],"y":[1.093]},"n":["0p618_1_0p288_1p093"],"t":96,"s":[-41.616],"e":[-45]},{"i":{"x":[0.833],"y":[1]},"o":{"x":[0.191],"y":[0]},"n":["0p833_1_0p191_0"],"t":103,"s":[-45],"e":[-45]},{"t":104.000004236007}],"ix":10},"p":{"a":1,"k":[{"i":{"x":0.348,"y":0.903},"o":{"x":0.191,"y":0.089},"n":"0p348_0p903_0p191_0p089","t":0,"s":[68,249.2,0],"e":[68,58.001,0],"to":[0,0,0],"ti":[0,0,0]},{"i":{"x":0.534,"y":0.974},"o":{"x":0.06,"y":0.353},"n":"0p534_0p974_0p06_0p353","t":9,"s":[68,58.001,0],"e":[68,65.554,0],"to":[0,0,0],"ti":[0,0,0]},{"i":{"x":0.698,"y":1},"o":{"x":0.35,"y":0.002},"n":"0p698_1_0p35_0p002","t":23,"s":[68,65.554,0],"e":[68,71.6,0],"to":[0,0,0],"ti":[0,0,0]},{"i":{"x":0.375,"y":0.882},"o":{"x":0.204,"y":0.44},"n":"0p375_0p882_0p204_0p44","t":24,"s":[68,71.6,0],"e":[70.873,65.281,0],"to":[0,0,0],"ti":[-0.69943273067474,1.53844439983368,0]},{"i":{"x":0.613,"y":1},"o":{"x":0.137,"y":1},"n":"0p613_1_0p137_1","t":35,"s":[70.873,65.281,0],"e":[71.001,65,0],"to":[0.0507582500577,-0.11164583265781,0],"ti":[0,0,0]},{"i":{"x":0.3,"y":0.3},"o":{"x":0.167,"y":0.167},"n":"0p3_0p3_0p167_0p167","t":54,"s":[71.001,65,0],"e":[71.001,65,0],"to":[0,0,0],"ti":[0,0,0]},{"i":{"x":0.367,"y":0.72},"o":{"x":0.2,"y":0},"n":"0p367_0p72_0p2_0","t":90,"s":[71.001,65,0],"e":[68.229,65.512,0],"to":[0,0,0],"ti":[0,0,0]},{"i":{"x":0.618,"y":1},"o":{"x":0.16,"y":1},"n":"0p618_1_0p16_1","t":96,"s":[68.229,65.512,0],"e":[68,65.554,0],"to":[0,0,0],"ti":[0,0,0]},{"i":{"x":0.618,"y":0.618},"o":{"x":0.35,"y":0.35},"n":"0p618_0p618_0p35_0p35","t":103,"s":[68,65.554,0],"e":[68,65.554,0],"to":[0,0,0],"ti":[0,0,0]},{"i":{"x":0.807,"y":0},"o":{"x":0.358,"y":0},"n":"0p807_0_0p358_0","t":104,"s":[68,65.554,0],"e":[68,70.104,0],"to":[0,0,0],"ti":[0,0,0]},{"i":{"x":0.647,"y":1},"o":{"x":0.133,"y":1},"n":"0p647_1_0p133_1","t":110,"s":[68,70.104,0],"e":[68,73.754,0],"to":[0,0,0],"ti":[0,0,0]},{"i":{"x":0.663,"y":0.749},"o":{"x":0.353,"y":0},"n":"0p663_0p749_0p353_0","t":117,"s":[68,73.754,0],"e":[68,-88.007,0],"to":[0,0,0],"ti":[0,0,0]},{"i":{"x":0.657,"y":1},"o":{"x":0.106,"y":1},"n":"0p657_1_0p106_1","t":125,"s":[68,-88.007,0],"e":[68,-112.046,0],"to":[0,0,0],"ti":[0,0,0]},{"t":140.000005702317}],"ix":2},"a":{"a":0,"k":[0,0,0],"ix":1},"s":{"a":0,"k":[60,60,100],"ix":6}},"ao":0,"shapes":[{"ty":"gr","it":[{"ind":0,"ty":"sh","ix":1,"ks":{"a":0,"k":{"i":[[0,0],[0,0],[0,0],[0,0]],"o":[[0,0],[0,0],[0,0],[0,0]],"v":[[-11,8],[-8,11],[11,-8],[8,-11]],"c":true},"ix":2},"nm":"Path 1","mn":"ADBE Vector Shape - Group","hd":false},{"ty":"fl","c":{"a":0,"k":[0.902498006821,0.202613994479,0.273308992386,1],"ix":4},"o":{"a":0,"k":100,"ix":5},"r":1,"nm":"Fill 1","mn":"ADBE Vector Graphic - Fill","hd":false},{"ty":"tr","p":{"a":0,"k":[0,0],"ix":2},"a":{"a":0,"k":[0,0],"ix":1},"s":{"a":0,"k":[500,500],"ix":3},"r":{"a":0,"k":0,"ix":6},"o":{"a":0,"k":100,"ix":7},"sk":{"a":0,"k":0,"ix":4},"sa":{"a":0,"k":0,"ix":5},"nm":"Transform"}],"nm":"Fill 1","np":2,"cix":2,"ix":1,"mn":"ADBE Vector Group","hd":false}],"ip":0,"op":150.349506123861,"st":0,"bm":0}],"markers":[]}