{"v":"5.5.6","fr":29.9700012207031,"ip":0,"op":150.000006109625,"w":136,"h":136,"nm":"17_Seat_belt","ddd":0,"assets":[],"layers":[{"ddd":0,"ind":1,"ty":4,"nm":"Stroke 358","parent":4,"sr":1,"ks":{"o":{"a":0,"k":100,"ix":11},"r":{"a":0,"k":0,"ix":10},"p":{"a":0,"k":[4.5,-10.5,0],"ix":2},"a":{"a":0,"k":[0,0,0],"ix":1},"s":{"a":0,"k":[100,100,100],"ix":6}},"ao":0,"shapes":[{"ty":"gr","it":[{"ind":0,"ty":"sh","ix":1,"ks":{"a":0,"k":{"i":[[0,0],[0,0],[0,0]],"o":[[0,0],[0,0],[0,0]],"v":[[6.5,5.5],[-6.5,5.5],[6.5,-5.5]],"c":false},"ix":2},"nm":"Path 1","mn":"ADBE Vector Shape - Group","hd":false},{"ty":"st","c":{"a":0,"k":[0.113609999418,0.112988002598,0.1074699983,1],"ix":3},"o":{"a":0,"k":100,"ix":4},"w":{"a":0,"k":1,"ix":5},"lc":2,"lj":2,"bm":0,"nm":"Stroke 1","mn":"ADBE Vector Graphic - Stroke","hd":false},{"ty":"tr","p":{"a":0,"k":[0,0],"ix":2},"a":{"a":0,"k":[0,0],"ix":1},"s":{"a":0,"k":[300,300],"ix":3},"r":{"a":0,"k":0,"ix":6},"o":{"a":0,"k":100,"ix":7},"sk":{"a":0,"k":0,"ix":4},"sa":{"a":0,"k":0,"ix":5},"nm":"Transform"}],"nm":"Stroke 358","np":2,"cix":2,"bm":0,"ix":1,"mn":"ADBE Vector Group","hd":false},{"ty":"tm","s":{"a":1,"k":[{"i":{"x":[0.402],"y":[0.816]},"o":{"x":[0.207],"y":[0.107]},"t":19,"s":[100]},{"i":{"x":[0.607],"y":[1]},"o":{"x":[0.278],"y":[1.068]},"t":33,"s":[9.81]},{"t":52.0000021180034,"s":[0]}],"ix":1},"e":{"a":0,"k":100,"ix":2},"o":{"a":0,"k":0,"ix":3},"m":1,"ix":2,"nm":"Trim Paths 1","mn":"ADBE Vector Filter - Trim","hd":false}],"ip":0,"op":150.349506123861,"st":0,"bm":0},{"ddd":0,"ind":2,"ty":4,"nm":"Stroke 359","parent":5,"sr":1,"ks":{"o":{"a":0,"k":100,"ix":11},"r":{"a":0,"k":0,"ix":10},"p":{"a":0,"k":[0,0,0],"ix":2},"a":{"a":0,"k":[0,0,0],"ix":1},"s":{"a":0,"k":[100,100,100],"ix":6}},"ao":0,"shapes":[{"ty":"gr","it":[{"ind":0,"ty":"sh","ix":1,"ks":{"a":0,"k":{"i":[[0,0],[0,0],[0,0],[-0.69,0],[0,0.69],[0,0],[0,0],[1.1,0],[0,0],[0,-1.1],[0,0],[0,0],[-0.69,0],[0,0.69]],"o":[[0,0],[0,0],[0,0.69],[0.69,0],[0,0],[0,0],[0,-1.1],[0,0],[-1.1,0],[0,0],[0,0],[0,0.69],[0.69,0],[0,0]],"v":[[-1.5,4],[1.5,4],[1.5,7.75],[2.75,9],[4,7.75],[4,4],[4,-7],[2,-9],[-2,-9],[-4,-7],[-4,4],[-4,7.75],[-2.75,9],[-1.5,7.75]],"c":true},"ix":2},"nm":"Path 1","mn":"ADBE Vector Shape - Group","hd":false},{"ty":"st","c":{"a":0,"k":[0.113609999418,0.112988002598,0.1074699983,1],"ix":3},"o":{"a":0,"k":100,"ix":4},"w":{"a":0,"k":1,"ix":5},"lc":2,"lj":2,"bm":0,"nm":"Stroke 1","mn":"ADBE Vector Graphic - Stroke","hd":false},{"ty":"tr","p":{"a":0,"k":[0,0],"ix":2},"a":{"a":0,"k":[0,0],"ix":1},"s":{"a":0,"k":[300,300],"ix":3},"r":{"a":0,"k":0,"ix":6},"o":{"a":0,"k":100,"ix":7},"sk":{"a":0,"k":0,"ix":4},"sa":{"a":0,"k":0,"ix":5},"nm":"Transform"}],"nm":"Stroke 359","np":2,"cix":2,"bm":0,"ix":1,"mn":"ADBE Vector Group","hd":false}],"ip":0,"op":150.349506123861,"st":0,"bm":0},{"ddd":0,"ind":3,"ty":4,"nm":"Fill 355","parent":5,"sr":1,"ks":{"o":{"a":0,"k":100,"ix":11},"r":{"a":0,"k":0,"ix":10},"p":{"a":0,"k":[6,0,0],"ix":2},"a":{"a":0,"k":[0,0,0],"ix":1},"s":{"a":0,"k":[100,100,100],"ix":6}},"ao":0,"shapes":[{"ty":"gr","it":[{"ind":0,"ty":"sh","ix":1,"ks":{"a":0,"k":{"i":[[0,0],[0,0],[0,-1.1],[0,0],[0,0],[0.15,-0.21],[-0.42,0],[0,0.69],[0,0],[0,0],[1.1,0]],"o":[[0,0],[1.1,0],[0,0],[0,0],[0,0.27],[0.23,0.32],[0.69,0],[0,0],[0,0],[0,-1.1],[0,0]],"v":[[0,-9],[-2,-9],[0,-7],[0,4],[0,7.75],[-0.25,8.46],[0.75,9],[2,7.75],[2,4],[2,-7],[0,-9]],"c":false},"ix":2},"nm":"Path 1","mn":"ADBE Vector Shape - Group","hd":false},{"ty":"fl","c":{"a":0,"k":[0.890911996365,0.603829979897,0,1],"ix":4},"o":{"a":0,"k":100,"ix":5},"r":1,"bm":0,"nm":"Fill 1","mn":"ADBE Vector Graphic - Fill","hd":false},{"ty":"tr","p":{"a":0,"k":[0,0],"ix":2},"a":{"a":0,"k":[0,0],"ix":1},"s":{"a":0,"k":[300,300],"ix":3},"r":{"a":0,"k":0,"ix":6},"o":{"a":0,"k":100,"ix":7},"sk":{"a":0,"k":0,"ix":4},"sa":{"a":0,"k":0,"ix":5},"nm":"Transform"}],"nm":"Fill 355","np":2,"cix":2,"bm":0,"ix":1,"mn":"ADBE Vector Group","hd":false}],"ip":0,"op":150.349506123861,"st":0,"bm":0},{"ddd":0,"ind":4,"ty":4,"nm":"Fill 354","parent":5,"sr":1,"ks":{"o":{"a":0,"k":100,"ix":11},"r":{"a":0,"k":0,"ix":10},"p":{"a":0,"k":[-6,0,0],"ix":2},"a":{"a":0,"k":[0,0,0],"ix":1},"s":{"a":0,"k":[100,100,100],"ix":6}},"ao":0,"shapes":[{"ty":"gr","it":[{"ind":0,"ty":"sh","ix":1,"ks":{"a":0,"k":{"i":[[0,0],[0,0],[0,0],[-1.1,0],[0,0],[0,-1.1],[0,0],[0,0],[-0.69,0],[-0.23,0.32],[0,0.27]],"o":[[0,0],[0,0],[0,-1.1],[0,0],[-1.1,0],[0,0],[0,0],[0,0.69],[0.42,0],[-0.15,-0.21],[0,0]],"v":[[0,7.75],[0,4],[0,-7],[2,-9],[0,-9],[-2,-7],[-2,4],[-2,7.75],[-0.75,9],[0.25,8.46],[0,7.75]],"c":false},"ix":2},"nm":"Path 1","mn":"ADBE Vector Shape - Group","hd":false},{"ty":"fl","c":{"a":0,"k":[1,0.87200397253,0.263720005751,1],"ix":4},"o":{"a":0,"k":100,"ix":5},"r":1,"bm":0,"nm":"Fill 1","mn":"ADBE Vector Graphic - Fill","hd":false},{"ty":"tr","p":{"a":0,"k":[0,0],"ix":2},"a":{"a":0,"k":[0,0],"ix":1},"s":{"a":0,"k":[300,300],"ix":3},"r":{"a":0,"k":0,"ix":6},"o":{"a":0,"k":100,"ix":7},"sk":{"a":0,"k":0,"ix":4},"sa":{"a":0,"k":0,"ix":5},"nm":"Transform"}],"nm":"Fill 354","np":2,"cix":2,"bm":0,"ix":1,"mn":"ADBE Vector Group","hd":false}],"ip":0,"op":150.349506123861,"st":0,"bm":0},{"ddd":0,"ind":5,"ty":4,"nm":"Fill 353","sr":1,"ks":{"o":{"a":0,"k":100,"ix":11},"r":{"a":0,"k":0,"ix":10},"p":{"a":1,"k":[{"i":{"x":0.44,"y":0.872},"o":{"x":0.744,"y":0},"t":0,"s":[69.5,195,0],"to":[0,-17.576,0],"ti":[0,27.595,0]},{"i":{"x":0.572,"y":1},"o":{"x":0.083,"y":1},"t":12,"s":[69.5,76.131,0],"to":[0,-3.283,0],"ti":[0,0,0]},{"i":{"x":0.572,"y":0.572},"o":{"x":0.62,"y":0.62},"t":30,"s":[69.5,77,0],"to":[0,0,0],"ti":[0,0,0]},{"i":{"x":0.778,"y":0.705},"o":{"x":0.591,"y":0},"t":90,"s":[69.5,77,0],"to":[0,0,0],"ti":[0,0,0]},{"i":{"x":0.533,"y":1},"o":{"x":0.255,"y":0.894},"t":97,"s":[69.5,86.076,0],"to":[0,0,0],"ti":[0,0,0]},{"i":{"x":0.696,"y":0.856},"o":{"x":0.639,"y":0},"t":105,"s":[69.5,90,0],"to":[0,0,0],"ti":[0,0,0]},{"i":{"x":0.582,"y":1},"o":{"x":0.137,"y":1},"t":117,"s":[69.5,-51.238,0],"to":[0,0,0],"ti":[0,0,0]},{"t":139.000005661586,"s":[69.5,-68,0]}],"ix":2},"a":{"a":0,"k":[0,0,0],"ix":1},"s":{"a":0,"k":[100,100,100],"ix":6}},"ao":0,"shapes":[{"ty":"gr","it":[{"ind":0,"ty":"sh","ix":1,"ks":{"a":0,"k":{"i":[[0,0],[0,0],[0,0],[-0.69,0],[0,0.69],[0,0],[0,0],[1.1,0],[0,0],[0,-1.1],[0,0],[0,0],[-0.69,0],[0,0.69]],"o":[[0,0],[0,0],[0,0.69],[0.69,0],[0,0],[0,0],[0,-1.1],[0,0],[-1.1,0],[0,0],[0,0],[0,0.69],[0.69,0],[0,0]],"v":[[-1.5,4],[1.5,4],[1.5,7.75],[2.75,9],[4,7.75],[4,4],[4,-7],[2,-9],[-2,-9],[-4,-7],[-4,4],[-4,7.75],[-2.75,9],[-1.5,7.75]],"c":true},"ix":2},"nm":"Path 1","mn":"ADBE Vector Shape - Group","hd":false},{"ty":"fl","c":{"a":0,"k":[0.98062902689,0.729893028736,0.128784999251,1],"ix":4},"o":{"a":0,"k":100,"ix":5},"r":1,"bm":0,"nm":"Fill 1","mn":"ADBE Vector Graphic - Fill","hd":false},{"ty":"tr","p":{"a":0,"k":[0,0],"ix":2},"a":{"a":0,"k":[0,0],"ix":1},"s":{"a":0,"k":[300,300],"ix":3},"r":{"a":0,"k":0,"ix":6},"o":{"a":0,"k":100,"ix":7},"sk":{"a":0,"k":0,"ix":4},"sa":{"a":0,"k":0,"ix":5},"nm":"Transform"}],"nm":"Fill 353","np":2,"cix":2,"bm":0,"ix":1,"mn":"ADBE Vector Group","hd":false}],"ip":0,"op":150.349506123861,"st":0,"bm":0},{"ddd":0,"ind":6,"ty":4,"nm":"Stroke 357","parent":7,"sr":1,"ks":{"o":{"a":0,"k":100,"ix":11},"r":{"a":0,"k":0,"ix":10},"p":{"a":0,"k":[0,0,0],"ix":2},"a":{"a":0,"k":[0,0,0],"ix":1},"s":{"a":0,"k":[100,100,100],"ix":6}},"ao":0,"shapes":[{"ty":"gr","it":[{"ind":0,"ty":"sh","ix":1,"ks":{"a":0,"k":{"i":[[0,-1.1],[1.1,0],[0,1.1],[-1.1,0]],"o":[[0,1.1],[-1.1,0],[0,-1.1],[1.1,0]],"v":[[2,0],[0,2],[-2,0],[0,-2]],"c":true},"ix":2},"nm":"Path 1","mn":"ADBE Vector Shape - Group","hd":false},{"ty":"st","c":{"a":0,"k":[0.113609999418,0.112988002598,0.1074699983,1],"ix":3},"o":{"a":0,"k":100,"ix":4},"w":{"a":0,"k":1,"ix":5},"lc":2,"lj":2,"bm":0,"nm":"Stroke 1","mn":"ADBE Vector Graphic - Stroke","hd":false},{"ty":"tr","p":{"a":0,"k":[0,0],"ix":2},"a":{"a":0,"k":[0,0],"ix":1},"s":{"a":0,"k":[300,300],"ix":3},"r":{"a":0,"k":0,"ix":6},"o":{"a":0,"k":100,"ix":7},"sk":{"a":0,"k":0,"ix":4},"sa":{"a":0,"k":0,"ix":5},"nm":"Transform"}],"nm":"Stroke 357","np":2,"cix":2,"bm":0,"ix":1,"mn":"ADBE Vector Group","hd":false}],"ip":0,"op":150.349506123861,"st":0,"bm":0},{"ddd":0,"ind":7,"ty":4,"nm":"Fill 356","parent":5,"sr":1,"ks":{"o":{"a":0,"k":100,"ix":11},"r":{"a":0,"k":0,"ix":10},"p":{"a":1,"k":[{"i":{"x":0.44,"y":0.841},"o":{"x":0.744,"y":0},"t":0,"s":[0,79,0],"to":[0,-17.576,0],"ti":[0,27.595,0]},{"i":{"x":0.572,"y":1},"o":{"x":0.25,"y":0.933},"t":16,"s":[0,-48.869,0],"to":[0,-3.283,0],"ti":[0,0,0]},{"i":{"x":0.572,"y":0.572},"o":{"x":0.167,"y":0.167},"t":34,"s":[0,-39,0],"to":[0,0,0],"ti":[0,0,0]},{"i":{"x":0.56,"y":0.478},"o":{"x":0.183,"y":0},"t":90,"s":[0,-39,0],"to":[0,0,0],"ti":[0,0,0]},{"i":{"x":0.658,"y":1},"o":{"x":0.168,"y":1},"t":105,"s":[0,-28.281,0],"to":[0,0,0],"ti":[0,0,0]},{"i":{"x":0.601,"y":0.968},"o":{"x":0.172,"y":0},"t":121,"s":[0,-26,0],"to":[0,0,0],"ti":[0,0,0]},{"i":{"x":0.69,"y":1},"o":{"x":0.238,"y":1},"t":123,"s":[0,-43.214,0],"to":[0,0,0],"ti":[0,0,0]},{"t":140.000005702317,"s":[0,-46,0]}],"ix":2},"a":{"a":0,"k":[0,0,0],"ix":1},"s":{"a":0,"k":[100,100,100],"ix":6}},"ao":0,"shapes":[{"ty":"gr","it":[{"ind":0,"ty":"sh","ix":1,"ks":{"a":0,"k":{"i":[[0,0],[1.1,0],[0,1.1],[-1.1,0],[0,-1.1]],"o":[[0,1.1],[-1.1,0],[0,-1.1],[1.1,0],[0,0]],"v":[[2,0],[0,2],[-2,0],[0,-2],[2,0]],"c":false},"ix":2},"nm":"Path 1","mn":"ADBE Vector Shape - Group","hd":false},{"ty":"fl","c":{"a":0,"k":[0.98062902689,0.729893028736,0.128784999251,1],"ix":4},"o":{"a":0,"k":100,"ix":5},"r":1,"bm":0,"nm":"Fill 1","mn":"ADBE Vector Graphic - Fill","hd":false},{"ty":"tr","p":{"a":0,"k":[0,0],"ix":2},"a":{"a":0,"k":[0,0],"ix":1},"s":{"a":0,"k":[300,300],"ix":3},"r":{"a":0,"k":0,"ix":6},"o":{"a":0,"k":100,"ix":7},"sk":{"a":0,"k":0,"ix":4},"sa":{"a":0,"k":0,"ix":5},"nm":"Transform"}],"nm":"Fill 356","np":2,"cix":2,"bm":0,"ix":1,"mn":"ADBE Vector Group","hd":false}],"ip":0,"op":150.349506123861,"st":0,"bm":0}],"markers":[]}