{"v":"5.5.6","fr":29.9700012207031,"ip":0,"op":140.000005702317,"w":136,"h":136,"nm":"19_Table","ddd":0,"assets":[],"layers":[{"ddd":0,"ind":1,"ty":4,"nm":"Stroke 13","parent":7,"sr":1,"ks":{"o":{"a":0,"k":100,"ix":11},"r":{"a":0,"k":0,"ix":10},"p":{"a":0,"k":[27,4.5,0],"ix":2},"a":{"a":0,"k":[0,0,0],"ix":1},"s":{"a":0,"k":[100,100,100],"ix":6}},"ao":0,"shapes":[{"ty":"gr","it":[{"ind":0,"ty":"sh","ix":1,"ks":{"a":0,"k":{"i":[[0,0],[0,0],[-0.27,0],[0,0],[0,0.28],[0,0]],"o":[[0,0],[0,0.28],[0,0],[0.27,0],[0,0],[0,0]],"v":[[-1,3],[-1,5.5],[-0.5,6],[0.5,6],[1,5.5],[1,-6]],"c":false},"ix":2},"nm":"Path 1","mn":"ADBE Vector Shape - Group","hd":false},{"ty":"st","c":{"a":0,"k":[0.113609999418,0.112988002598,0.1074699983,1],"ix":3},"o":{"a":0,"k":100,"ix":4},"w":{"a":0,"k":1,"ix":5},"lc":2,"lj":2,"bm":0,"nm":"Stroke 1","mn":"ADBE Vector Graphic - Stroke","hd":false},{"ty":"tr","p":{"a":0,"k":[0,0],"ix":2},"a":{"a":0,"k":[0,0],"ix":1},"s":{"a":0,"k":[300,300],"ix":3},"r":{"a":0,"k":0,"ix":6},"o":{"a":0,"k":100,"ix":7},"sk":{"a":0,"k":0,"ix":4},"sa":{"a":0,"k":0,"ix":5},"nm":"Transform"}],"nm":"Stroke 13","np":2,"cix":2,"bm":0,"ix":1,"mn":"ADBE Vector Group","hd":false}],"ip":0,"op":140.35950571696,"st":0,"bm":0},{"ddd":0,"ind":2,"ty":4,"nm":"Stroke 11","parent":7,"sr":1,"ks":{"o":{"a":0,"k":100,"ix":11},"r":{"a":0,"k":0,"ix":10},"p":{"a":0,"k":[-27,4.5,0],"ix":2},"a":{"a":0,"k":[0,0,0],"ix":1},"s":{"a":0,"k":[100,100,100],"ix":6}},"ao":0,"shapes":[{"ty":"gr","it":[{"ind":0,"ty":"sh","ix":1,"ks":{"a":0,"k":{"i":[[0,0],[0,0],[-0.27,0],[0,0],[0,0.28],[0,0]],"o":[[0,0],[0,0.28],[0,0],[0.28,0],[0,0],[0,0]],"v":[[-1,-6],[-1,5.5],[-0.5,6],[0.5,6],[1,5.5],[1,3]],"c":false},"ix":2},"nm":"Path 1","mn":"ADBE Vector Shape - Group","hd":false},{"ty":"st","c":{"a":0,"k":[0.113609999418,0.112988002598,0.1074699983,1],"ix":3},"o":{"a":0,"k":100,"ix":4},"w":{"a":0,"k":1,"ix":5},"lc":2,"lj":2,"bm":0,"nm":"Stroke 1","mn":"ADBE Vector Graphic - Stroke","hd":false},{"ty":"tr","p":{"a":0,"k":[0,0],"ix":2},"a":{"a":0,"k":[0,0],"ix":1},"s":{"a":0,"k":[300,300],"ix":3},"r":{"a":0,"k":0,"ix":6},"o":{"a":0,"k":100,"ix":7},"sk":{"a":0,"k":0,"ix":4},"sa":{"a":0,"k":0,"ix":5},"nm":"Transform"}],"nm":"Stroke 11","np":2,"cix":2,"bm":0,"ix":1,"mn":"ADBE Vector Group","hd":false}],"ip":0,"op":140.35950571696,"st":0,"bm":0},{"ddd":0,"ind":3,"ty":4,"nm":"Stroke 9","parent":7,"sr":1,"ks":{"o":{"a":0,"k":100,"ix":11},"r":{"a":0,"k":0,"ix":10},"p":{"a":0,"k":[0,-18,0],"ix":2},"a":{"a":0,"k":[0,0,0],"ix":1},"s":{"a":0,"k":[100,100,100],"ix":6}},"ao":0,"shapes":[{"ty":"gr","it":[{"ind":0,"ty":"sh","ix":1,"ks":{"a":0,"k":{"i":[[0,0],[-0.55,0],[0,0],[0,-0.55],[0,0],[0.55,0],[0,0],[0,0.55]],"o":[[0,-0.55],[0,0],[0.55,0],[0,0],[0,0.55],[0,0],[-0.55,0],[0,0]],"v":[[-12,-0.5],[-11,-1.5],[11,-1.5],[12,-0.5],[12,0.5],[11,1.5],[-11,1.5],[-12,0.5]],"c":true},"ix":2},"nm":"Path 1","mn":"ADBE Vector Shape - Group","hd":false},{"ty":"st","c":{"a":0,"k":[0.113609999418,0.112988002598,0.1074699983,1],"ix":3},"o":{"a":0,"k":100,"ix":4},"w":{"a":0,"k":1,"ix":5},"lc":2,"lj":2,"bm":0,"nm":"Stroke 1","mn":"ADBE Vector Graphic - Stroke","hd":false},{"ty":"tr","p":{"a":0,"k":[0,0],"ix":2},"a":{"a":0,"k":[0,0],"ix":1},"s":{"a":0,"k":[300,300],"ix":3},"r":{"a":0,"k":0,"ix":6},"o":{"a":0,"k":100,"ix":7},"sk":{"a":0,"k":0,"ix":4},"sa":{"a":0,"k":0,"ix":5},"nm":"Transform"}],"nm":"Stroke 9","np":2,"cix":2,"bm":0,"ix":1,"mn":"ADBE Vector Group","hd":false}],"ip":0,"op":140.35950571696,"st":0,"bm":0},{"ddd":0,"ind":4,"ty":4,"nm":"Stroke 7","parent":7,"sr":1,"ks":{"o":{"a":0,"k":100,"ix":11},"r":{"a":0,"k":0,"ix":10},"p":{"a":0,"k":[0,13.5,0],"ix":2},"a":{"a":0,"k":[0,0,0],"ix":1},"s":{"a":0,"k":[100,100,100],"ix":6}},"ao":0,"shapes":[{"ty":"gr","it":[{"ind":0,"ty":"sh","ix":1,"ks":{"a":0,"k":{"i":[[0,0],[0,0]],"o":[[0,0],[0,0]],"v":[[-10,0],[10,0]],"c":false},"ix":2},"nm":"Path 1","mn":"ADBE Vector Shape - Group","hd":false},{"ty":"st","c":{"a":0,"k":[0.113609999418,0.112988002598,0.1074699983,1],"ix":3},"o":{"a":0,"k":100,"ix":4},"w":{"a":0,"k":1,"ix":5},"lc":2,"lj":2,"bm":0,"nm":"Stroke 1","mn":"ADBE Vector Graphic - Stroke","hd":false},{"ty":"tr","p":{"a":0,"k":[0,0],"ix":2},"a":{"a":0,"k":[0,0],"ix":1},"s":{"a":0,"k":[300,300],"ix":3},"r":{"a":0,"k":0,"ix":6},"o":{"a":0,"k":100,"ix":7},"sk":{"a":0,"k":0,"ix":4},"sa":{"a":0,"k":0,"ix":5},"nm":"Transform"}],"nm":"Stroke 7","np":2,"cix":2,"bm":0,"ix":1,"mn":"ADBE Vector Group","hd":false}],"ip":0,"op":140.35950571696,"st":0,"bm":0},{"ddd":0,"ind":5,"ty":4,"nm":"Fill 5","parent":7,"sr":1,"ks":{"o":{"a":0,"k":100,"ix":11},"r":{"a":0,"k":0,"ix":10},"p":{"a":0,"k":[-30,0,0],"ix":2},"a":{"a":0,"k":[0,0,0],"ix":1},"s":{"a":0,"k":[100,100,100],"ix":6}},"ao":0,"shapes":[{"ty":"gr","it":[{"ind":0,"ty":"sh","ix":1,"ks":{"a":0,"k":{"i":[[0,0],[0,0],[0,-0.55],[0,0],[-0.55,0],[0,0],[0,0],[0,0],[0.27,0],[0,0],[0,0.28],[0,0],[0,0],[0,0.55],[0,0],[-0.55,0]],"o":[[0,0],[-0.55,0],[0,0],[0,0.55],[0,0],[0,0],[0,0],[0,0.28],[0,0],[-0.27,0],[0,0],[0,0],[-0.55,0],[0,0],[0,-0.55],[0,0]],"v":[[-1,-7.5],[1,-7.5],[0,-6.5],[0,-5.5],[1,-4.5],[2,-4.5],[2,4.5],[2,7],[1.5,7.5],[0.5,7.5],[0,7],[0,-4.5],[-1,-4.5],[-2,-5.5],[-2,-6.5],[-1,-7.5]],"c":false},"ix":2},"nm":"Path 1","mn":"ADBE Vector Shape - Group","hd":false},{"ty":"fl","c":{"a":0,"k":[1,0.87200397253,0.263720005751,1],"ix":4},"o":{"a":0,"k":100,"ix":5},"r":1,"bm":0,"nm":"Fill 1","mn":"ADBE Vector Graphic - Fill","hd":false},{"ty":"tr","p":{"a":0,"k":[0,0],"ix":2},"a":{"a":0,"k":[0,0],"ix":1},"s":{"a":0,"k":[300,300],"ix":3},"r":{"a":0,"k":0,"ix":6},"o":{"a":0,"k":100,"ix":7},"sk":{"a":0,"k":0,"ix":4},"sa":{"a":0,"k":0,"ix":5},"nm":"Transform"}],"nm":"Fill 5","np":2,"cix":2,"bm":0,"ix":1,"mn":"ADBE Vector Group","hd":false}],"ip":0,"op":140.35950571696,"st":0,"bm":0},{"ddd":0,"ind":6,"ty":4,"nm":"Fill 3","parent":7,"sr":1,"ks":{"o":{"a":0,"k":100,"ix":11},"r":{"a":0,"k":0,"ix":10},"p":{"a":0,"k":[30,0,0],"ix":2},"a":{"a":0,"k":[0,0,0],"ix":1},"s":{"a":0,"k":[100,100,100],"ix":6}},"ao":0,"shapes":[{"ty":"gr","it":[{"ind":0,"ty":"sh","ix":1,"ks":{"a":0,"k":{"i":[[0,0],[0,0],[0,-0.55],[0,0],[0.55,0],[0,0],[0,0],[0,0],[-0.27,0],[0,0],[0,0.28],[0,0],[0,0],[0,0.55],[0,0],[0.55,0]],"o":[[0,0],[0.55,0],[0,0],[0,0.55],[0,0],[0,0],[0,0],[0,0.28],[0,0],[0.27,0],[0,0],[0,0],[0.55,0],[0,0],[0,-0.55],[0,0]],"v":[[1,-7.5],[-1,-7.5],[0,-6.5],[0,-5.5],[-1,-4.5],[-2,-4.5],[-2,4.5],[-2,7],[-1.5,7.5],[-0.5,7.5],[0,7],[0,-4.5],[1,-4.5],[2,-5.5],[2,-6.5],[1,-7.5]],"c":false},"ix":2},"nm":"Path 1","mn":"ADBE Vector Shape - Group","hd":false},{"ty":"fl","c":{"a":0,"k":[0.890911996365,0.603829979897,0,1],"ix":4},"o":{"a":0,"k":100,"ix":5},"r":1,"bm":0,"nm":"Fill 1","mn":"ADBE Vector Graphic - Fill","hd":false},{"ty":"tr","p":{"a":0,"k":[0,0],"ix":2},"a":{"a":0,"k":[0,0],"ix":1},"s":{"a":0,"k":[300,300],"ix":3},"r":{"a":0,"k":0,"ix":6},"o":{"a":0,"k":100,"ix":7},"sk":{"a":0,"k":0,"ix":4},"sa":{"a":0,"k":0,"ix":5},"nm":"Transform"}],"nm":"Fill 3","np":2,"cix":2,"bm":0,"ix":1,"mn":"ADBE Vector Group","hd":false}],"ip":0,"op":140.35950571696,"st":0,"bm":0},{"ddd":0,"ind":7,"ty":4,"nm":"Fill 1","sr":1,"ks":{"o":{"a":0,"k":100,"ix":11},"r":{"a":0,"k":0,"ix":10},"p":{"a":1,"k":[{"i":{"x":0.354,"y":0.973},"o":{"x":0.179,"y":0.041},"t":0,"s":[68,-78.5,0],"to":[0,23.637,0],"ti":[0,-26.677,0]},{"i":{"x":0.562,"y":0.981},"o":{"x":0.138,"y":0.165},"t":7,"s":[68,68.809,0],"to":[0,0.515,0],"ti":[0,0.357,0]},{"i":{"x":0.686,"y":0.907},"o":{"x":0.341,"y":0.03},"t":13,"s":[68,64.487,0],"to":[0,-0.048,0],"ti":[0,-0.503,0]},{"i":{"x":0.676,"y":1},"o":{"x":0.342,"y":0.385},"t":21,"s":[68,67.322,0],"to":[0,0.101,0],"ti":[0,0,0]},{"i":{"x":0.33,"y":0.33},"o":{"x":0.167,"y":0.167},"t":30,"s":[68,66.5,0],"to":[0,0,0],"ti":[0,0,0]},{"i":{"x":0.368,"y":0.9},"o":{"x":0.186,"y":0},"t":90,"s":[68,66.5,0],"to":[0,0,0],"ti":[0,0,0]},{"i":{"x":0.638,"y":1},"o":{"x":0.174,"y":1},"t":99,"s":[68,48.119,0],"to":[0,0,0],"ti":[0,0,0]},{"i":{"x":0.594,"y":0.776},"o":{"x":0.173,"y":0},"t":110,"s":[68,47.5,0],"to":[0,0,0],"ti":[0,0,0]},{"i":{"x":0.682,"y":1},"o":{"x":0.256,"y":1},"t":121,"s":[68,284.12,0],"to":[0,0,0],"ti":[0,0,0]},{"t":132.00000537647,"s":[68,317.5,0]}],"ix":2},"a":{"a":0,"k":[0,0,0],"ix":1},"s":{"a":0,"k":[100,100,100],"ix":6}},"ao":0,"shapes":[{"ty":"gr","it":[{"ind":0,"ty":"sh","ix":1,"ks":{"a":0,"k":{"i":[[0,0],[0,0],[0,-0.55],[0,0],[-0.55,0],[0,0],[0,0],[-0.27,0],[0,0],[0,0.28],[0,0],[0,0],[0,0],[-0.27,0],[0,0],[0,0.28],[0,0],[0,0],[0,0.55],[0,0],[0.55,0]],"o":[[0,0],[-0.55,0],[0,0],[0,0.55],[0,0],[0,0],[0,0.28],[0,0],[0.27,0],[0,0],[0,0],[0,0],[0,0.28],[0,0],[0.27,0],[0,0],[0,0],[0.55,0],[0,0],[0,-0.55],[0,0]],"v":[[11,-7.5],[-11,-7.5],[-12,-6.5],[-12,-5.5],[-11,-4.5],[-10,-4.5],[-10,7],[-9.5,7.5],[-8.5,7.5],[-8,7],[-8,4.5],[8,4.5],[8,7],[8.5,7.5],[9.5,7.5],[10,7],[10,-4.5],[11,-4.5],[12,-5.5],[12,-6.5],[11,-7.5]],"c":false},"ix":2},"nm":"Path 1","mn":"ADBE Vector Shape - Group","hd":false},{"ty":"fl","c":{"a":0,"k":[0.98062902689,0.729893028736,0.128784999251,1],"ix":4},"o":{"a":0,"k":100,"ix":5},"r":1,"bm":0,"nm":"Fill 1","mn":"ADBE Vector Graphic - Fill","hd":false},{"ty":"tr","p":{"a":0,"k":[0,0],"ix":2},"a":{"a":0,"k":[0,0],"ix":1},"s":{"a":0,"k":[300,300],"ix":3},"r":{"a":0,"k":0,"ix":6},"o":{"a":0,"k":100,"ix":7},"sk":{"a":0,"k":0,"ix":4},"sa":{"a":0,"k":0,"ix":5},"nm":"Transform"}],"nm":"Fill 1","np":2,"cix":2,"bm":0,"ix":1,"mn":"ADBE Vector Group","hd":false}],"ip":0,"op":140.35950571696,"st":0,"bm":0}],"markers":[]}