{"v":"5.3.4","fr":29.9700012207031,"ip":0,"op":141.000005743048,"w":136,"h":136,"nm":"2_Building2","ddd":0,"assets":[],"layers":[{"ddd":0,"ind":2,"ty":4,"nm":"Stroke 35","parent":19,"sr":1,"ks":{"o":{"a":0,"k":100,"ix":11},"r":{"a":0,"k":0,"ix":10},"p":{"a":0,"k":[0,0,0],"ix":2},"a":{"a":0,"k":[0,0,0],"ix":1},"s":{"a":0,"k":[100,100,100],"ix":6}},"ao":0,"shapes":[{"ty":"gr","it":[{"ind":0,"ty":"sh","ix":1,"ks":{"a":0,"k":{"i":[[0,0],[0,-0.55],[0,0],[0.55,0],[0,0],[0,0.55],[0,0],[-0.55,0]],"o":[[0.55,0],[0,0],[0,0.55],[0,0],[-0.55,0],[0,0],[0,-0.55],[0,0]],"v":[[11,-7],[12,-6],[12,6],[11,7],[-11,7],[-12,6],[-12,-6],[-11,-7]],"c":true},"ix":2},"nm":"Path 1","mn":"ADBE Vector Shape - Group","hd":false},{"ty":"st","c":{"a":0,"k":[0.113609999418,0.112988002598,0.1074699983,1],"ix":3},"o":{"a":0,"k":100,"ix":4},"w":{"a":0,"k":1,"ix":5},"lc":2,"lj":2,"nm":"Stroke 1","mn":"ADBE Vector Graphic - Stroke","hd":false},{"ty":"tr","p":{"a":0,"k":[0,0],"ix":2},"a":{"a":0,"k":[0,0],"ix":1},"s":{"a":0,"k":[500,500],"ix":3},"r":{"a":0,"k":0,"ix":6},"o":{"a":0,"k":100,"ix":7},"sk":{"a":0,"k":0,"ix":4},"sa":{"a":0,"k":0,"ix":5},"nm":"Transform"}],"nm":"Stroke 35","np":2,"cix":2,"ix":1,"mn":"ADBE Vector Group","hd":false}],"ip":0,"op":141.000005743048,"st":0,"bm":0},{"ddd":0,"ind":3,"ty":4,"nm":"Stroke 25","parent":4,"sr":1,"ks":{"o":{"a":0,"k":100,"ix":11},"r":{"a":0,"k":0,"ix":10},"p":{"a":0,"k":[0,0,0],"ix":2},"a":{"a":0,"k":[0,0,0],"ix":1},"s":{"a":0,"k":[100,100,100],"ix":6}},"ao":0,"shapes":[{"ty":"gr","it":[{"ind":0,"ty":"sh","ix":1,"ks":{"a":0,"k":{"i":[[0,0],[0,0],[-0.28,0],[0,0],[0,-0.27],[0,0]],"o":[[0,0],[0,-0.27],[0,0],[0.28,0],[0,0],[0,0]],"v":[[-1.75,2.875],[-1.75,-2.375],[-1.25,-2.875],[1.25,-2.875],[1.75,-2.375],[1.75,2.875]],"c":false},"ix":2},"nm":"Path 1","mn":"ADBE Vector Shape - Group","hd":false},{"ty":"st","c":{"a":0,"k":[0.113609999418,0.112988002598,0.1074699983,1],"ix":3},"o":{"a":0,"k":100,"ix":4},"w":{"a":0,"k":1,"ix":5},"lc":2,"lj":2,"nm":"Stroke 1","mn":"ADBE Vector Graphic - Stroke","hd":false},{"ty":"tr","p":{"a":0,"k":[0,0],"ix":2},"a":{"a":0,"k":[0,0],"ix":1},"s":{"a":0,"k":[500,500],"ix":3},"r":{"a":0,"k":0,"ix":6},"o":{"a":0,"k":100,"ix":7},"sk":{"a":0,"k":0,"ix":4},"sa":{"a":0,"k":0,"ix":5},"nm":"Transform"}],"nm":"Stroke 25","np":2,"cix":2,"ix":1,"mn":"ADBE Vector Group","hd":false}],"ip":0,"op":141.000005743048,"st":0,"bm":0},{"ddd":0,"ind":4,"ty":4,"nm":"Fill 7","parent":19,"sr":1,"ks":{"o":{"a":0,"k":100,"ix":11},"r":{"a":0,"k":0,"ix":10},"p":{"a":1,"k":[{"i":{"x":0.392,"y":0.905},"o":{"x":0.198,"y":0.066},"n":"0p392_0p905_0p198_0p066","t":0,"s":[0,59.625,0],"e":[0,13.148,0],"to":[0,-5.84414386749268,0],"ti":[0,9.02522659301758,0]},{"i":{"x":0.621,"y":1},"o":{"x":0.29,"y":0.412},"n":"0p621_1_0p29_0p412","t":12,"s":[0,13.148,0],"e":[0,20.625,0],"to":[0,-1.0128515958786,0],"ti":[0,0.65585619211197,0]},{"t":30.0000012219251}],"ix":2},"a":{"a":0,"k":[0,0,0],"ix":1},"s":{"a":0,"k":[100,100,100],"ix":6}},"ao":0,"shapes":[{"ty":"gr","it":[{"ind":0,"ty":"sh","ix":1,"ks":{"a":0,"k":{"i":[[0,0],[0,0],[-0.28,0],[0,0],[0,-0.27],[0,0]],"o":[[0,0],[0,-0.27],[0,0],[0.28,0],[0,0],[0,0]],"v":[[-1.75,2.875],[-1.75,-2.375],[-1.25,-2.875],[1.25,-2.875],[1.75,-2.375],[1.75,2.875]],"c":true},"ix":2},"nm":"Path 1","mn":"ADBE Vector Shape - Group","hd":false},{"ty":"fl","c":{"a":0,"k":[0.858516991138,0.391748011112,0.075138002634,1],"ix":4},"o":{"a":0,"k":100,"ix":5},"r":1,"nm":"Fill 1","mn":"ADBE Vector Graphic - Fill","hd":false},{"ty":"tr","p":{"a":0,"k":[0,0],"ix":2},"a":{"a":0,"k":[0,0],"ix":1},"s":{"a":0,"k":[500,500],"ix":3},"r":{"a":0,"k":0,"ix":6},"o":{"a":0,"k":100,"ix":7},"sk":{"a":0,"k":0,"ix":4},"sa":{"a":0,"k":0,"ix":5},"nm":"Transform"}],"nm":"Fill 7","np":2,"cix":2,"ix":1,"mn":"ADBE Vector Group","hd":false}],"ip":0,"op":141.000005743048,"st":0,"bm":0},{"ddd":0,"ind":5,"ty":4,"nm":"Stroke 21","parent":6,"sr":1,"ks":{"o":{"a":0,"k":100,"ix":11},"r":{"a":0,"k":0,"ix":10},"p":{"a":0,"k":[0,0,0],"ix":2},"a":{"a":0,"k":[0,0,0],"ix":1},"s":{"a":0,"k":[100,100,100],"ix":6}},"ao":0,"shapes":[{"ty":"gr","it":[{"ind":0,"ty":"sh","ix":1,"ks":{"a":0,"k":{"i":[[0,0],[0,-0.27],[0,0],[0.27,0],[0,0],[0,0.27],[0,0],[-0.27,0]],"o":[[0.27,0],[0,0],[0,0.27],[0,0],[-0.27,0],[0,0],[0,-0.27],[0,0]],"v":[[0.75,-1.25],[1.25,-0.75],[1.25,0.75],[0.75,1.25],[-0.75,1.25],[-1.25,0.75],[-1.25,-0.75],[-0.75,-1.25]],"c":true},"ix":2},"nm":"Path 1","mn":"ADBE Vector Shape - Group","hd":false},{"ty":"st","c":{"a":0,"k":[0.113609999418,0.112988002598,0.1074699983,1],"ix":3},"o":{"a":0,"k":100,"ix":4},"w":{"a":0,"k":1,"ix":5},"lc":2,"lj":2,"nm":"Stroke 1","mn":"ADBE Vector Graphic - Stroke","hd":false},{"ty":"tr","p":{"a":0,"k":[0,0],"ix":2},"a":{"a":0,"k":[0,0],"ix":1},"s":{"a":0,"k":[500,500],"ix":3},"r":{"a":0,"k":0,"ix":6},"o":{"a":0,"k":100,"ix":7},"sk":{"a":0,"k":0,"ix":4},"sa":{"a":0,"k":0,"ix":5},"nm":"Transform"}],"nm":"Stroke 21","np":2,"cix":2,"ix":1,"mn":"ADBE Vector Group","hd":false}],"ip":0,"op":141.000005743048,"st":0,"bm":0},{"ddd":0,"ind":6,"ty":4,"nm":"Fill 9","parent":19,"sr":1,"ks":{"o":{"a":0,"k":100,"ix":11},"r":{"a":0,"k":0,"ix":10},"p":{"a":0,"k":[37.5,12.5,0],"ix":2},"a":{"a":0,"k":[0,0,0],"ix":1},"s":{"a":1,"k":[{"i":{"x":[0.392,0.392,0.392],"y":[0.878,0.878,-10.375]},"o":{"x":[0.198,0.198,0.198],"y":[0.085,0.085,7.906]},"n":["0p392_0p878_0p198_0p085","0p392_0p878_0p198_0p085","0p392_-10p375_0p198_7p906"],"t":20,"s":[0,0,100],"e":[93.525,93.525,100]},{"i":{"x":[0.671,0.671,0.671],"y":[1,1,1]},"o":{"x":[0.29,0.29,0.29],"y":[1.258,1.258,8.144]},"n":["0p671_1_0p29_1p258","0p671_1_0p29_1p258","0p671_1_0p29_8p144"],"t":32,"s":[93.525,93.525,100],"e":[100,100,100]},{"t":50.0000020365418}],"ix":6}},"ao":0,"shapes":[{"ty":"gr","it":[{"ind":0,"ty":"sh","ix":1,"ks":{"a":0,"k":{"i":[[0,0],[0,0],[0,-0.27],[0,0],[-0.27,0],[0,0],[0,0.27],[0,0],[0.27,0]],"o":[[0,0],[-0.27,0],[0,0],[0,0.27],[0,0],[0.27,0],[0,0],[0,-0.27],[0,0]],"v":[[0.75,-1.25],[-0.75,-1.25],[-1.25,-0.75],[-1.25,0.75],[-0.75,1.25],[0.75,1.25],[1.25,0.75],[1.25,-0.75],[0.75,-1.25]],"c":false},"ix":2},"nm":"Path 1","mn":"ADBE Vector Shape - Group","hd":false},{"ty":"fl","c":{"a":0,"k":[0.046847000718,0.729879975319,0.931611001492,1],"ix":4},"o":{"a":0,"k":100,"ix":5},"r":1,"nm":"Fill 1","mn":"ADBE Vector Graphic - Fill","hd":false},{"ty":"tr","p":{"a":0,"k":[0,0],"ix":2},"a":{"a":0,"k":[0,0],"ix":1},"s":{"a":0,"k":[500,500],"ix":3},"r":{"a":0,"k":0,"ix":6},"o":{"a":0,"k":100,"ix":7},"sk":{"a":0,"k":0,"ix":4},"sa":{"a":0,"k":0,"ix":5},"nm":"Transform"}],"nm":"Fill 9","np":2,"cix":2,"ix":1,"mn":"ADBE Vector Group","hd":false}],"ip":0,"op":141.000005743048,"st":0,"bm":0},{"ddd":0,"ind":7,"ty":4,"nm":"Stroke 31","parent":8,"sr":1,"ks":{"o":{"a":0,"k":100,"ix":11},"r":{"a":0,"k":0,"ix":10},"p":{"a":0,"k":[0,0,0],"ix":2},"a":{"a":0,"k":[0,0,0],"ix":1},"s":{"a":0,"k":[100,100,100],"ix":6}},"ao":0,"shapes":[{"ty":"gr","it":[{"ind":0,"ty":"sh","ix":1,"ks":{"a":0,"k":{"i":[[0,0],[0,-0.27],[0,0],[0.28,0],[0,0],[0,0.27],[0,0],[-0.28,0]],"o":[[0.28,0],[0,0],[0,0.27],[0,0],[-0.28,0],[0,0],[0,-0.27],[0,0]],"v":[[0.75,-1.25],[1.25,-0.75],[1.25,0.75],[0.75,1.25],[-0.75,1.25],[-1.25,0.75],[-1.25,-0.75],[-0.75,-1.25]],"c":true},"ix":2},"nm":"Path 1","mn":"ADBE Vector Shape - Group","hd":false},{"ty":"st","c":{"a":0,"k":[0.113609999418,0.112988002598,0.1074699983,1],"ix":3},"o":{"a":0,"k":100,"ix":4},"w":{"a":0,"k":1,"ix":5},"lc":2,"lj":2,"nm":"Stroke 1","mn":"ADBE Vector Graphic - Stroke","hd":false},{"ty":"tr","p":{"a":0,"k":[0,0],"ix":2},"a":{"a":0,"k":[0,0],"ix":1},"s":{"a":0,"k":[500,500],"ix":3},"r":{"a":0,"k":0,"ix":6},"o":{"a":0,"k":100,"ix":7},"sk":{"a":0,"k":0,"ix":4},"sa":{"a":0,"k":0,"ix":5},"nm":"Transform"}],"nm":"Stroke 31","np":2,"cix":2,"ix":1,"mn":"ADBE Vector Group","hd":false}],"ip":0,"op":141.000005743048,"st":0,"bm":0},{"ddd":0,"ind":8,"ty":4,"nm":"Fill 17","parent":19,"sr":1,"ks":{"o":{"a":0,"k":100,"ix":11},"r":{"a":0,"k":0,"ix":10},"p":{"a":0,"k":[-37.5,12.5,0],"ix":2},"a":{"a":0,"k":[0,0,0],"ix":1},"s":{"a":1,"k":[{"i":{"x":[0.392,0.392,0.392],"y":[0.878,0.878,-10.375]},"o":{"x":[0.198,0.198,0.198],"y":[0.085,0.085,7.906]},"n":["0p392_0p878_0p198_0p085","0p392_0p878_0p198_0p085","0p392_-10p375_0p198_7p906"],"t":16,"s":[0,0,100],"e":[93.525,93.525,100]},{"i":{"x":[0.671,0.671,0.671],"y":[1,1,1]},"o":{"x":[0.29,0.29,0.29],"y":[1.258,1.258,8.144]},"n":["0p671_1_0p29_1p258","0p671_1_0p29_1p258","0p671_1_0p29_8p144"],"t":28,"s":[93.525,93.525,100],"e":[100,100,100]},{"t":46.0000018736184}],"ix":6}},"ao":0,"shapes":[{"ty":"gr","it":[{"ind":0,"ty":"sh","ix":1,"ks":{"a":0,"k":{"i":[[0,0],[0,0],[0,-0.27],[0,0],[-0.28,0],[0,0],[0,0.27],[0,0],[0.28,0]],"o":[[0,0],[-0.28,0],[0,0],[0,0.27],[0,0],[0.28,0],[0,0],[0,-0.27],[0,0]],"v":[[0.75,-1.25],[-0.75,-1.25],[-1.25,-0.75],[-1.25,0.75],[-0.75,1.25],[0.75,1.25],[1.25,0.75],[1.25,-0.75],[0.75,-1.25]],"c":false},"ix":2},"nm":"Path 1","mn":"ADBE Vector Shape - Group","hd":false},{"ty":"fl","c":{"a":0,"k":[0.046847000718,0.729879975319,0.931611001492,1],"ix":4},"o":{"a":0,"k":100,"ix":5},"r":1,"nm":"Fill 1","mn":"ADBE Vector Graphic - Fill","hd":false},{"ty":"tr","p":{"a":0,"k":[0,0],"ix":2},"a":{"a":0,"k":[0,0],"ix":1},"s":{"a":0,"k":[500,500],"ix":3},"r":{"a":0,"k":0,"ix":6},"o":{"a":0,"k":100,"ix":7},"sk":{"a":0,"k":0,"ix":4},"sa":{"a":0,"k":0,"ix":5},"nm":"Transform"}],"nm":"Fill 17","np":2,"cix":2,"ix":1,"mn":"ADBE Vector Group","hd":false}],"ip":0,"op":141.000005743048,"st":0,"bm":0},{"ddd":0,"ind":9,"ty":4,"nm":"Stroke 23","parent":10,"sr":1,"ks":{"o":{"a":0,"k":100,"ix":11},"r":{"a":0,"k":0,"ix":10},"p":{"a":0,"k":[0,0,0],"ix":2},"a":{"a":0,"k":[0,0,0],"ix":1},"s":{"a":0,"k":[100,100,100],"ix":6}},"ao":0,"shapes":[{"ty":"gr","it":[{"ind":0,"ty":"sh","ix":1,"ks":{"a":0,"k":{"i":[[0,0],[0,-0.27],[0,0],[0.27,0],[0,0],[0,0.27],[0,0],[-0.27,0]],"o":[[0.27,0],[0,0],[0,0.27],[0,0],[-0.27,0],[0,0],[0,-0.27],[0,0]],"v":[[0.75,-1.25],[1.25,-0.75],[1.25,0.75],[0.75,1.25],[-0.75,1.25],[-1.25,0.75],[-1.25,-0.75],[-0.75,-1.25]],"c":true},"ix":2},"nm":"Path 1","mn":"ADBE Vector Shape - Group","hd":false},{"ty":"st","c":{"a":0,"k":[0.113609999418,0.112988002598,0.1074699983,1],"ix":3},"o":{"a":0,"k":100,"ix":4},"w":{"a":0,"k":1,"ix":5},"lc":2,"lj":2,"nm":"Stroke 1","mn":"ADBE Vector Graphic - Stroke","hd":false},{"ty":"tr","p":{"a":0,"k":[0,0],"ix":2},"a":{"a":0,"k":[0,0],"ix":1},"s":{"a":0,"k":[500,500],"ix":3},"r":{"a":0,"k":0,"ix":6},"o":{"a":0,"k":100,"ix":7},"sk":{"a":0,"k":0,"ix":4},"sa":{"a":0,"k":0,"ix":5},"nm":"Transform"}],"nm":"Stroke 23","np":2,"cix":2,"ix":1,"mn":"ADBE Vector Group","hd":false}],"ip":0,"op":141.000005743048,"st":0,"bm":0},{"ddd":0,"ind":10,"ty":4,"nm":"Fill 11","parent":19,"sr":1,"ks":{"o":{"a":0,"k":100,"ix":11},"r":{"a":0,"k":0,"ix":10},"p":{"a":0,"k":[37.5,-12.5,0],"ix":2},"a":{"a":0,"k":[0,0,0],"ix":1},"s":{"a":1,"k":[{"i":{"x":[0.392,0.392,0.392],"y":[0.878,0.878,-10.375]},"o":{"x":[0.198,0.198,0.198],"y":[0.085,0.085,7.906]},"n":["0p392_0p878_0p198_0p085","0p392_0p878_0p198_0p085","0p392_-10p375_0p198_7p906"],"t":12,"s":[0,0,100],"e":[93.525,93.525,100]},{"i":{"x":[0.67,0.67,0.67],"y":[1,1,1]},"o":{"x":[0.29,0.29,0.29],"y":[1.258,1.258,8.144]},"n":["0p67_1_0p29_1p258","0p67_1_0p29_1p258","0p67_1_0p29_8p144"],"t":24,"s":[93.525,93.525,100],"e":[100,100,100]},{"t":42.0000017106951}],"ix":6}},"ao":0,"shapes":[{"ty":"gr","it":[{"ind":0,"ty":"sh","ix":1,"ks":{"a":0,"k":{"i":[[0,0],[0,0],[0,-0.27],[0,0],[-0.27,0],[0,0],[0,0.27],[0,0],[0.27,0]],"o":[[0,0],[-0.27,0],[0,0],[0,0.27],[0,0],[0.27,0],[0,0],[0,-0.27],[0,0]],"v":[[0.75,-1.25],[-0.75,-1.25],[-1.25,-0.75],[-1.25,0.75],[-0.75,1.25],[0.75,1.25],[1.25,0.75],[1.25,-0.75],[0.75,-1.25]],"c":false},"ix":2},"nm":"Path 1","mn":"ADBE Vector Shape - Group","hd":false},{"ty":"fl","c":{"a":0,"k":[0.046847000718,0.729879975319,0.931611001492,1],"ix":4},"o":{"a":0,"k":100,"ix":5},"r":1,"nm":"Fill 1","mn":"ADBE Vector Graphic - Fill","hd":false},{"ty":"tr","p":{"a":0,"k":[0,0],"ix":2},"a":{"a":0,"k":[0,0],"ix":1},"s":{"a":0,"k":[500,500],"ix":3},"r":{"a":0,"k":0,"ix":6},"o":{"a":0,"k":100,"ix":7},"sk":{"a":0,"k":0,"ix":4},"sa":{"a":0,"k":0,"ix":5},"nm":"Transform"}],"nm":"Fill 11","np":2,"cix":2,"ix":1,"mn":"ADBE Vector Group","hd":false}],"ip":0,"op":141.000005743048,"st":0,"bm":0},{"ddd":0,"ind":11,"ty":4,"nm":"Stroke 27","parent":12,"sr":1,"ks":{"o":{"a":0,"k":100,"ix":11},"r":{"a":0,"k":0,"ix":10},"p":{"a":0,"k":[0,0,0],"ix":2},"a":{"a":0,"k":[0,0,0],"ix":1},"s":{"a":0,"k":[100,100,100],"ix":6}},"ao":0,"shapes":[{"ty":"gr","it":[{"ind":0,"ty":"sh","ix":1,"ks":{"a":0,"k":{"i":[[0,0],[0,-0.27],[0,0],[0.27,0],[0,0],[0,0.27],[0,0],[-0.28,0]],"o":[[0.27,0],[0,0],[0,0.27],[0,0],[-0.28,0],[0,0],[0,-0.27],[0,0]],"v":[[0.75,-1.25],[1.25,-0.75],[1.25,0.75],[0.75,1.25],[-0.75,1.25],[-1.25,0.75],[-1.25,-0.75],[-0.75,-1.25]],"c":true},"ix":2},"nm":"Path 1","mn":"ADBE Vector Shape - Group","hd":false},{"ty":"st","c":{"a":0,"k":[0.113609999418,0.112988002598,0.1074699983,1],"ix":3},"o":{"a":0,"k":100,"ix":4},"w":{"a":0,"k":1,"ix":5},"lc":2,"lj":2,"nm":"Stroke 1","mn":"ADBE Vector Graphic - Stroke","hd":false},{"ty":"tr","p":{"a":0,"k":[0,0],"ix":2},"a":{"a":0,"k":[0,0],"ix":1},"s":{"a":0,"k":[500,500],"ix":3},"r":{"a":0,"k":0,"ix":6},"o":{"a":0,"k":100,"ix":7},"sk":{"a":0,"k":0,"ix":4},"sa":{"a":0,"k":0,"ix":5},"nm":"Transform"}],"nm":"Stroke 27","np":2,"cix":2,"ix":1,"mn":"ADBE Vector Group","hd":false}],"ip":0,"op":141.000005743048,"st":0,"bm":0},{"ddd":0,"ind":12,"ty":4,"nm":"Fill 13","parent":19,"sr":1,"ks":{"o":{"a":0,"k":100,"ix":11},"r":{"a":0,"k":0,"ix":10},"p":{"a":0,"k":[12.5,-12.5,0],"ix":2},"a":{"a":0,"k":[0,0,0],"ix":1},"s":{"a":1,"k":[{"i":{"x":[0.392,0.392,0.392],"y":[0.878,0.878,-10.375]},"o":{"x":[0.198,0.198,0.198],"y":[0.085,0.085,7.906]},"n":["0p392_0p878_0p198_0p085","0p392_0p878_0p198_0p085","0p392_-10p375_0p198_7p906"],"t":8,"s":[0,0,100],"e":[93.525,93.525,100]},{"i":{"x":[0.669,0.669,0.669],"y":[1,1,1]},"o":{"x":[0.29,0.29,0.29],"y":[1.258,1.258,8.144]},"n":["0p669_1_0p29_1p258","0p669_1_0p29_1p258","0p669_1_0p29_8p144"],"t":20,"s":[93.525,93.525,100],"e":[100,100,100]},{"t":38.0000015477717}],"ix":6}},"ao":0,"shapes":[{"ty":"gr","it":[{"ind":0,"ty":"sh","ix":1,"ks":{"a":0,"k":{"i":[[0,0],[0,0],[0,-0.27],[0,0],[-0.28,0],[0,0],[0,0.27],[0,0],[0.27,0]],"o":[[0,0],[-0.28,0],[0,0],[0,0.27],[0,0],[0.27,0],[0,0],[0,-0.27],[0,0]],"v":[[0.75,-1.25],[-0.75,-1.25],[-1.25,-0.75],[-1.25,0.75],[-0.75,1.25],[0.75,1.25],[1.25,0.75],[1.25,-0.75],[0.75,-1.25]],"c":false},"ix":2},"nm":"Path 1","mn":"ADBE Vector Shape - Group","hd":false},{"ty":"fl","c":{"a":0,"k":[0.046847000718,0.729879975319,0.931611001492,1],"ix":4},"o":{"a":0,"k":100,"ix":5},"r":1,"nm":"Fill 1","mn":"ADBE Vector Graphic - Fill","hd":false},{"ty":"tr","p":{"a":0,"k":[0,0],"ix":2},"a":{"a":0,"k":[0,0],"ix":1},"s":{"a":0,"k":[500,500],"ix":3},"r":{"a":0,"k":0,"ix":6},"o":{"a":0,"k":100,"ix":7},"sk":{"a":0,"k":0,"ix":4},"sa":{"a":0,"k":0,"ix":5},"nm":"Transform"}],"nm":"Fill 13","np":2,"cix":2,"ix":1,"mn":"ADBE Vector Group","hd":false}],"ip":0,"op":141.000005743048,"st":0,"bm":0},{"ddd":0,"ind":13,"ty":4,"nm":"Stroke 29","parent":14,"sr":1,"ks":{"o":{"a":0,"k":100,"ix":11},"r":{"a":0,"k":0,"ix":10},"p":{"a":0,"k":[0,0,0],"ix":2},"a":{"a":0,"k":[0,0,0],"ix":1},"s":{"a":0,"k":[100,100,100],"ix":6}},"ao":0,"shapes":[{"ty":"gr","it":[{"ind":0,"ty":"sh","ix":1,"ks":{"a":0,"k":{"i":[[0,0],[0,-0.27],[0,0],[0.28,0],[0,0],[0,0.27],[0,0],[-0.28,0]],"o":[[0.28,0],[0,0],[0,0.27],[0,0],[-0.28,0],[0,0],[0,-0.27],[0,0]],"v":[[0.75,-1.25],[1.25,-0.75],[1.25,0.75],[0.75,1.25],[-0.75,1.25],[-1.25,0.75],[-1.25,-0.75],[-0.75,-1.25]],"c":true},"ix":2},"nm":"Path 1","mn":"ADBE Vector Shape - Group","hd":false},{"ty":"st","c":{"a":0,"k":[0.113609999418,0.112988002598,0.1074699983,1],"ix":3},"o":{"a":0,"k":100,"ix":4},"w":{"a":0,"k":1,"ix":5},"lc":2,"lj":2,"nm":"Stroke 1","mn":"ADBE Vector Graphic - Stroke","hd":false},{"ty":"tr","p":{"a":0,"k":[0,0],"ix":2},"a":{"a":0,"k":[0,0],"ix":1},"s":{"a":0,"k":[500,500],"ix":3},"r":{"a":0,"k":0,"ix":6},"o":{"a":0,"k":100,"ix":7},"sk":{"a":0,"k":0,"ix":4},"sa":{"a":0,"k":0,"ix":5},"nm":"Transform"}],"nm":"Stroke 29","np":2,"cix":2,"ix":1,"mn":"ADBE Vector Group","hd":false}],"ip":0,"op":141.000005743048,"st":0,"bm":0},{"ddd":0,"ind":14,"ty":4,"nm":"Fill 15","parent":19,"sr":1,"ks":{"o":{"a":0,"k":100,"ix":11},"r":{"a":0,"k":0,"ix":10},"p":{"a":0,"k":[-12.5,-12.5,0],"ix":2},"a":{"a":0,"k":[0,0,0],"ix":1},"s":{"a":1,"k":[{"i":{"x":[0.392,0.392,0.392],"y":[0.878,0.878,-10.375]},"o":{"x":[0.198,0.198,0.198],"y":[0.085,0.085,7.906]},"n":["0p392_0p878_0p198_0p085","0p392_0p878_0p198_0p085","0p392_-10p375_0p198_7p906"],"t":4,"s":[0,0,100],"e":[93.525,93.525,100]},{"i":{"x":[0.668,0.668,0.668],"y":[1,1,1]},"o":{"x":[0.29,0.29,0.29],"y":[1.258,1.258,8.144]},"n":["0p668_1_0p29_1p258","0p668_1_0p29_1p258","0p668_1_0p29_8p144"],"t":16,"s":[93.525,93.525,100],"e":[100,100,100]},{"t":34.0000013848484}],"ix":6}},"ao":0,"shapes":[{"ty":"gr","it":[{"ind":0,"ty":"sh","ix":1,"ks":{"a":0,"k":{"i":[[0,0],[0,0],[0,-0.27],[0,0],[-0.28,0],[0,0],[0,0.27],[0,0],[0.28,0]],"o":[[0,0],[-0.28,0],[0,0],[0,0.27],[0,0],[0.28,0],[0,0],[0,-0.27],[0,0]],"v":[[0.75,-1.25],[-0.75,-1.25],[-1.25,-0.75],[-1.25,0.75],[-0.75,1.25],[0.75,1.25],[1.25,0.75],[1.25,-0.75],[0.75,-1.25]],"c":false},"ix":2},"nm":"Path 1","mn":"ADBE Vector Shape - Group","hd":false},{"ty":"fl","c":{"a":0,"k":[0.046847000718,0.729879975319,0.931611001492,1],"ix":4},"o":{"a":0,"k":100,"ix":5},"r":1,"nm":"Fill 1","mn":"ADBE Vector Graphic - Fill","hd":false},{"ty":"tr","p":{"a":0,"k":[0,0],"ix":2},"a":{"a":0,"k":[0,0],"ix":1},"s":{"a":0,"k":[500,500],"ix":3},"r":{"a":0,"k":0,"ix":6},"o":{"a":0,"k":100,"ix":7},"sk":{"a":0,"k":0,"ix":4},"sa":{"a":0,"k":0,"ix":5},"nm":"Transform"}],"nm":"Fill 15","np":2,"cix":2,"ix":1,"mn":"ADBE Vector Group","hd":false}],"ip":0,"op":141.000005743048,"st":0,"bm":0},{"ddd":0,"ind":15,"ty":4,"nm":"Stroke 33","parent":16,"sr":1,"ks":{"o":{"a":0,"k":100,"ix":11},"r":{"a":0,"k":0,"ix":10},"p":{"a":0,"k":[0,0,0],"ix":2},"a":{"a":0,"k":[0,0,0],"ix":1},"s":{"a":0,"k":[100,100,100],"ix":6}},"ao":0,"shapes":[{"ty":"gr","it":[{"ind":0,"ty":"sh","ix":1,"ks":{"a":0,"k":{"i":[[0,0],[0,-0.27],[0,0],[0.28,0],[0,0],[0,0.27],[0,0],[-0.28,0]],"o":[[0.28,0],[0,0],[0,0.27],[0,0],[-0.28,0],[0,0],[0,-0.27],[0,0]],"v":[[0.75,-1.25],[1.25,-0.75],[1.25,0.75],[0.75,1.25],[-0.75,1.25],[-1.25,0.75],[-1.25,-0.75],[-0.75,-1.25]],"c":true},"ix":2},"nm":"Path 1","mn":"ADBE Vector Shape - Group","hd":false},{"ty":"st","c":{"a":0,"k":[0.113609999418,0.112988002598,0.1074699983,1],"ix":3},"o":{"a":0,"k":100,"ix":4},"w":{"a":0,"k":1,"ix":5},"lc":2,"lj":2,"nm":"Stroke 1","mn":"ADBE Vector Graphic - Stroke","hd":false},{"ty":"tr","p":{"a":0,"k":[0,0],"ix":2},"a":{"a":0,"k":[0,0],"ix":1},"s":{"a":0,"k":[500,500],"ix":3},"r":{"a":0,"k":0,"ix":6},"o":{"a":0,"k":100,"ix":7},"sk":{"a":0,"k":0,"ix":4},"sa":{"a":0,"k":0,"ix":5},"nm":"Transform"}],"nm":"Stroke 33","np":2,"cix":2,"ix":1,"mn":"ADBE Vector Group","hd":false}],"ip":0,"op":141.000005743048,"st":0,"bm":0},{"ddd":0,"ind":16,"ty":4,"nm":"Fill 19","parent":19,"sr":1,"ks":{"o":{"a":0,"k":100,"ix":11},"r":{"a":0,"k":0,"ix":10},"p":{"a":0,"k":[-37.5,-12.5,0],"ix":2},"a":{"a":0,"k":[0,0,0],"ix":1},"s":{"a":1,"k":[{"i":{"x":[0.392,0.392,0.392],"y":[0.878,0.878,-10.375]},"o":{"x":[0.198,0.198,0.198],"y":[0.085,0.085,7.906]},"n":["0p392_0p878_0p198_0p085","0p392_0p878_0p198_0p085","0p392_-10p375_0p198_7p906"],"t":0,"s":[0,0,100],"e":[93.525,93.525,100]},{"i":{"x":[0.665,0.665,0.665],"y":[1,1,1]},"o":{"x":[0.29,0.29,0.29],"y":[1.258,1.258,8.144]},"n":["0p665_1_0p29_1p258","0p665_1_0p29_1p258","0p665_1_0p29_8p144"],"t":12,"s":[93.525,93.525,100],"e":[100,100,100]},{"t":30.0000012219251}],"ix":6}},"ao":0,"shapes":[{"ty":"gr","it":[{"ind":0,"ty":"sh","ix":1,"ks":{"a":0,"k":{"i":[[0,0],[0,0],[0,-0.27],[0,0],[-0.28,0],[0,0],[0,0.27],[0,0],[0.28,0]],"o":[[0,0],[-0.28,0],[0,0],[0,0.27],[0,0],[0.28,0],[0,0],[0,-0.27],[0,0]],"v":[[0.75,-1.25],[-0.75,-1.25],[-1.25,-0.75],[-1.25,0.75],[-0.75,1.25],[0.75,1.25],[1.25,0.75],[1.25,-0.75],[0.75,-1.25]],"c":false},"ix":2},"nm":"Path 1","mn":"ADBE Vector Shape - Group","hd":false},{"ty":"fl","c":{"a":0,"k":[0.046847000718,0.729879975319,0.931611001492,1],"ix":4},"o":{"a":0,"k":100,"ix":5},"r":1,"nm":"Fill 1","mn":"ADBE Vector Graphic - Fill","hd":false},{"ty":"tr","p":{"a":0,"k":[0,0],"ix":2},"a":{"a":0,"k":[0,0],"ix":1},"s":{"a":0,"k":[500,500],"ix":3},"r":{"a":0,"k":0,"ix":6},"o":{"a":0,"k":100,"ix":7},"sk":{"a":0,"k":0,"ix":4},"sa":{"a":0,"k":0,"ix":5},"nm":"Transform"}],"nm":"Fill 19","np":2,"cix":2,"ix":1,"mn":"ADBE Vector Group","hd":false}],"ip":0,"op":141.000005743048,"st":0,"bm":0},{"ddd":0,"ind":17,"ty":4,"nm":"Fill 5","parent":19,"sr":1,"ks":{"o":{"a":0,"k":100,"ix":11},"r":{"a":0,"k":0,"ix":10},"p":{"a":0,"k":[-52.5,0,0],"ix":2},"a":{"a":0,"k":[0,0,0],"ix":1},"s":{"a":0,"k":[100,100,100],"ix":6}},"ao":0,"shapes":[{"ty":"gr","it":[{"ind":0,"ty":"sh","ix":1,"ks":{"a":0,"k":{"i":[[0,0],[0,0],[-0.55,0],[0,0],[0,-0.55],[0,0],[-0.55,0],[0,0],[0,0.55]],"o":[[0,0],[0,-0.55],[0,0],[-0.55,0],[0,0],[0,0.55],[0,0],[-0.55,0],[0,0]],"v":[[0.5,6],[0.5,-6],[1.5,-7],[-0.5,-7],[-1.5,-6],[-1.5,6],[-0.5,7],[1.5,7],[0.5,6]],"c":false},"ix":2},"nm":"Path 1","mn":"ADBE Vector Shape - Group","hd":false},{"ty":"fl","c":{"a":0,"k":[1,0.87200397253,0.263720005751,1],"ix":4},"o":{"a":0,"k":100,"ix":5},"r":1,"nm":"Fill 1","mn":"ADBE Vector Graphic - Fill","hd":false},{"ty":"tr","p":{"a":0,"k":[0,0],"ix":2},"a":{"a":0,"k":[0,0],"ix":1},"s":{"a":0,"k":[500,500],"ix":3},"r":{"a":0,"k":0,"ix":6},"o":{"a":0,"k":100,"ix":7},"sk":{"a":0,"k":0,"ix":4},"sa":{"a":0,"k":0,"ix":5},"nm":"Transform"}],"nm":"Fill 5","np":2,"cix":2,"ix":1,"mn":"ADBE Vector Group","hd":false}],"ip":0,"op":141.000005743048,"st":0,"bm":0},{"ddd":0,"ind":18,"ty":4,"nm":"Fill 3","parent":19,"sr":1,"ks":{"o":{"a":0,"k":100,"ix":11},"r":{"a":0,"k":0,"ix":10},"p":{"a":0,"k":[52.5,0,0],"ix":2},"a":{"a":0,"k":[0,0,0],"ix":1},"s":{"a":0,"k":[100,100,100],"ix":6}},"ao":0,"shapes":[{"ty":"gr","it":[{"ind":0,"ty":"sh","ix":1,"ks":{"a":0,"k":{"i":[[0,0],[0,0],[0,-0.55],[0,0],[0.55,0],[0,0],[0,0.55],[0,0],[0.55,0]],"o":[[0,0],[0.55,0],[0,0],[0,0.55],[0,0],[0.55,0],[0,0],[0,-0.55],[0,0]],"v":[[0.5,-7],[-1.5,-7],[-0.5,-6],[-0.5,6],[-1.5,7],[0.5,7],[1.5,6],[1.5,-6],[0.5,-7]],"c":false},"ix":2},"nm":"Path 1","mn":"ADBE Vector Shape - Group","hd":false},{"ty":"fl","c":{"a":0,"k":[0.890911996365,0.603829979897,0,1],"ix":4},"o":{"a":0,"k":100,"ix":5},"r":1,"nm":"Fill 1","mn":"ADBE Vector Graphic - Fill","hd":false},{"ty":"tr","p":{"a":0,"k":[0,0],"ix":2},"a":{"a":0,"k":[0,0],"ix":1},"s":{"a":0,"k":[500,500],"ix":3},"r":{"a":0,"k":0,"ix":6},"o":{"a":0,"k":100,"ix":7},"sk":{"a":0,"k":0,"ix":4},"sa":{"a":0,"k":0,"ix":5},"nm":"Transform"}],"nm":"Fill 3","np":2,"cix":2,"ix":1,"mn":"ADBE Vector Group","hd":false}],"ip":0,"op":141.000005743048,"st":0,"bm":0},{"ddd":0,"ind":19,"ty":4,"nm":"Fill 1","sr":1,"ks":{"o":{"a":0,"k":100,"ix":11},"r":{"a":0,"k":0,"ix":10},"p":{"a":1,"k":[{"i":{"x":0.368,"y":0.887},"o":{"x":0.186,"y":0.115},"n":"0p368_0p887_0p186_0p115","t":0,"s":[68,194,0],"e":[68,58.836,0],"to":[0,-19.9943675994873,0],"ti":[0,25.464111328125,0]},{"i":{"x":0.647,"y":0.813},"o":{"x":0.314,"y":0.656},"n":"0p647_0p813_0p314_0p656","t":12,"s":[68,58.836,0],"e":[68,70.244,0],"to":[0,-1.01528406143188,0],"ti":[0,-2.43813395500183,0]},{"i":{"x":0.658,"y":1},"o":{"x":0.325,"y":0.409},"n":"0p658_1_0p325_0p409","t":24,"s":[68,70.244,0],"e":[68,68,0],"to":[0,0.63746589422226,0],"ti":[0,0,0]},{"i":{"x":0.658,"y":0.658},"o":{"x":0.167,"y":0.167},"n":"0p658_0p658_0p167_0p167","t":30,"s":[68,68,0],"e":[68,68,0],"to":[0,0,0],"ti":[0,0,0]},{"i":{"x":0.6,"y":0.522},"o":{"x":0.172,"y":0},"n":"0p6_0p522_0p172_0","t":90,"s":[68,68,0],"e":[68,96.321,0],"to":[0,0,0],"ti":[0,0,0]},{"i":{"x":0.691,"y":1},"o":{"x":0.199,"y":1},"n":"0p691_1_0p199_1","t":98,"s":[68,96.321,0],"e":[68,102.2,0],"to":[0,0,0],"ti":[0,0,0]},{"i":{"x":0.602,"y":0.619},"o":{"x":0.172,"y":0},"n":"0p602_0p619_0p172_0","t":105,"s":[68,102.2,0],"e":[68,-56.627,0],"to":[0,0,0],"ti":[0,0,0]},{"i":{"x":0.711,"y":1},"o":{"x":0.198,"y":1},"n":"0p711_1_0p198_1","t":115,"s":[68,-56.627,0],"e":[68,-101.8,0],"to":[0,0,0],"ti":[0,0,0]},{"t":130.000005295009}],"ix":2},"a":{"a":0,"k":[0,0,0],"ix":1},"s":{"a":0,"k":[60,60,100],"ix":6}},"ao":0,"shapes":[{"ty":"gr","it":[{"ind":0,"ty":"sh","ix":1,"ks":{"a":0,"k":{"i":[[0,0],[0,0],[0,-0.55],[0,0],[-0.55,0],[0,0],[0,0],[0,0],[0,0.55],[0,0],[0.55,0]],"o":[[0,0],[-0.55,0],[0,0],[0,0.55],[0,0],[0,0],[0,0],[0.55,0],[0,0],[0,-0.55],[0,0]],"v":[[11,-7],[-11,-7],[-12,-6],[-12,6],[-11,7],[-1.75,7],[1.75,7],[11,7],[12,6],[12,-6],[11,-7]],"c":true},"ix":2},"nm":"Path 7","mn":"ADBE Vector Shape - Group","hd":false},{"ty":"mm","mm":1,"nm":"Merge Paths 1","mn":"ADBE Vector Filter - Merge","hd":false},{"ty":"fl","c":{"a":0,"k":[0.98062902689,0.729893028736,0.128784999251,1],"ix":4},"o":{"a":0,"k":100,"ix":5},"r":1,"nm":"Fill 1","mn":"ADBE Vector Graphic - Fill","hd":false},{"ty":"tr","p":{"a":0,"k":[0,0],"ix":2},"a":{"a":0,"k":[0,0],"ix":1},"s":{"a":0,"k":[500,500],"ix":3},"r":{"a":0,"k":0,"ix":6},"o":{"a":0,"k":100,"ix":7},"sk":{"a":0,"k":0,"ix":4},"sa":{"a":0,"k":0,"ix":5},"nm":"Transform"}],"nm":"Fill 1","np":3,"cix":2,"ix":1,"mn":"ADBE Vector Group","hd":false}],"ip":0,"op":141.000005743048,"st":0,"bm":0}],"markers":[]}