{"v":"5.3.4","fr":29.9700012207031,"ip":0,"op":141.000005743048,"w":136,"h":136,"nm":"4_Buildings2","ddd":0,"assets":[],"layers":[{"ddd":0,"ind":2,"ty":4,"nm":"Stroke 33","parent":14,"sr":1,"ks":{"o":{"a":0,"k":100,"ix":11},"r":{"a":0,"k":0,"ix":10},"p":{"a":0,"k":[20,-5.002,0],"ix":2},"a":{"a":0,"k":[0,0,0],"ix":1},"s":{"a":0,"k":[100,100,100],"ix":6}},"ao":0,"shapes":[{"ty":"gr","it":[{"ind":0,"ty":"sh","ix":1,"ks":{"a":0,"k":{"i":[[0,0],[0,0],[0.39,-0.39],[0,0]],"o":[[0,0],[-0.39,-0.39],[0,0],[0,0]],"v":[[9,4.288],[0.71,-4.002],[-0.71,-4.002],[-9,4.288]],"c":false},"ix":2},"nm":"Path 1","mn":"ADBE Vector Shape - Group","hd":false},{"ty":"st","c":{"a":0,"k":[0.113609999418,0.112988002598,0.1074699983,1],"ix":3},"o":{"a":0,"k":100,"ix":4},"w":{"a":0,"k":1,"ix":5},"lc":2,"lj":2,"nm":"Stroke 1","mn":"ADBE Vector Graphic - Stroke","hd":false},{"ty":"tr","p":{"a":0,"k":[0,0],"ix":2},"a":{"a":0,"k":[0,0],"ix":1},"s":{"a":0,"k":[500,500],"ix":3},"r":{"a":0,"k":0,"ix":6},"o":{"a":0,"k":100,"ix":7},"sk":{"a":0,"k":0,"ix":4},"sa":{"a":0,"k":0,"ix":5},"nm":"Transform"}],"nm":"Stroke 33","np":2,"cix":2,"ix":1,"mn":"ADBE Vector Group","hd":false}],"ip":0,"op":141.000005743048,"st":0,"bm":0},{"ddd":0,"ind":3,"ty":4,"nm":"Stroke 31","parent":14,"sr":1,"ks":{"o":{"a":0,"k":100,"ix":11},"r":{"a":0,"k":0,"ix":10},"p":{"a":0,"k":[20,33.23,0],"ix":2},"a":{"a":0,"k":[0,0,0],"ix":1},"s":{"a":0,"k":[100,100,100],"ix":6}},"ao":0,"shapes":[{"ty":"gr","it":[{"ind":0,"ty":"sh","ix":1,"ks":{"a":0,"k":{"i":[[0,0],[0,0],[0.55,0],[0,0],[0,0.55],[0,0]],"o":[[0,0],[0,0.55],[0,0],[-0.55,0],[0,0],[0,0]],"v":[[7,-5.354],[7,4.356],[6,5.356],[-6,5.356],[-7,4.356],[-7,-5.354]],"c":false},"ix":2},"nm":"Path 1","mn":"ADBE Vector Shape - Group","hd":false},{"ty":"st","c":{"a":0,"k":[0.113609999418,0.112988002598,0.1074699983,1],"ix":3},"o":{"a":0,"k":100,"ix":4},"w":{"a":0,"k":1,"ix":5},"lc":2,"lj":2,"nm":"Stroke 1","mn":"ADBE Vector Graphic - Stroke","hd":false},{"ty":"tr","p":{"a":0,"k":[0,0],"ix":2},"a":{"a":0,"k":[0,0],"ix":1},"s":{"a":0,"k":[500,500],"ix":3},"r":{"a":0,"k":0,"ix":6},"o":{"a":0,"k":100,"ix":7},"sk":{"a":0,"k":0,"ix":4},"sa":{"a":0,"k":0,"ix":5},"nm":"Transform"}],"nm":"Stroke 31","np":2,"cix":2,"ix":1,"mn":"ADBE Vector Group","hd":false}],"ip":0,"op":141.000005743048,"st":0,"bm":0},{"ddd":0,"ind":4,"ty":4,"nm":"Stroke 41","parent":5,"sr":1,"ks":{"o":{"a":0,"k":100,"ix":11},"r":{"a":0,"k":0,"ix":10},"p":{"a":0,"k":[0,0,0],"ix":2},"a":{"a":0,"k":[0,0,0],"ix":1},"s":{"a":0,"k":[100,100,100],"ix":6}},"ao":0,"shapes":[{"ty":"gr","it":[{"ind":0,"ty":"sh","ix":1,"ks":{"a":0,"k":{"i":[[0,0],[0.27,0],[0,0],[0,0.27],[0,0],[-0.27,0],[0,0],[0,-0.27]],"o":[[0,0.27],[0,0],[-0.27,0],[0,0],[0,-0.27],[0,0],[0.27,0],[0,0]],"v":[[1.25,0.75],[0.75,1.25],[-0.75,1.25],[-1.25,0.75],[-1.25,-0.75],[-0.75,-1.25],[0.75,-1.25],[1.25,-0.75]],"c":true},"ix":2},"nm":"Path 1","mn":"ADBE Vector Shape - Group","hd":false},{"ty":"st","c":{"a":0,"k":[0.113609999418,0.112988002598,0.1074699983,1],"ix":3},"o":{"a":0,"k":100,"ix":4},"w":{"a":0,"k":1,"ix":5},"lc":2,"lj":2,"nm":"Stroke 1","mn":"ADBE Vector Graphic - Stroke","hd":false},{"ty":"tr","p":{"a":0,"k":[0,0],"ix":2},"a":{"a":0,"k":[0,0],"ix":1},"s":{"a":0,"k":[500,500],"ix":3},"r":{"a":0,"k":0,"ix":6},"o":{"a":0,"k":100,"ix":7},"sk":{"a":0,"k":0,"ix":4},"sa":{"a":0,"k":0,"ix":5},"nm":"Transform"}],"nm":"Stroke 41","np":2,"cix":2,"ix":1,"mn":"ADBE Vector Group","hd":false}],"ip":0,"op":141.000005743048,"st":0,"bm":0},{"ddd":0,"ind":5,"ty":4,"nm":"Fill 7","parent":14,"sr":1,"ks":{"o":{"a":0,"k":100,"ix":11},"r":{"a":0,"k":0,"ix":10},"p":{"a":0,"k":[32.5,37.5,0],"ix":2},"a":{"a":0,"k":[0,0,0],"ix":1},"s":{"a":1,"k":[{"i":{"x":[0.418,0.418,0.418],"y":[0.858,0.858,-12.016]},"o":{"x":[0.201,0.201,0.201],"y":[0.088,0.088,8.029]},"n":["0p418_0p858_0p201_0p088","0p418_0p858_0p201_0p088","0p418_-12p016_0p201_8p029"],"t":16,"s":[0,0,100],"e":[91.44,91.44,100]},{"i":{"x":[0.667,0.667,0.667],"y":[1,1,1]},"o":{"x":[0.286,0.286,0.286],"y":[1.12,1.12,9.583]},"n":["0p667_1_0p286_1p12","0p667_1_0p286_1p12","0p667_1_0p286_9p583"],"t":28,"s":[91.44,91.44,100],"e":[100,100,100]},{"t":46.0000018736184}],"ix":6}},"ao":0,"shapes":[{"ty":"gr","it":[{"ind":0,"ty":"sh","ix":1,"ks":{"a":0,"k":{"i":[[0,0],[0,0],[0,-0.27],[0,0],[-0.27,0],[0,0],[0,0.27],[0,0],[0.27,0]],"o":[[0,0],[-0.27,0],[0,0],[0,0.27],[0,0],[0.27,0],[0,0],[0,-0.27],[0,0]],"v":[[0.75,-1.25],[-0.75,-1.25],[-1.25,-0.75],[-1.25,0.75],[-0.75,1.25],[0.75,1.25],[1.25,0.75],[1.25,-0.75],[0.75,-1.25]],"c":false},"ix":2},"nm":"Path 1","mn":"ADBE Vector Shape - Group","hd":false},{"ty":"fl","c":{"a":0,"k":[0.046847000718,0.729879975319,0.931611001492,1],"ix":4},"o":{"a":0,"k":100,"ix":5},"r":1,"nm":"Fill 1","mn":"ADBE Vector Graphic - Fill","hd":false},{"ty":"tr","p":{"a":0,"k":[0,0],"ix":2},"a":{"a":0,"k":[0,0],"ix":1},"s":{"a":0,"k":[500,500],"ix":3},"r":{"a":0,"k":0,"ix":6},"o":{"a":0,"k":100,"ix":7},"sk":{"a":0,"k":0,"ix":4},"sa":{"a":0,"k":0,"ix":5},"nm":"Transform"}],"nm":"Fill 7","np":2,"cix":2,"ix":1,"mn":"ADBE Vector Group","hd":false}],"ip":0,"op":141.000005743048,"st":0,"bm":0},{"ddd":0,"ind":6,"ty":4,"nm":"Stroke 39","parent":7,"sr":1,"ks":{"o":{"a":0,"k":100,"ix":11},"r":{"a":0,"k":0,"ix":10},"p":{"a":0,"k":[0,0,0],"ix":2},"a":{"a":0,"k":[0,0,0],"ix":1},"s":{"a":0,"k":[100,100,100],"ix":6}},"ao":0,"shapes":[{"ty":"gr","it":[{"ind":0,"ty":"sh","ix":1,"ks":{"a":0,"k":{"i":[[0,0],[0.28,0],[0,0],[0,0.27],[0,0],[-0.28,0],[0,0],[0,-0.27]],"o":[[0,0.27],[0,0],[-0.28,0],[0,0],[0,-0.27],[0,0],[0.28,0],[0,0]],"v":[[1.25,0.75],[0.75,1.25],[-0.75,1.25],[-1.25,0.75],[-1.25,-0.75],[-0.75,-1.25],[0.75,-1.25],[1.25,-0.75]],"c":true},"ix":2},"nm":"Path 1","mn":"ADBE Vector Shape - Group","hd":false},{"ty":"st","c":{"a":0,"k":[0.113609999418,0.112988002598,0.1074699983,1],"ix":3},"o":{"a":0,"k":100,"ix":4},"w":{"a":0,"k":1,"ix":5},"lc":2,"lj":2,"nm":"Stroke 1","mn":"ADBE Vector Graphic - Stroke","hd":false},{"ty":"tr","p":{"a":0,"k":[0,0],"ix":2},"a":{"a":0,"k":[0,0],"ix":1},"s":{"a":0,"k":[500,500],"ix":3},"r":{"a":0,"k":0,"ix":6},"o":{"a":0,"k":100,"ix":7},"sk":{"a":0,"k":0,"ix":4},"sa":{"a":0,"k":0,"ix":5},"nm":"Transform"}],"nm":"Stroke 39","np":2,"cix":2,"ix":1,"mn":"ADBE Vector Group","hd":false}],"ip":0,"op":141.000005743048,"st":0,"bm":0},{"ddd":0,"ind":7,"ty":4,"nm":"Fill 5","parent":14,"sr":1,"ks":{"o":{"a":0,"k":100,"ix":11},"r":{"a":0,"k":0,"ix":10},"p":{"a":0,"k":[7.5,37.5,0],"ix":2},"a":{"a":0,"k":[0,0,0],"ix":1},"s":{"a":1,"k":[{"i":{"x":[0.418,0.418,0.418],"y":[0.858,0.858,-12.016]},"o":{"x":[0.201,0.201,0.201],"y":[0.088,0.088,8.029]},"n":["0p418_0p858_0p201_0p088","0p418_0p858_0p201_0p088","0p418_-12p016_0p201_8p029"],"t":12,"s":[0,0,100],"e":[91.44,91.44,100]},{"i":{"x":[0.666,0.666,0.666],"y":[1,1,1]},"o":{"x":[0.286,0.286,0.286],"y":[1.12,1.12,9.583]},"n":["0p666_1_0p286_1p12","0p666_1_0p286_1p12","0p666_1_0p286_9p583"],"t":24,"s":[91.44,91.44,100],"e":[100,100,100]},{"t":42.0000017106951}],"ix":6}},"ao":0,"shapes":[{"ty":"gr","it":[{"ind":0,"ty":"sh","ix":1,"ks":{"a":0,"k":{"i":[[0,0],[0,0],[0,-0.27],[0,0],[-0.28,0],[0,0],[0,0.27],[0,0],[0.28,0]],"o":[[0,0],[-0.28,0],[0,0],[0,0.27],[0,0],[0.28,0],[0,0],[0,-0.27],[0,0]],"v":[[0.75,-1.25],[-0.75,-1.25],[-1.25,-0.75],[-1.25,0.75],[-0.75,1.25],[0.75,1.25],[1.25,0.75],[1.25,-0.75],[0.75,-1.25]],"c":false},"ix":2},"nm":"Path 1","mn":"ADBE Vector Shape - Group","hd":false},{"ty":"fl","c":{"a":0,"k":[0.046847000718,0.729879975319,0.931611001492,1],"ix":4},"o":{"a":0,"k":100,"ix":5},"r":1,"nm":"Fill 1","mn":"ADBE Vector Graphic - Fill","hd":false},{"ty":"tr","p":{"a":0,"k":[0,0],"ix":2},"a":{"a":0,"k":[0,0],"ix":1},"s":{"a":0,"k":[500,500],"ix":3},"r":{"a":0,"k":0,"ix":6},"o":{"a":0,"k":100,"ix":7},"sk":{"a":0,"k":0,"ix":4},"sa":{"a":0,"k":0,"ix":5},"nm":"Transform"}],"nm":"Fill 5","np":2,"cix":2,"ix":1,"mn":"ADBE Vector Group","hd":false}],"ip":0,"op":141.000005743048,"st":0,"bm":0},{"ddd":0,"ind":8,"ty":4,"nm":"Stroke 45","parent":9,"sr":1,"ks":{"o":{"a":0,"k":100,"ix":11},"r":{"a":0,"k":0,"ix":10},"p":{"a":0,"k":[0,0,0],"ix":2},"a":{"a":0,"k":[0,0,0],"ix":1},"s":{"a":0,"k":[100,100,100],"ix":6}},"ao":0,"shapes":[{"ty":"gr","it":[{"ind":0,"ty":"sh","ix":1,"ks":{"a":0,"k":{"i":[[0,0],[0.27,0],[0,0],[0,0.27],[0,0],[-0.27,0],[0,0],[0,-0.27]],"o":[[0,0.27],[0,0],[-0.27,0],[0,0],[0,-0.27],[0,0],[0.27,0],[0,0]],"v":[[1.25,0.75],[0.75,1.25],[-0.75,1.25],[-1.25,0.75],[-1.25,-0.75],[-0.75,-1.25],[0.75,-1.25],[1.25,-0.75]],"c":true},"ix":2},"nm":"Path 1","mn":"ADBE Vector Shape - Group","hd":false},{"ty":"st","c":{"a":0,"k":[0.113609999418,0.112988002598,0.1074699983,1],"ix":3},"o":{"a":0,"k":100,"ix":4},"w":{"a":0,"k":1,"ix":5},"lc":2,"lj":2,"nm":"Stroke 1","mn":"ADBE Vector Graphic - Stroke","hd":false},{"ty":"tr","p":{"a":0,"k":[0,0],"ix":2},"a":{"a":0,"k":[0,0],"ix":1},"s":{"a":0,"k":[500,500],"ix":3},"r":{"a":0,"k":0,"ix":6},"o":{"a":0,"k":100,"ix":7},"sk":{"a":0,"k":0,"ix":4},"sa":{"a":0,"k":0,"ix":5},"nm":"Transform"}],"nm":"Stroke 45","np":2,"cix":2,"ix":1,"mn":"ADBE Vector Group","hd":false}],"ip":0,"op":141.000005743048,"st":0,"bm":0},{"ddd":0,"ind":9,"ty":4,"nm":"Fill 11","parent":14,"sr":1,"ks":{"o":{"a":0,"k":100,"ix":11},"r":{"a":0,"k":0,"ix":10},"p":{"a":0,"k":[32.5,12.5,0],"ix":2},"a":{"a":0,"k":[0,0,0],"ix":1},"s":{"a":1,"k":[{"i":{"x":[0.418,0.418,0.418],"y":[0.858,0.858,-12.016]},"o":{"x":[0.201,0.201,0.201],"y":[0.088,0.088,8.029]},"n":["0p418_0p858_0p201_0p088","0p418_0p858_0p201_0p088","0p418_-12p016_0p201_8p029"],"t":8,"s":[0,0,100],"e":[91.44,91.44,100]},{"i":{"x":[0.664,0.664,0.664],"y":[1,1,1]},"o":{"x":[0.286,0.286,0.286],"y":[1.12,1.12,9.583]},"n":["0p664_1_0p286_1p12","0p664_1_0p286_1p12","0p664_1_0p286_9p583"],"t":20,"s":[91.44,91.44,100],"e":[100,100,100]},{"t":38.0000015477717}],"ix":6}},"ao":0,"shapes":[{"ty":"gr","it":[{"ind":0,"ty":"sh","ix":1,"ks":{"a":0,"k":{"i":[[0,0],[0,0],[0,-0.27],[0,0],[-0.27,0],[0,0],[0,0.27],[0,0],[0.27,0]],"o":[[0,0],[-0.27,0],[0,0],[0,0.27],[0,0],[0.27,0],[0,0],[0,-0.27],[0,0]],"v":[[0.75,-1.25],[-0.75,-1.25],[-1.25,-0.75],[-1.25,0.75],[-0.75,1.25],[0.75,1.25],[1.25,0.75],[1.25,-0.75],[0.75,-1.25]],"c":false},"ix":2},"nm":"Path 1","mn":"ADBE Vector Shape - Group","hd":false},{"ty":"fl","c":{"a":0,"k":[0.046847000718,0.729879975319,0.931611001492,1],"ix":4},"o":{"a":0,"k":100,"ix":5},"r":1,"nm":"Fill 1","mn":"ADBE Vector Graphic - Fill","hd":false},{"ty":"tr","p":{"a":0,"k":[0,0],"ix":2},"a":{"a":0,"k":[0,0],"ix":1},"s":{"a":0,"k":[500,500],"ix":3},"r":{"a":0,"k":0,"ix":6},"o":{"a":0,"k":100,"ix":7},"sk":{"a":0,"k":0,"ix":4},"sa":{"a":0,"k":0,"ix":5},"nm":"Transform"}],"nm":"Fill 11","np":2,"cix":2,"ix":1,"mn":"ADBE Vector Group","hd":false}],"ip":0,"op":141.000005743048,"st":0,"bm":0},{"ddd":0,"ind":10,"ty":4,"nm":"Stroke 43","parent":11,"sr":1,"ks":{"o":{"a":0,"k":100,"ix":11},"r":{"a":0,"k":0,"ix":10},"p":{"a":0,"k":[0,0,0],"ix":2},"a":{"a":0,"k":[0,0,0],"ix":1},"s":{"a":0,"k":[100,100,100],"ix":6}},"ao":0,"shapes":[{"ty":"gr","it":[{"ind":0,"ty":"sh","ix":1,"ks":{"a":0,"k":{"i":[[0,0],[0.28,0],[0,0],[0,0.27],[0,0],[-0.28,0],[0,0],[0,-0.27]],"o":[[0,0.27],[0,0],[-0.28,0],[0,0],[0,-0.27],[0,0],[0.28,0],[0,0]],"v":[[1.25,0.75],[0.75,1.25],[-0.75,1.25],[-1.25,0.75],[-1.25,-0.75],[-0.75,-1.25],[0.75,-1.25],[1.25,-0.75]],"c":true},"ix":2},"nm":"Path 1","mn":"ADBE Vector Shape - Group","hd":false},{"ty":"st","c":{"a":0,"k":[0.113609999418,0.112988002598,0.1074699983,1],"ix":3},"o":{"a":0,"k":100,"ix":4},"w":{"a":0,"k":1,"ix":5},"lc":2,"lj":2,"nm":"Stroke 1","mn":"ADBE Vector Graphic - Stroke","hd":false},{"ty":"tr","p":{"a":0,"k":[0,0],"ix":2},"a":{"a":0,"k":[0,0],"ix":1},"s":{"a":0,"k":[500,500],"ix":3},"r":{"a":0,"k":0,"ix":6},"o":{"a":0,"k":100,"ix":7},"sk":{"a":0,"k":0,"ix":4},"sa":{"a":0,"k":0,"ix":5},"nm":"Transform"}],"nm":"Stroke 43","np":2,"cix":2,"ix":1,"mn":"ADBE Vector Group","hd":false}],"ip":0,"op":141.000005743048,"st":0,"bm":0},{"ddd":0,"ind":11,"ty":4,"nm":"Fill 9","parent":14,"sr":1,"ks":{"o":{"a":0,"k":100,"ix":11},"r":{"a":0,"k":0,"ix":10},"p":{"a":0,"k":[7.5,12.5,0],"ix":2},"a":{"a":0,"k":[0,0,0],"ix":1},"s":{"a":1,"k":[{"i":{"x":[0.418,0.418,0.418],"y":[0.858,0.858,-12.016]},"o":{"x":[0.201,0.201,0.201],"y":[0.088,0.088,8.029]},"n":["0p418_0p858_0p201_0p088","0p418_0p858_0p201_0p088","0p418_-12p016_0p201_8p029"],"t":4,"s":[0,0,100],"e":[91.44,91.44,100]},{"i":{"x":[0.661,0.661,0.661],"y":[1,1,1]},"o":{"x":[0.286,0.286,0.286],"y":[1.12,1.12,9.583]},"n":["0p661_1_0p286_1p12","0p661_1_0p286_1p12","0p661_1_0p286_9p583"],"t":16,"s":[91.44,91.44,100],"e":[100,100,100]},{"t":34.0000013848484}],"ix":6}},"ao":0,"shapes":[{"ty":"gr","it":[{"ind":0,"ty":"sh","ix":1,"ks":{"a":0,"k":{"i":[[0,0],[0,0],[0,-0.27],[0,0],[-0.28,0],[0,0],[0,0.27],[0,0],[0.28,0]],"o":[[0,0],[-0.28,0],[0,0],[0,0.27],[0,0],[0.28,0],[0,0],[0,-0.27],[0,0]],"v":[[0.75,-1.25],[-0.75,-1.25],[-1.25,-0.75],[-1.25,0.75],[-0.75,1.25],[0.75,1.25],[1.25,0.75],[1.25,-0.75],[0.75,-1.25]],"c":false},"ix":2},"nm":"Path 1","mn":"ADBE Vector Shape - Group","hd":false},{"ty":"fl","c":{"a":0,"k":[0.046847000718,0.729879975319,0.931611001492,1],"ix":4},"o":{"a":0,"k":100,"ix":5},"r":1,"nm":"Fill 1","mn":"ADBE Vector Graphic - Fill","hd":false},{"ty":"tr","p":{"a":0,"k":[0,0],"ix":2},"a":{"a":0,"k":[0,0],"ix":1},"s":{"a":0,"k":[500,500],"ix":3},"r":{"a":0,"k":0,"ix":6},"o":{"a":0,"k":100,"ix":7},"sk":{"a":0,"k":0,"ix":4},"sa":{"a":0,"k":0,"ix":5},"nm":"Transform"}],"nm":"Fill 9","np":2,"cix":2,"ix":1,"mn":"ADBE Vector Group","hd":false}],"ip":0,"op":141.000005743048,"st":0,"bm":0},{"ddd":0,"ind":12,"ty":4,"nm":"Fill 25","parent":14,"sr":1,"ks":{"o":{"a":0,"k":100,"ix":11},"r":{"a":0,"k":0,"ix":10},"p":{"a":0,"k":[-7.5,28.23,0],"ix":2},"a":{"a":0,"k":[0,0,0],"ix":1},"s":{"a":0,"k":[100,100,100],"ix":6}},"ao":0,"shapes":[{"ty":"gr","it":[{"ind":0,"ty":"sh","ix":1,"ks":{"a":0,"k":{"i":[[0,0],[0,0],[-0.55,0],[0,0],[0,0.55],[0,0]],"o":[[0,0],[0,0.55],[0,0],[-0.55,0],[0,0],[0,0]],"v":[[0.5,-6.354],[0.5,5.356],[1.5,6.356],[-0.5,6.356],[-1.5,5.356],[-1.5,-4.354]],"c":true},"ix":2},"nm":"Path 1","mn":"ADBE Vector Shape - Group","hd":false},{"ty":"fl","c":{"a":0,"k":[0.863104999065,0.869472026825,0.294230014086,1],"ix":4},"o":{"a":0,"k":100,"ix":5},"r":1,"nm":"Fill 1","mn":"ADBE Vector Graphic - Fill","hd":false},{"ty":"tr","p":{"a":0,"k":[0,0],"ix":2},"a":{"a":0,"k":[0,0],"ix":1},"s":{"a":0,"k":[500,500],"ix":3},"r":{"a":0,"k":0,"ix":6},"o":{"a":0,"k":100,"ix":7},"sk":{"a":0,"k":0,"ix":4},"sa":{"a":0,"k":0,"ix":5},"nm":"Transform"}],"nm":"Fill 25","np":2,"cix":2,"ix":1,"mn":"ADBE Vector Group","hd":false}],"ip":0,"op":141.000005743048,"st":0,"bm":0},{"ddd":0,"ind":13,"ty":4,"nm":"Fill 23","parent":14,"sr":1,"ks":{"o":{"a":0,"k":100,"ix":11},"r":{"a":0,"k":0,"ix":10},"p":{"a":0,"k":[47.5,28.23,0],"ix":2},"a":{"a":0,"k":[0,0,0],"ix":1},"s":{"a":0,"k":[100,100,100],"ix":6}},"ao":0,"shapes":[{"ty":"gr","it":[{"ind":0,"ty":"sh","ix":1,"ks":{"a":0,"k":{"i":[[0,0],[0,0],[0.55,0],[0,0],[0,0.55],[0,0]],"o":[[0,0],[0,0.55],[0,0],[0.55,0],[0,0],[0,0]],"v":[[-0.5,-6.354],[-0.5,5.356],[-1.5,6.356],[0.5,6.356],[1.5,5.356],[1.5,-4.354]],"c":true},"ix":2},"nm":"Path 1","mn":"ADBE Vector Shape - Group","hd":false},{"ty":"fl","c":{"a":0,"k":[0.541176974773,0.700176000595,0.115015000105,1],"ix":4},"o":{"a":0,"k":100,"ix":5},"r":1,"nm":"Fill 1","mn":"ADBE Vector Graphic - Fill","hd":false},{"ty":"tr","p":{"a":0,"k":[0,0],"ix":2},"a":{"a":0,"k":[0,0],"ix":1},"s":{"a":0,"k":[500,500],"ix":3},"r":{"a":0,"k":0,"ix":6},"o":{"a":0,"k":100,"ix":7},"sk":{"a":0,"k":0,"ix":4},"sa":{"a":0,"k":0,"ix":5},"nm":"Transform"}],"nm":"Fill 23","np":2,"cix":2,"ix":1,"mn":"ADBE Vector Group","hd":false}],"ip":0,"op":141.000005743048,"st":0,"bm":0},{"ddd":0,"ind":14,"ty":4,"nm":"Fill 30","sr":1,"ks":{"o":{"a":0,"k":100,"ix":11},"r":{"a":0,"k":0,"ix":10},"p":{"a":1,"k":[{"i":{"x":0.401,"y":0.805},"o":{"x":0.202,"y":0.123},"n":"0p401_0p805_0p202_0p123","t":4,"s":[-237.4,68,0],"e":[70.05,68,0],"to":[35.1224975585938,0,0],"ti":[-57.6856346130371,0,0]},{"i":{"x":0.614,"y":1},"o":{"x":0.09,"y":1},"n":"0p614_1_0p09_1","t":18,"s":[70.05,68,0],"e":[65,68,0],"to":[8.01086902618408,0,0],"ti":[0,0,0]},{"i":{"x":0.614,"y":0.614},"o":{"x":0.167,"y":0.167},"n":"0p614_0p614_0p167_0p167","t":34,"s":[65,68,0],"e":[65,68,0],"to":[0,0,0],"ti":[0,0,0]},{"i":{"x":0.576,"y":0.352},"o":{"x":0.18,"y":0},"n":"0p576_0p352_0p18_0","t":91,"s":[65,68,0],"e":[48.359,68,0],"to":[0,0,0],"ti":[0,0,0]},{"i":{"x":0.674,"y":1},"o":{"x":0.212,"y":1},"n":"0p674_1_0p212_1","t":98,"s":[48.359,68,0],"e":[42.2,68,0],"to":[0,0,0],"ti":[0,0,0]},{"i":{"x":0.674,"y":0.674},"o":{"x":0.167,"y":0.167},"n":"0p674_0p674_0p167_0p167","t":106,"s":[42.2,68,0],"e":[42.2,68,0],"to":[0,0,0],"ti":[0,0,0]},{"i":{"x":0.593,"y":0.528},"o":{"x":0.175,"y":0},"n":"0p593_0p528_0p175_0","t":110,"s":[42.2,68,0],"e":[218.841,68,0],"to":[0,0,0],"ti":[0,0,0]},{"i":{"x":0.703,"y":1},"o":{"x":0.234,"y":1},"n":"0p703_1_0p234_1","t":119,"s":[218.841,68,0],"e":[277.4,68,0],"to":[0,0,0],"ti":[0,0,0]},{"t":130.000005295009}],"ix":2},"a":{"a":0,"k":[0,0,0],"ix":1},"s":{"a":0,"k":[60,60,100],"ix":6}},"ao":0,"shapes":[{"ty":"gr","it":[{"ind":0,"ty":"sh","ix":1,"ks":{"a":0,"k":{"i":[[0,0],[0.39,-0.39],[0,0],[0,0],[0,0],[0,0],[0,0.55],[0,0]],"o":[[-0.39,-0.39],[0,0],[0,0],[0,-0.55],[0,0],[0.55,0],[0,0],[0,0]],"v":[[4.71,-5],[3.29,-5],[3,-4.71],[-3.05,1.5],[-2.75,11.95],[10,12],[11,11],[11,1.29]],"c":true},"ix":2},"nm":"Path 11","mn":"ADBE Vector Shape - Group","hd":false},{"ty":"mm","mm":1,"nm":"Merge Paths 1","mn":"ADBE Vector Filter - Merge","hd":false},{"ty":"fl","c":{"a":0,"k":[0.682834029198,0.793399989605,0.216923996806,1],"ix":4},"o":{"a":0,"k":100,"ix":5},"r":1,"nm":"Fill 1","mn":"ADBE Vector Graphic - Fill","hd":false},{"ty":"tr","p":{"a":0,"k":[0,0],"ix":2},"a":{"a":0,"k":[0,0],"ix":1},"s":{"a":0,"k":[500,500],"ix":3},"r":{"a":0,"k":0,"ix":6},"o":{"a":0,"k":100,"ix":7},"sk":{"a":0,"k":0,"ix":4},"sa":{"a":0,"k":0,"ix":5},"nm":"Transform"}],"nm":"Fill 21","np":3,"cix":2,"ix":1,"mn":"ADBE Vector Group","hd":false}],"ip":0,"op":141.000005743048,"st":0,"bm":0},{"ddd":0,"ind":15,"ty":4,"nm":"Stroke 55","parent":30,"sr":1,"ks":{"o":{"a":0,"k":100,"ix":11},"r":{"a":0,"k":0,"ix":10},"p":{"a":0,"k":[-20,0,0],"ix":2},"a":{"a":0,"k":[0,0,0],"ix":1},"s":{"a":0,"k":[100,100,100],"ix":6}},"ao":0,"shapes":[{"ty":"gr","it":[{"ind":0,"ty":"sh","ix":1,"ks":{"a":0,"k":{"i":[[0,0],[0,0],[0,0.55],[0,0],[-0.55,0],[0,0],[0,-0.55],[0,0]],"o":[[0,0],[-0.55,0],[0,0],[0,-0.55],[0,0],[0.55,0],[0,0],[0,0]],"v":[[6.975,12],[-6,12],[-7,11],[-7,-11],[-6,-12],[6,-12],[7,-11],[7,12.003]],"c":false},"ix":2},"nm":"Path 1","mn":"ADBE Vector Shape - Group","hd":false},{"ty":"st","c":{"a":0,"k":[0.113609999418,0.112988002598,0.1074699983,1],"ix":3},"o":{"a":0,"k":100,"ix":4},"w":{"a":0,"k":1,"ix":5},"lc":2,"lj":2,"nm":"Stroke 1","mn":"ADBE Vector Graphic - Stroke","hd":false},{"ty":"tr","p":{"a":0,"k":[0,0],"ix":2},"a":{"a":0,"k":[0,0],"ix":1},"s":{"a":0,"k":[500,500],"ix":3},"r":{"a":0,"k":0,"ix":6},"o":{"a":0,"k":100,"ix":7},"sk":{"a":0,"k":0,"ix":4},"sa":{"a":0,"k":0,"ix":5},"nm":"Transform"}],"nm":"Stroke 55","np":2,"cix":2,"ix":1,"mn":"ADBE Vector Group","hd":false}],"ip":0,"op":141.000005743048,"st":0,"bm":0},{"ddd":0,"ind":16,"ty":4,"nm":"Fill 29","parent":30,"sr":1,"ks":{"o":{"a":0,"k":100,"ix":11},"r":{"a":0,"k":0,"ix":10},"p":{"a":0,"k":[7.5,-36.77,0],"ix":2},"a":{"a":0,"k":[0,0,0],"ix":1},"s":{"a":0,"k":[100,100,100],"ix":6}},"ao":0,"shapes":[{"ty":"gr","it":[{"ind":0,"ty":"sh","ix":1,"ks":{"a":0,"k":{"i":[[0,0],[0,0],[0.55,0],[0,0],[0,-0.55],[0,0]],"o":[[0,0],[0,-0.55],[0,0],[0.55,0],[0,0],[0,0]],"v":[[-0.5,19.269],[-0.5,-3.646],[-1.5,-4.646],[0.5,-4.646],[1.5,-3.646],[1.5,19.194]],"c":true},"ix":2},"nm":"Path 1","mn":"ADBE Vector Shape - Group","hd":false},{"ty":"fl","c":{"a":0,"k":[0.541176974773,0.700176000595,0.115015000105,1],"ix":4},"o":{"a":0,"k":100,"ix":5},"r":1,"nm":"Fill 1","mn":"ADBE Vector Graphic - Fill","hd":false},{"ty":"tr","p":{"a":0,"k":[0,0],"ix":2},"a":{"a":0,"k":[0,0],"ix":1},"s":{"a":0,"k":[500,500],"ix":3},"r":{"a":0,"k":0,"ix":6},"o":{"a":0,"k":100,"ix":7},"sk":{"a":0,"k":0,"ix":4},"sa":{"a":0,"k":0,"ix":5},"nm":"Transform"}],"nm":"Fill 29","np":2,"cix":2,"ix":1,"mn":"ADBE Vector Group","hd":false}],"ip":0,"op":141.000005743048,"st":0,"bm":0},{"ddd":0,"ind":17,"ty":4,"nm":"Fill 27","parent":30,"sr":1,"ks":{"o":{"a":0,"k":100,"ix":11},"r":{"a":0,"k":0,"ix":10},"p":{"a":0,"k":[-47.5,0,0],"ix":2},"a":{"a":0,"k":[0,0,0],"ix":1},"s":{"a":0,"k":[100,100,100],"ix":6}},"ao":0,"shapes":[{"ty":"gr","it":[{"ind":0,"ty":"sh","ix":1,"ks":{"a":0,"k":{"i":[[0,0],[0,0],[-0.55,0],[0,0],[0,-0.55],[0,0],[-0.55,0],[0,0],[0,0.55]],"o":[[0,0],[0,-0.55],[0,0],[-0.55,0],[0,0],[0,0.55],[0,0],[-0.55,0],[0,0]],"v":[[0.5,11],[0.5,-11],[1.5,-12],[-0.5,-12],[-1.5,-11],[-1.5,11],[-0.5,12],[1.5,12],[0.5,11]],"c":false},"ix":2},"nm":"Path 1","mn":"ADBE Vector Shape - Group","hd":false},{"ty":"fl","c":{"a":0,"k":[0.863104999065,0.869472026825,0.294230014086,1],"ix":4},"o":{"a":0,"k":100,"ix":5},"r":1,"nm":"Fill 1","mn":"ADBE Vector Graphic - Fill","hd":false},{"ty":"tr","p":{"a":0,"k":[0,0],"ix":2},"a":{"a":0,"k":[0,0],"ix":1},"s":{"a":0,"k":[500,500],"ix":3},"r":{"a":0,"k":0,"ix":6},"o":{"a":0,"k":100,"ix":7},"sk":{"a":0,"k":0,"ix":4},"sa":{"a":0,"k":0,"ix":5},"nm":"Transform"}],"nm":"Fill 27","np":2,"cix":2,"ix":1,"mn":"ADBE Vector Group","hd":false}],"ip":0,"op":141.000005743048,"st":0,"bm":0},{"ddd":0,"ind":18,"ty":4,"nm":"Stroke 35","parent":19,"sr":1,"ks":{"o":{"a":0,"k":100,"ix":11},"r":{"a":0,"k":0,"ix":10},"p":{"a":0,"k":[0,0,0],"ix":2},"a":{"a":0,"k":[0,0,0],"ix":1},"s":{"a":0,"k":[100,100,100],"ix":6}},"ao":0,"shapes":[{"ty":"gr","it":[{"ind":0,"ty":"sh","ix":1,"ks":{"a":0,"k":{"i":[[0,0],[0.28,0],[0,0],[0,0.27],[0,0],[-0.27,0],[0,0],[0,-0.27]],"o":[[0,0.27],[0,0],[-0.27,0],[0,0],[0,-0.27],[0,0],[0.28,0],[0,0]],"v":[[1.25,0.75],[0.75,1.25],[-0.75,1.25],[-1.25,0.75],[-1.25,-0.75],[-0.75,-1.25],[0.75,-1.25],[1.25,-0.75]],"c":true},"ix":2},"nm":"Path 1","mn":"ADBE Vector Shape - Group","hd":false},{"ty":"st","c":{"a":0,"k":[0.113609999418,0.112988002598,0.1074699983,1],"ix":3},"o":{"a":0,"k":100,"ix":4},"w":{"a":0,"k":1,"ix":5},"lc":2,"lj":2,"nm":"Stroke 1","mn":"ADBE Vector Graphic - Stroke","hd":false},{"ty":"tr","p":{"a":0,"k":[0,0],"ix":2},"a":{"a":0,"k":[0,0],"ix":1},"s":{"a":0,"k":[500,500],"ix":3},"r":{"a":0,"k":0,"ix":6},"o":{"a":0,"k":100,"ix":7},"sk":{"a":0,"k":0,"ix":4},"sa":{"a":0,"k":0,"ix":5},"nm":"Transform"}],"nm":"Stroke 35","np":2,"cix":2,"ix":1,"mn":"ADBE Vector Group","hd":false}],"ip":0,"op":141.000005743048,"st":0,"bm":0},{"ddd":0,"ind":19,"ty":4,"nm":"Fill 1","parent":30,"sr":1,"ks":{"o":{"a":0,"k":100,"ix":11},"r":{"a":0,"k":0,"ix":10},"p":{"a":0,"k":[-32.5,37.5,0],"ix":2},"a":{"a":0,"k":[0,0,0],"ix":1},"s":{"a":1,"k":[{"i":{"x":[0.409,0.409,0.409],"y":[0.859,0.859,-11.923]},"o":{"x":[0.201,0.201,0.201],"y":[0.088,0.088,8.056]},"n":["0p409_0p859_0p201_0p088","0p409_0p859_0p201_0p088","0p409_-11p923_0p201_8p056"],"t":20,"s":[0,0,100],"e":[91.65,91.65,100]},{"i":{"x":[0.668,0.668,0.668],"y":[1,1,1]},"o":{"x":[0.285,0.285,0.285],"y":[1.121,1.121,9.358]},"n":["0p668_1_0p285_1p121","0p668_1_0p285_1p121","0p668_1_0p285_9p358"],"t":32,"s":[91.65,91.65,100],"e":[100,100,100]},{"t":50.0000020365418}],"ix":6}},"ao":0,"shapes":[{"ty":"gr","it":[{"ind":0,"ty":"sh","ix":1,"ks":{"a":0,"k":{"i":[[0,0],[0,0],[0,-0.27],[0,0],[-0.28,0],[0,0],[0,0.27],[0,0],[0.28,0]],"o":[[0,0],[-0.28,0],[0,0],[0,0.27],[0,0],[0.28,0],[0,0],[0,-0.27],[0,0]],"v":[[0.75,-1.25],[-0.75,-1.25],[-1.25,-0.75],[-1.25,0.75],[-0.75,1.25],[0.75,1.25],[1.25,0.75],[1.25,-0.75],[0.75,-1.25]],"c":false},"ix":2},"nm":"Path 1","mn":"ADBE Vector Shape - Group","hd":false},{"ty":"fl","c":{"a":0,"k":[0.046847000718,0.729879975319,0.931611001492,1],"ix":4},"o":{"a":0,"k":100,"ix":5},"r":1,"nm":"Fill 1","mn":"ADBE Vector Graphic - Fill","hd":false},{"ty":"tr","p":{"a":0,"k":[0,0],"ix":2},"a":{"a":0,"k":[0,0],"ix":1},"s":{"a":0,"k":[500,500],"ix":3},"r":{"a":0,"k":0,"ix":6},"o":{"a":0,"k":100,"ix":7},"sk":{"a":0,"k":0,"ix":4},"sa":{"a":0,"k":0,"ix":5},"nm":"Transform"}],"nm":"Fill 1","np":2,"cix":2,"ix":1,"mn":"ADBE Vector Group","hd":false}],"ip":0,"op":141.000005743048,"st":0,"bm":0},{"ddd":0,"ind":20,"ty":4,"nm":"Stroke 37","parent":21,"sr":1,"ks":{"o":{"a":0,"k":100,"ix":11},"r":{"a":0,"k":0,"ix":10},"p":{"a":0,"k":[0,0,0],"ix":2},"a":{"a":0,"k":[0,0,0],"ix":1},"s":{"a":0,"k":[100,100,100],"ix":6}},"ao":0,"shapes":[{"ty":"gr","it":[{"ind":0,"ty":"sh","ix":1,"ks":{"a":0,"k":{"i":[[0,0],[0.28,0],[0,0],[0,0.27],[0,0],[-0.27,0],[0,0],[0,-0.27]],"o":[[0,0.27],[0,0],[-0.27,0],[0,0],[0,-0.27],[0,0],[0.28,0],[0,0]],"v":[[1.25,0.75],[0.75,1.25],[-0.75,1.25],[-1.25,0.75],[-1.25,-0.75],[-0.75,-1.25],[0.75,-1.25],[1.25,-0.75]],"c":true},"ix":2},"nm":"Path 1","mn":"ADBE Vector Shape - Group","hd":false},{"ty":"st","c":{"a":0,"k":[0.113609999418,0.112988002598,0.1074699983,1],"ix":3},"o":{"a":0,"k":100,"ix":4},"w":{"a":0,"k":1,"ix":5},"lc":2,"lj":2,"nm":"Stroke 1","mn":"ADBE Vector Graphic - Stroke","hd":false},{"ty":"tr","p":{"a":0,"k":[0,0],"ix":2},"a":{"a":0,"k":[0,0],"ix":1},"s":{"a":0,"k":[500,500],"ix":3},"r":{"a":0,"k":0,"ix":6},"o":{"a":0,"k":100,"ix":7},"sk":{"a":0,"k":0,"ix":4},"sa":{"a":0,"k":0,"ix":5},"nm":"Transform"}],"nm":"Stroke 37","np":2,"cix":2,"ix":1,"mn":"ADBE Vector Group","hd":false}],"ip":0,"op":141.000005743048,"st":0,"bm":0},{"ddd":0,"ind":21,"ty":4,"nm":"Fill 3","parent":30,"sr":1,"ks":{"o":{"a":0,"k":100,"ix":11},"r":{"a":0,"k":0,"ix":10},"p":{"a":0,"k":[-32.5,12.5,0],"ix":2},"a":{"a":0,"k":[0,0,0],"ix":1},"s":{"a":1,"k":[{"i":{"x":[0.409,0.409,0.409],"y":[0.859,0.859,-11.923]},"o":{"x":[0.201,0.201,0.201],"y":[0.088,0.088,8.056]},"n":["0p409_0p859_0p201_0p088","0p409_0p859_0p201_0p088","0p409_-11p923_0p201_8p056"],"t":16,"s":[0,0,100],"e":[91.65,91.65,100]},{"i":{"x":[0.667,0.667,0.667],"y":[1,1,1]},"o":{"x":[0.285,0.285,0.285],"y":[1.121,1.121,9.358]},"n":["0p667_1_0p285_1p121","0p667_1_0p285_1p121","0p667_1_0p285_9p358"],"t":28,"s":[91.65,91.65,100],"e":[100,100,100]},{"t":46.0000018736184}],"ix":6}},"ao":0,"shapes":[{"ty":"gr","it":[{"ind":0,"ty":"sh","ix":1,"ks":{"a":0,"k":{"i":[[0,0],[0,0],[0,-0.27],[0,0],[-0.28,0],[0,0],[0,0.27],[0,0],[0.28,0]],"o":[[0,0],[-0.28,0],[0,0],[0,0.27],[0,0],[0.28,0],[0,0],[0,-0.27],[0,0]],"v":[[0.75,-1.25],[-0.75,-1.25],[-1.25,-0.75],[-1.25,0.75],[-0.75,1.25],[0.75,1.25],[1.25,0.75],[1.25,-0.75],[0.75,-1.25]],"c":false},"ix":2},"nm":"Path 1","mn":"ADBE Vector Shape - Group","hd":false},{"ty":"fl","c":{"a":0,"k":[0.046847000718,0.729879975319,0.931611001492,1],"ix":4},"o":{"a":0,"k":100,"ix":5},"r":1,"nm":"Fill 1","mn":"ADBE Vector Graphic - Fill","hd":false},{"ty":"tr","p":{"a":0,"k":[0,0],"ix":2},"a":{"a":0,"k":[0,0],"ix":1},"s":{"a":0,"k":[500,500],"ix":3},"r":{"a":0,"k":0,"ix":6},"o":{"a":0,"k":100,"ix":7},"sk":{"a":0,"k":0,"ix":4},"sa":{"a":0,"k":0,"ix":5},"nm":"Transform"}],"nm":"Fill 3","np":2,"cix":2,"ix":1,"mn":"ADBE Vector Group","hd":false}],"ip":0,"op":141.000005743048,"st":0,"bm":0},{"ddd":0,"ind":22,"ty":4,"nm":"Stroke 53","parent":23,"sr":1,"ks":{"o":{"a":0,"k":100,"ix":11},"r":{"a":0,"k":0,"ix":10},"p":{"a":0,"k":[0,0,0],"ix":2},"a":{"a":0,"k":[0,0,0],"ix":1},"s":{"a":0,"k":[100,100,100],"ix":6}},"ao":0,"shapes":[{"ty":"gr","it":[{"ind":0,"ty":"sh","ix":1,"ks":{"a":0,"k":{"i":[[0,0],[0,0],[0.28,0],[0,0],[0,-0.27],[0,0],[-0.28,0],[0,0]],"o":[[0,0],[0,-0.27],[0,0],[-0.28,0],[0,0],[0,0.27],[0,0],[0,0]],"v":[[1.25,1.04],[1.25,-0.75],[0.75,-1.25],[-0.75,-1.25],[-1.25,-0.75],[-1.25,0.75],[-0.75,1.25],[1.04,1.25]],"c":false},"ix":2},"nm":"Path 1","mn":"ADBE Vector Shape - Group","hd":false},{"ty":"st","c":{"a":0,"k":[0.113609999418,0.112988002598,0.1074699983,1],"ix":3},"o":{"a":0,"k":100,"ix":4},"w":{"a":0,"k":1,"ix":5},"lc":2,"lj":2,"nm":"Stroke 1","mn":"ADBE Vector Graphic - Stroke","hd":false},{"ty":"tr","p":{"a":0,"k":[0,0],"ix":2},"a":{"a":0,"k":[0,0],"ix":1},"s":{"a":0,"k":[500,500],"ix":3},"r":{"a":0,"k":0,"ix":6},"o":{"a":0,"k":100,"ix":7},"sk":{"a":0,"k":0,"ix":4},"sa":{"a":0,"k":0,"ix":5},"nm":"Transform"}],"nm":"Stroke 53","np":2,"cix":2,"ix":1,"mn":"ADBE Vector Group","hd":false}],"ip":0,"op":141.000005743048,"st":0,"bm":0},{"ddd":0,"ind":23,"ty":4,"nm":"Fill 19","parent":30,"sr":1,"ks":{"o":{"a":0,"k":100,"ix":11},"r":{"a":0,"k":0,"ix":10},"p":{"a":0,"k":[-7.5,-12.5,0],"ix":2},"a":{"a":0,"k":[0,0,0],"ix":1},"s":{"a":1,"k":[{"i":{"x":[0.409,0.409,0.409],"y":[0.859,0.859,-11.923]},"o":{"x":[0.201,0.201,0.201],"y":[0.088,0.088,8.056]},"n":["0p409_0p859_0p201_0p088","0p409_0p859_0p201_0p088","0p409_-11p923_0p201_8p056"],"t":12,"s":[0,0,100],"e":[91.65,91.65,100]},{"i":{"x":[0.666,0.666,0.666],"y":[1,1,1]},"o":{"x":[0.285,0.285,0.285],"y":[1.121,1.121,9.358]},"n":["0p666_1_0p285_1p121","0p666_1_0p285_1p121","0p666_1_0p285_9p358"],"t":24,"s":[91.65,91.65,100],"e":[100,100,100]},{"t":42.0000017106951}],"ix":6}},"ao":0,"shapes":[{"ty":"gr","it":[{"ind":0,"ty":"sh","ix":1,"ks":{"a":0,"k":{"i":[[0,0],[0,0],[0,-0.27],[0,0],[-0.28,0],[0,0],[0,0],[0,0],[0.28,0]],"o":[[0,0],[-0.28,0],[0,0],[0,0.27],[0,0],[0,0],[0,0],[0,-0.27],[0,0]],"v":[[0.75,-1.25],[-0.75,-1.25],[-1.25,-0.75],[-1.25,0.75],[-0.75,1.25],[1.04,1.25],[1.25,1.04],[1.25,-0.75],[0.75,-1.25]],"c":false},"ix":2},"nm":"Path 1","mn":"ADBE Vector Shape - Group","hd":false},{"ty":"fl","c":{"a":0,"k":[0.046847000718,0.729879975319,0.931611001492,1],"ix":4},"o":{"a":0,"k":100,"ix":5},"r":1,"nm":"Fill 1","mn":"ADBE Vector Graphic - Fill","hd":false},{"ty":"tr","p":{"a":0,"k":[0,0],"ix":2},"a":{"a":0,"k":[0,0],"ix":1},"s":{"a":0,"k":[500,500],"ix":3},"r":{"a":0,"k":0,"ix":6},"o":{"a":0,"k":100,"ix":7},"sk":{"a":0,"k":0,"ix":4},"sa":{"a":0,"k":0,"ix":5},"nm":"Transform"}],"nm":"Fill 19","np":2,"cix":2,"ix":1,"mn":"ADBE Vector Group","hd":false}],"ip":0,"op":141.000005743048,"st":0,"bm":0},{"ddd":0,"ind":24,"ty":4,"nm":"Stroke 47","parent":25,"sr":1,"ks":{"o":{"a":0,"k":100,"ix":11},"r":{"a":0,"k":0,"ix":10},"p":{"a":0,"k":[0,0,0],"ix":2},"a":{"a":0,"k":[0,0,0],"ix":1},"s":{"a":0,"k":[100,100,100],"ix":6}},"ao":0,"shapes":[{"ty":"gr","it":[{"ind":0,"ty":"sh","ix":1,"ks":{"a":0,"k":{"i":[[0,0],[0.28,0],[0,0],[0,0.27],[0,0],[-0.27,0],[0,0],[0,-0.27]],"o":[[0,0.27],[0,0],[-0.27,0],[0,0],[0,-0.27],[0,0],[0.28,0],[0,0]],"v":[[1.25,0.75],[0.75,1.25],[-0.75,1.25],[-1.25,0.75],[-1.25,-0.75],[-0.75,-1.25],[0.75,-1.25],[1.25,-0.75]],"c":true},"ix":2},"nm":"Path 1","mn":"ADBE Vector Shape - Group","hd":false},{"ty":"st","c":{"a":0,"k":[0.113609999418,0.112988002598,0.1074699983,1],"ix":3},"o":{"a":0,"k":100,"ix":4},"w":{"a":0,"k":1,"ix":5},"lc":2,"lj":2,"nm":"Stroke 1","mn":"ADBE Vector Graphic - Stroke","hd":false},{"ty":"tr","p":{"a":0,"k":[0,0],"ix":2},"a":{"a":0,"k":[0,0],"ix":1},"s":{"a":0,"k":[500,500],"ix":3},"r":{"a":0,"k":0,"ix":6},"o":{"a":0,"k":100,"ix":7},"sk":{"a":0,"k":0,"ix":4},"sa":{"a":0,"k":0,"ix":5},"nm":"Transform"}],"nm":"Stroke 47","np":2,"cix":2,"ix":1,"mn":"ADBE Vector Group","hd":false}],"ip":0,"op":141.000005743048,"st":0,"bm":0},{"ddd":0,"ind":25,"ty":4,"nm":"Fill 13","parent":30,"sr":1,"ks":{"o":{"a":0,"k":100,"ix":11},"r":{"a":0,"k":0,"ix":10},"p":{"a":0,"k":[-32.5,-12.5,0],"ix":2},"a":{"a":0,"k":[0,0,0],"ix":1},"s":{"a":1,"k":[{"i":{"x":[0.409,0.409,0.409],"y":[0.859,0.859,-11.923]},"o":{"x":[0.201,0.201,0.201],"y":[0.088,0.088,8.056]},"n":["0p409_0p859_0p201_0p088","0p409_0p859_0p201_0p088","0p409_-11p923_0p201_8p056"],"t":8,"s":[0,0,100],"e":[91.65,91.65,100]},{"i":{"x":[0.665,0.665,0.665],"y":[1,1,1]},"o":{"x":[0.285,0.285,0.285],"y":[1.121,1.121,9.358]},"n":["0p665_1_0p285_1p121","0p665_1_0p285_1p121","0p665_1_0p285_9p358"],"t":20,"s":[91.65,91.65,100],"e":[100,100,100]},{"t":38.0000015477717}],"ix":6}},"ao":0,"shapes":[{"ty":"gr","it":[{"ind":0,"ty":"sh","ix":1,"ks":{"a":0,"k":{"i":[[0,0],[0,0],[0,-0.27],[0,0],[-0.28,0],[0,0],[0,0.27],[0,0],[0.28,0]],"o":[[0,0],[-0.28,0],[0,0],[0,0.27],[0,0],[0.28,0],[0,0],[0,-0.27],[0,0]],"v":[[0.75,-1.25],[-0.75,-1.25],[-1.25,-0.75],[-1.25,0.75],[-0.75,1.25],[0.75,1.25],[1.25,0.75],[1.25,-0.75],[0.75,-1.25]],"c":false},"ix":2},"nm":"Path 1","mn":"ADBE Vector Shape - Group","hd":false},{"ty":"fl","c":{"a":0,"k":[0.046847000718,0.729879975319,0.931611001492,1],"ix":4},"o":{"a":0,"k":100,"ix":5},"r":1,"nm":"Fill 1","mn":"ADBE Vector Graphic - Fill","hd":false},{"ty":"tr","p":{"a":0,"k":[0,0],"ix":2},"a":{"a":0,"k":[0,0],"ix":1},"s":{"a":0,"k":[500,500],"ix":3},"r":{"a":0,"k":0,"ix":6},"o":{"a":0,"k":100,"ix":7},"sk":{"a":0,"k":0,"ix":4},"sa":{"a":0,"k":0,"ix":5},"nm":"Transform"}],"nm":"Fill 13","np":2,"cix":2,"ix":1,"mn":"ADBE Vector Group","hd":false}],"ip":0,"op":141.000005743048,"st":0,"bm":0},{"ddd":0,"ind":26,"ty":4,"nm":"Stroke 51","parent":27,"sr":1,"ks":{"o":{"a":0,"k":100,"ix":11},"r":{"a":0,"k":0,"ix":10},"p":{"a":0,"k":[0,0,0],"ix":2},"a":{"a":0,"k":[0,0,0],"ix":1},"s":{"a":0,"k":[100,100,100],"ix":6}},"ao":0,"shapes":[{"ty":"gr","it":[{"ind":0,"ty":"sh","ix":1,"ks":{"a":0,"k":{"i":[[0,0],[0.28,0],[0,0],[0,0.27],[0,0],[-0.28,0],[0,0],[0,-0.27]],"o":[[0,0.27],[0,0],[-0.28,0],[0,0],[0,-0.27],[0,0],[0.28,0],[0,0]],"v":[[1.25,0.75],[0.75,1.25],[-0.75,1.25],[-1.25,0.75],[-1.25,-0.75],[-0.75,-1.25],[0.75,-1.25],[1.25,-0.75]],"c":true},"ix":2},"nm":"Path 1","mn":"ADBE Vector Shape - Group","hd":false},{"ty":"st","c":{"a":0,"k":[0.113609999418,0.112988002598,0.1074699983,1],"ix":3},"o":{"a":0,"k":100,"ix":4},"w":{"a":0,"k":1,"ix":5},"lc":2,"lj":2,"nm":"Stroke 1","mn":"ADBE Vector Graphic - Stroke","hd":false},{"ty":"tr","p":{"a":0,"k":[0,0],"ix":2},"a":{"a":0,"k":[0,0],"ix":1},"s":{"a":0,"k":[500,500],"ix":3},"r":{"a":0,"k":0,"ix":6},"o":{"a":0,"k":100,"ix":7},"sk":{"a":0,"k":0,"ix":4},"sa":{"a":0,"k":0,"ix":5},"nm":"Transform"}],"nm":"Stroke 51","np":2,"cix":2,"ix":1,"mn":"ADBE Vector Group","hd":false}],"ip":0,"op":141.000005743048,"st":0,"bm":0},{"ddd":0,"ind":27,"ty":4,"nm":"Fill 17","parent":30,"sr":1,"ks":{"o":{"a":0,"k":100,"ix":11},"r":{"a":0,"k":0,"ix":10},"p":{"a":0,"k":[-7.5,-37.5,0],"ix":2},"a":{"a":0,"k":[0,0,0],"ix":1},"s":{"a":1,"k":[{"i":{"x":[0.409,0.409,0.409],"y":[0.859,0.859,-11.923]},"o":{"x":[0.201,0.201,0.201],"y":[0.088,0.088,8.056]},"n":["0p409_0p859_0p201_0p088","0p409_0p859_0p201_0p088","0p409_-11p923_0p201_8p056"],"t":4,"s":[0,0,100],"e":[91.65,91.65,100]},{"i":{"x":[0.663,0.663,0.663],"y":[1,1,1]},"o":{"x":[0.285,0.285,0.285],"y":[1.121,1.121,9.358]},"n":["0p663_1_0p285_1p121","0p663_1_0p285_1p121","0p663_1_0p285_9p358"],"t":16,"s":[91.65,91.65,100],"e":[100,100,100]},{"t":34.0000013848484}],"ix":6}},"ao":0,"shapes":[{"ty":"gr","it":[{"ind":0,"ty":"sh","ix":1,"ks":{"a":0,"k":{"i":[[0,0],[0,0],[0,-0.27],[0,0],[-0.28,0],[0,0],[0,0.27],[0,0],[0.28,0]],"o":[[0,0],[-0.28,0],[0,0],[0,0.27],[0,0],[0.28,0],[0,0],[0,-0.27],[0,0]],"v":[[0.75,-1.25],[-0.75,-1.25],[-1.25,-0.75],[-1.25,0.75],[-0.75,1.25],[0.75,1.25],[1.25,0.75],[1.25,-0.75],[0.75,-1.25]],"c":false},"ix":2},"nm":"Path 1","mn":"ADBE Vector Shape - Group","hd":false},{"ty":"fl","c":{"a":0,"k":[0.046847000718,0.729879975319,0.931611001492,1],"ix":4},"o":{"a":0,"k":100,"ix":5},"r":1,"nm":"Fill 1","mn":"ADBE Vector Graphic - Fill","hd":false},{"ty":"tr","p":{"a":0,"k":[0,0],"ix":2},"a":{"a":0,"k":[0,0],"ix":1},"s":{"a":0,"k":[500,500],"ix":3},"r":{"a":0,"k":0,"ix":6},"o":{"a":0,"k":100,"ix":7},"sk":{"a":0,"k":0,"ix":4},"sa":{"a":0,"k":0,"ix":5},"nm":"Transform"}],"nm":"Fill 17","np":2,"cix":2,"ix":1,"mn":"ADBE Vector Group","hd":false}],"ip":0,"op":141.000005743048,"st":0,"bm":0},{"ddd":0,"ind":28,"ty":4,"nm":"Stroke 49","parent":29,"sr":1,"ks":{"o":{"a":0,"k":100,"ix":11},"r":{"a":0,"k":0,"ix":10},"p":{"a":0,"k":[0,0,0],"ix":2},"a":{"a":0,"k":[0,0,0],"ix":1},"s":{"a":0,"k":[100,100,100],"ix":6}},"ao":0,"shapes":[{"ty":"gr","it":[{"ind":0,"ty":"sh","ix":1,"ks":{"a":0,"k":{"i":[[0,0],[0.28,0],[0,0],[0,0.27],[0,0],[-0.27,0],[0,0],[0,-0.27]],"o":[[0,0.27],[0,0],[-0.27,0],[0,0],[0,-0.27],[0,0],[0.28,0],[0,0]],"v":[[1.25,0.75],[0.75,1.25],[-0.75,1.25],[-1.25,0.75],[-1.25,-0.75],[-0.75,-1.25],[0.75,-1.25],[1.25,-0.75]],"c":true},"ix":2},"nm":"Path 1","mn":"ADBE Vector Shape - Group","hd":false},{"ty":"st","c":{"a":0,"k":[0.113609999418,0.112988002598,0.1074699983,1],"ix":3},"o":{"a":0,"k":100,"ix":4},"w":{"a":0,"k":1,"ix":5},"lc":2,"lj":2,"nm":"Stroke 1","mn":"ADBE Vector Graphic - Stroke","hd":false},{"ty":"tr","p":{"a":0,"k":[0,0],"ix":2},"a":{"a":0,"k":[0,0],"ix":1},"s":{"a":0,"k":[500,500],"ix":3},"r":{"a":0,"k":0,"ix":6},"o":{"a":0,"k":100,"ix":7},"sk":{"a":0,"k":0,"ix":4},"sa":{"a":0,"k":0,"ix":5},"nm":"Transform"}],"nm":"Stroke 49","np":2,"cix":2,"ix":1,"mn":"ADBE Vector Group","hd":false}],"ip":0,"op":141.000005743048,"st":0,"bm":0},{"ddd":0,"ind":29,"ty":4,"nm":"Fill 15","parent":30,"sr":1,"ks":{"o":{"a":0,"k":100,"ix":11},"r":{"a":0,"k":0,"ix":10},"p":{"a":0,"k":[-32.5,-37.5,0],"ix":2},"a":{"a":0,"k":[0,0,0],"ix":1},"s":{"a":1,"k":[{"i":{"x":[0.409,0.409,0.409],"y":[0.859,0.859,-11.923]},"o":{"x":[0.201,0.201,0.201],"y":[0.088,0.088,8.056]},"n":["0p409_0p859_0p201_0p088","0p409_0p859_0p201_0p088","0p409_-11p923_0p201_8p056"],"t":0,"s":[0,0,100],"e":[91.65,91.65,100]},{"i":{"x":[0.66,0.66,0.66],"y":[1,1,1]},"o":{"x":[0.285,0.285,0.285],"y":[1.121,1.121,9.358]},"n":["0p66_1_0p285_1p121","0p66_1_0p285_1p121","0p66_1_0p285_9p358"],"t":12,"s":[91.65,91.65,100],"e":[100,100,100]},{"t":30.0000012219251}],"ix":6}},"ao":0,"shapes":[{"ty":"gr","it":[{"ind":0,"ty":"sh","ix":1,"ks":{"a":0,"k":{"i":[[0,0],[0,0],[0,-0.27],[0,0],[-0.28,0],[0,0],[0,0.27],[0,0],[0.28,0]],"o":[[0,0],[-0.28,0],[0,0],[0,0.27],[0,0],[0.28,0],[0,0],[0,-0.27],[0,0]],"v":[[0.75,-1.25],[-0.75,-1.25],[-1.25,-0.75],[-1.25,0.75],[-0.75,1.25],[0.75,1.25],[1.25,0.75],[1.25,-0.75],[0.75,-1.25]],"c":false},"ix":2},"nm":"Path 1","mn":"ADBE Vector Shape - Group","hd":false},{"ty":"fl","c":{"a":0,"k":[0.046847000718,0.729879975319,0.931611001492,1],"ix":4},"o":{"a":0,"k":100,"ix":5},"r":1,"nm":"Fill 1","mn":"ADBE Vector Graphic - Fill","hd":false},{"ty":"tr","p":{"a":0,"k":[0,0],"ix":2},"a":{"a":0,"k":[0,0],"ix":1},"s":{"a":0,"k":[500,500],"ix":3},"r":{"a":0,"k":0,"ix":6},"o":{"a":0,"k":100,"ix":7},"sk":{"a":0,"k":0,"ix":4},"sa":{"a":0,"k":0,"ix":5},"nm":"Transform"}],"nm":"Fill 15","np":2,"cix":2,"ix":1,"mn":"ADBE Vector Group","hd":false}],"ip":0,"op":141.000005743048,"st":0,"bm":0},{"ddd":0,"ind":30,"ty":4,"nm":"Fill 21","sr":1,"ks":{"o":{"a":0,"k":100,"ix":11},"r":{"a":0,"k":0,"ix":10},"p":{"a":1,"k":[{"i":{"x":0.401,"y":0.728},"o":{"x":0.202,"y":0.171},"n":"0p401_0p728_0p202_0p171","t":0,"s":[-112.6,68,0],"e":[50.533,68,0],"to":[25.9906482696533,0,0],"ti":[-42.687370300293,0,0]},{"i":{"x":0.614,"y":1},"o":{"x":0.171,"y":1},"n":"0p614_1_0p171_1","t":14,"s":[50.533,68,0],"e":[65,68,0],"to":[5.92804336547852,0,0],"ti":[0,0,0]},{"i":{"x":0.614,"y":0.614},"o":{"x":0.167,"y":0.167},"n":"0p614_0p614_0p167_0p167","t":30,"s":[65,68,0],"e":[65,68,0],"to":[0,0,0],"ti":[0,0,0]},{"i":{"x":0.576,"y":0.352},"o":{"x":0.18,"y":0},"n":"0p576_0p352_0p18_0","t":90,"s":[65,68,0],"e":[48.359,68,0],"to":[0,0,0],"ti":[0,0,0]},{"i":{"x":0.674,"y":1},"o":{"x":0.212,"y":1},"n":"0p674_1_0p212_1","t":97,"s":[48.359,68,0],"e":[42.2,68,0],"to":[0,0,0],"ti":[0,0,0]},{"i":{"x":0.674,"y":0.674},"o":{"x":0.167,"y":0.167},"n":"0p674_0p674_0p167_0p167","t":105,"s":[42.2,68,0],"e":[42.2,68,0],"to":[0,0,0],"ti":[0,0,0]},{"i":{"x":0.593,"y":0.423},"o":{"x":0.175,"y":0},"n":"0p593_0p423_0p175_0","t":109,"s":[42.2,68,0],"e":[218.841,68,0],"to":[0,0,0],"ti":[0,0,0]},{"i":{"x":0.703,"y":1},"o":{"x":0.234,"y":1},"n":"0p703_1_0p234_1","t":120,"s":[218.841,68,0],"e":[277.4,68,0],"to":[0,0,0],"ti":[0,0,0]},{"t":131.000005335739}],"ix":2},"a":{"a":0,"k":[0,0,0],"ix":1},"s":{"a":0,"k":[60,60,100],"ix":6}},"ao":0,"shapes":[{"ty":"gr","it":[{"ind":0,"ty":"sh","ix":1,"ks":{"a":0,"k":{"i":[[0,0],[0,0],[0.55,0],[0,0],[0,-0.55],[0,0],[-0.55,0],[0,0]],"o":[[0,0],[0,-0.55],[0,0],[-0.55,0],[0,0],[0,0.55],[0,0],[0,0]],"v":[[3,-4.71],[3,-11],[2,-12],[-10,-12],[-11,-11],[-11,11],[-10,12],[2.988,12]],"c":true},"ix":2},"nm":"Path 11","mn":"ADBE Vector Shape - Group","hd":false},{"ty":"mm","mm":1,"nm":"Merge Paths 1","mn":"ADBE Vector Filter - Merge","hd":false},{"ty":"fl","c":{"a":0,"k":[0.682834029198,0.793399989605,0.216923996806,1],"ix":4},"o":{"a":0,"k":100,"ix":5},"r":1,"nm":"Fill 1","mn":"ADBE Vector Graphic - Fill","hd":false},{"ty":"tr","p":{"a":0,"k":[0,0],"ix":2},"a":{"a":0,"k":[0,0],"ix":1},"s":{"a":0,"k":[500,500],"ix":3},"r":{"a":0,"k":0,"ix":6},"o":{"a":0,"k":100,"ix":7},"sk":{"a":0,"k":0,"ix":4},"sa":{"a":0,"k":0,"ix":5},"nm":"Transform"}],"nm":"Fill 21","np":3,"cix":2,"ix":1,"mn":"ADBE Vector Group","hd":false}],"ip":0,"op":141.000005743048,"st":0,"bm":0}],"markers":[]}