{"v":"5.3.4","fr":29.9700012207031,"ip":0,"op":141.000005743048,"w":136,"h":136,"nm":"8_House1","ddd":0,"assets":[],"layers":[{"ddd":0,"ind":2,"ty":4,"nm":"Stroke 9","parent":7,"sr":1,"ks":{"o":{"a":0,"k":100,"ix":11},"r":{"a":0,"k":0,"ix":10},"p":{"a":0,"k":[0,-31.037,0],"ix":2},"a":{"a":0,"k":[0,0,0],"ix":1},"s":{"a":0,"k":[100,100,100],"ix":6}},"ao":0,"shapes":[{"ty":"gr","it":[{"ind":0,"ty":"sh","ix":1,"ks":{"a":0,"k":{"i":[[0,0],[0,0],[0.39,-0.39],[0,0]],"o":[[0,0],[-0.39,-0.39],[0,0],[0,0]],"v":[[12,5.788],[0.71,-5.502],[-0.71,-5.502],[-12,5.788]],"c":false},"ix":2},"nm":"Path 1","mn":"ADBE Vector Shape - Group","hd":false},{"ty":"st","c":{"a":0,"k":[0.113609999418,0.112988002598,0.1074699983,1],"ix":3},"o":{"a":0,"k":100,"ix":4},"w":{"a":0,"k":1,"ix":5},"lc":2,"lj":2,"nm":"Stroke 1","mn":"ADBE Vector Graphic - Stroke","hd":false},{"ty":"tr","p":{"a":0,"k":[0,0],"ix":2},"a":{"a":0,"k":[0,0],"ix":1},"s":{"a":0,"k":[500,500],"ix":3},"r":{"a":0,"k":0,"ix":6},"o":{"a":0,"k":100,"ix":7},"sk":{"a":0,"k":0,"ix":4},"sa":{"a":0,"k":0,"ix":5},"nm":"Transform"}],"nm":"Stroke 9","np":2,"cix":2,"ix":1,"mn":"ADBE Vector Group","hd":false},{"ty":"tm","s":{"a":0,"k":100,"ix":1},"e":{"a":1,"k":[{"i":{"x":[0.27],"y":[1]},"o":{"x":[0.167],"y":[0.167]},"n":["0p27_1_0p167_0p167"],"t":0,"s":[100],"e":[0]},{"t":30.0000012219251}],"ix":2},"o":{"a":0,"k":0,"ix":3},"m":1,"ix":2,"nm":"Trim Paths 1","mn":"ADBE Vector Filter - Trim","hd":false}],"ip":0,"op":141.000005743048,"st":0,"bm":0},{"ddd":0,"ind":3,"ty":4,"nm":"Stroke 7","parent":7,"sr":1,"ks":{"o":{"a":0,"k":100,"ix":11},"r":{"a":0,"k":0,"ix":10},"p":{"a":0,"k":[0,23.962,0],"ix":2},"a":{"a":0,"k":[0,0,0],"ix":1},"s":{"a":0,"k":[100,100,100],"ix":6}},"ao":0,"shapes":[{"ty":"gr","it":[{"ind":0,"ty":"sh","ix":1,"ks":{"a":0,"k":{"i":[[0,0],[0,-0.01],[0.55,-0.01],[0,-0.01],[0,0.54],[0,0]],"o":[[0,0],[0,0.54],[0,-0.01],[-0.55,-0.01],[0,-0.01],[0,0]],"v":[[10,-7.208],[10,6.212],[9,7.212],[-9,7.212],[-10,6.212],[-10,-7.208]],"c":false},"ix":2},"nm":"Path 1","mn":"ADBE Vector Shape - Group","hd":false},{"ty":"st","c":{"a":0,"k":[0.113609999418,0.112988002598,0.1074699983,1],"ix":3},"o":{"a":0,"k":100,"ix":4},"w":{"a":0,"k":1,"ix":5},"lc":2,"lj":2,"nm":"Stroke 1","mn":"ADBE Vector Graphic - Stroke","hd":false},{"ty":"tr","p":{"a":0,"k":[0,0],"ix":2},"a":{"a":0,"k":[0,0],"ix":1},"s":{"a":0,"k":[500,500],"ix":3},"r":{"a":0,"k":0,"ix":6},"o":{"a":0,"k":100,"ix":7},"sk":{"a":0,"k":0,"ix":4},"sa":{"a":0,"k":0,"ix":5},"nm":"Transform"}],"nm":"Stroke 7","np":2,"cix":2,"ix":1,"mn":"ADBE Vector Group","hd":false}],"ip":0,"op":141.000005743048,"st":0,"bm":0},{"ddd":0,"ind":4,"ty":4,"nm":"Fill 5","parent":7,"sr":1,"ks":{"o":{"a":0,"k":100,"ix":11},"r":{"a":0,"k":0,"ix":10},"p":{"a":0,"k":[22.5,0,0],"ix":2},"a":{"a":0,"k":[0,0,0],"ix":1},"s":{"a":0,"k":[100,100,100],"ix":6}},"ao":0,"shapes":[{"ty":"gr","it":[{"ind":0,"ty":"sh","ix":1,"ks":{"a":0,"k":{"i":[[0,0],[0.39,-0.39],[0,0],[0,0],[0,0],[0.55,0],[0,0],[0,0.55],[0,0]],"o":[[-0.39,-0.39],[0,0],[0,0],[0,0],[0,0.55],[0,0],[0.55,0],[0,0],[0,0]],"v":[[-3.79,-11.71],[-5.21,-11.71],[-5.5,-11.42],[3.5,-2.42],[3.5,11],[2.5,12],[4.5,12],[5.5,11],[5.5,-2.42]],"c":true},"ix":2},"nm":"Path 1","mn":"ADBE Vector Shape - Group","hd":false},{"ty":"fl","c":{"a":0,"k":[0.851535975933,0.851311028004,0.850531995296,1],"ix":4},"o":{"a":0,"k":100,"ix":5},"r":1,"nm":"Fill 1","mn":"ADBE Vector Graphic - Fill","hd":false},{"ty":"tr","p":{"a":0,"k":[0,0],"ix":2},"a":{"a":0,"k":[0,0],"ix":1},"s":{"a":0,"k":[500,500],"ix":3},"r":{"a":0,"k":0,"ix":6},"o":{"a":0,"k":100,"ix":7},"sk":{"a":0,"k":0,"ix":4},"sa":{"a":0,"k":0,"ix":5},"nm":"Transform"}],"nm":"Fill 5","np":2,"cix":2,"ix":1,"mn":"ADBE Vector Group","hd":false}],"ip":0,"op":141.000005743048,"st":0,"bm":0},{"ddd":0,"ind":5,"ty":4,"nm":"Stroke 11","parent":6,"sr":1,"ks":{"o":{"a":0,"k":100,"ix":11},"r":{"a":0,"k":0,"ix":10},"p":{"a":0,"k":[0,0,0],"ix":2},"a":{"a":0,"k":[0,0,0],"ix":1},"s":{"a":0,"k":[100,100,100],"ix":6}},"ao":0,"shapes":[{"ty":"gr","it":[{"ind":0,"ty":"sh","ix":1,"ks":{"a":0,"k":{"i":[[0,0],[0,0],[0.28,0],[0,0],[0,-0.27],[0,0]],"o":[[0,0],[0,-0.27],[0,0],[-0.28,0],[0,0],[0,0]],"v":[[3,4],[3,-3.5],[2.5,-4],[-2.5,-4],[-3,-3.5],[-3,4]],"c":false},"ix":2},"nm":"Path 1","mn":"ADBE Vector Shape - Group","hd":false},{"ty":"st","c":{"a":0,"k":[0.113609999418,0.112988002598,0.1074699983,1],"ix":3},"o":{"a":0,"k":100,"ix":4},"w":{"a":0,"k":1,"ix":5},"lc":2,"lj":2,"nm":"Stroke 1","mn":"ADBE Vector Graphic - Stroke","hd":false},{"ty":"tr","p":{"a":0,"k":[0,0],"ix":2},"a":{"a":0,"k":[0,0],"ix":1},"s":{"a":0,"k":[500,500],"ix":3},"r":{"a":0,"k":0,"ix":6},"o":{"a":0,"k":100,"ix":7},"sk":{"a":0,"k":0,"ix":4},"sa":{"a":0,"k":0,"ix":5},"nm":"Transform"}],"nm":"Stroke 11","np":2,"cix":2,"ix":1,"mn":"ADBE Vector Group","hd":false}],"ip":0,"op":141.000005743048,"st":0,"bm":0},{"ddd":0,"ind":6,"ty":4,"nm":"Fill 3","parent":7,"sr":1,"ks":{"o":{"a":0,"k":100,"ix":11},"r":{"a":0,"k":0,"ix":10},"p":{"a":1,"k":[{"i":{"x":0.303,"y":0.95},"o":{"x":0.184,"y":0.066},"n":"0p303_0p95_0p184_0p066","t":0,"s":[0,188.999,0],"e":[0,23.358,0],"to":[0,-24.1093139648438,0],"ti":[0,28.2038173675537,0]},{"i":{"x":0.642,"y":1},"o":{"x":0.31,"y":0.33},"n":"0p642_1_0p31_0p33","t":12,"s":[0,23.358,0],"e":[0,39.999,0],"to":[0,-0.84698021411896,0],"ti":[0,0.72401946783066,0]},{"t":30.0000012219251}],"ix":2},"a":{"a":0,"k":[0,0,0],"ix":1},"s":{"a":0,"k":[100,100,100],"ix":6}},"ao":0,"shapes":[{"ty":"gr","it":[{"ind":0,"ty":"sh","ix":1,"ks":{"a":0,"k":{"i":[[0,0],[0,0],[0.28,0],[0,0],[0,-0.27],[0,0]],"o":[[0,0],[0,-0.27],[0,0],[-0.28,0],[0,0],[0,0]],"v":[[3,4],[3,-3.5],[2.5,-4],[-2.5,-4],[-3,-3.5],[-3,4]],"c":true},"ix":2},"nm":"Path 1","mn":"ADBE Vector Shape - Group","hd":false},{"ty":"fl","c":{"a":0,"k":[0.858516991138,0.391748011112,0.075138002634,1],"ix":4},"o":{"a":0,"k":100,"ix":5},"r":1,"nm":"Fill 1","mn":"ADBE Vector Graphic - Fill","hd":false},{"ty":"tr","p":{"a":0,"k":[0,0],"ix":2},"a":{"a":0,"k":[0,0],"ix":1},"s":{"a":0,"k":[500,500],"ix":3},"r":{"a":0,"k":0,"ix":6},"o":{"a":0,"k":100,"ix":7},"sk":{"a":0,"k":0,"ix":4},"sa":{"a":0,"k":0,"ix":5},"nm":"Transform"}],"nm":"Fill 3","np":2,"cix":2,"ix":1,"mn":"ADBE Vector Group","hd":false}],"ip":0,"op":141.000005743048,"st":0,"bm":0},{"ddd":0,"ind":7,"ty":4,"nm":"Fill 1","sr":1,"ks":{"o":{"a":0,"k":100,"ix":11},"r":{"a":0,"k":0,"ix":10},"p":{"a":1,"k":[{"i":{"x":0.303,"y":0.944},"o":{"x":0.184,"y":0.075},"n":"0p303_0p944_0p184_0p075","t":0,"s":[68,220.999,0],"e":[68,53.624,0],"to":[0,-24.7554664611816,0],"ti":[0,28.965612411499,0]},{"i":{"x":0.648,"y":0.754},"o":{"x":0.315,"y":0.384},"n":"0p648_0p754_0p315_0p384","t":8,"s":[68,53.624,0],"e":[68,71.632,0],"to":[0,-0.70501446723938,0],"ti":[0,-3.57430481910706,0]},{"i":{"x":0.661,"y":1},"o":{"x":0.328,"y":0.745},"n":"0p661_1_0p328_0p745","t":21,"s":[68,71.632,0],"e":[68,67.999,0],"to":[0,0.84230589866638,0],"ti":[0,0,0]},{"i":{"x":0.661,"y":0.661},"o":{"x":0.167,"y":0.167},"n":"0p661_0p661_0p167_0p167","t":30,"s":[68,67.999,0],"e":[68,67.999,0],"to":[0,0,0],"ti":[0,0,0]},{"i":{"x":0.613,"y":0.544},"o":{"x":0.17,"y":0},"n":"0p613_0p544_0p17_0","t":90,"s":[68,67.999,0],"e":[68,87.773,0],"to":[0,0,0],"ti":[0,0,0]},{"i":{"x":0.688,"y":1},"o":{"x":0.169,"y":1},"n":"0p688_1_0p169_1","t":99,"s":[68,87.773,0],"e":[68,90.399,0],"to":[0,0,0],"ti":[0,0,0]},{"i":{"x":0.595,"y":0.572},"o":{"x":0.174,"y":0},"n":"0p595_0p572_0p174_0","t":105,"s":[68,90.399,0],"e":[68,-145.58,0],"to":[0,0,0],"ti":[0,0,0]},{"i":{"x":0.712,"y":1},"o":{"x":0.226,"y":1},"n":"0p712_1_0p226_1","t":115,"s":[68,-145.58,0],"e":[68,-230.201,0],"to":[0,0,0],"ti":[0,0,0]},{"t":130.000005295009}],"ix":2},"a":{"a":0,"k":[0,0,0],"ix":1},"s":{"a":0,"k":[60,60,100],"ix":6}},"ao":0,"shapes":[{"ty":"gr","it":[{"ind":0,"ty":"sh","ix":1,"ks":{"a":0,"k":{"i":[[0,0],[0.39,-0.39],[0,0],[0,0],[-0.55,0],[0,0],[0,0],[0,0],[0,0.55],[0,0]],"o":[[-0.39,-0.39],[0,0],[0,0],[0,0.55],[0,0],[0,0],[0,0],[0.55,0],[0,0],[0,0]],"v":[[0.71,-11.71],[-0.71,-11.71],[-10,-2.42],[-10,11],[-9,12],[-3,12],[3,12],[9,12],[10,11],[10,-2.42]],"c":true},"ix":2},"nm":"Path 1","mn":"ADBE Vector Shape - Group","hd":false},{"ty":"fl","c":{"a":0,"k":[0.995509028435,0.995630025864,0.995441973209,1],"ix":4},"o":{"a":0,"k":100,"ix":5},"r":1,"nm":"Fill 1","mn":"ADBE Vector Graphic - Fill","hd":false},{"ty":"tr","p":{"a":0,"k":[0,0],"ix":2},"a":{"a":0,"k":[0,0],"ix":1},"s":{"a":0,"k":[500,500],"ix":3},"r":{"a":0,"k":0,"ix":6},"o":{"a":0,"k":100,"ix":7},"sk":{"a":0,"k":0,"ix":4},"sa":{"a":0,"k":0,"ix":5},"nm":"Transform"}],"nm":"Fill 1","np":2,"cix":2,"ix":1,"mn":"ADBE Vector Group","hd":false}],"ip":0,"op":141.000005743048,"st":0,"bm":0}],"markers":[]}