{"v":"5.3.4","fr":29.9700012207031,"ip":0,"op":90.0000036657751,"w":136,"h":136,"nm":"6_Chrystler_building","ddd":0,"assets":[{"id":"comp_0","layers":[{"ddd":0,"ind":1,"ty":4,"nm":"Path","sr":1,"ks":{"o":{"a":0,"k":100,"ix":11},"r":{"a":0,"k":0,"ix":10},"p":{"a":0,"k":[68,95,0],"ix":2},"a":{"a":0,"k":[0,0,0],"ix":1},"s":{"a":0,"k":[100,100,100],"ix":6}},"ao":0,"shapes":[{"ty":"gr","it":[{"ind":0,"ty":"sh","ix":1,"ks":{"a":0,"k":{"i":[[0,0],[0,0],[0,-0.55],[0,0],[-0.55,0],[0,0],[0,0.55],[0,0],[0.55,0],[0,0]],"o":[[0,0],[-0.55,0],[0,0],[0,0.55],[0,0],[0.55,0],[0,0],[0,-0.55],[0,0],[0,0]],"v":[[-5,-3],[-6.5,-3],[-7.5,-2],[-7.5,2],[-6.5,3],[6.5,3],[7.5,2],[7.5,-2],[6.5,-3],[5,-3]],"c":false},"ix":2},"nm":"Path 1","mn":"ADBE Vector Shape - Group","hd":false},{"ty":"st","c":{"a":0,"k":[0,0,0,1],"ix":3},"o":{"a":0,"k":100,"ix":4},"w":{"a":0,"k":1,"ix":5},"lc":2,"lj":2,"nm":"Stroke 1","mn":"ADBE Vector Graphic - Stroke","hd":false},{"ty":"tr","p":{"a":0,"k":[0,0],"ix":2},"a":{"a":0,"k":[0,0],"ix":1},"s":{"a":0,"k":[300,300],"ix":3},"r":{"a":0,"k":0,"ix":6},"o":{"a":0,"k":100,"ix":7},"sk":{"a":0,"k":0,"ix":4},"sa":{"a":0,"k":0,"ix":5},"nm":"Transform"}],"nm":"Path","np":2,"cix":2,"ix":1,"mn":"ADBE Vector Group","hd":false}],"ip":0,"op":90.0000036657751,"st":0,"bm":0},{"ddd":0,"ind":2,"ty":4,"nm":"Path","sr":1,"ks":{"o":{"a":0,"k":100,"ix":11},"r":{"a":0,"k":0,"ix":10},"p":{"a":0,"k":[68,98,0],"ix":2},"a":{"a":0,"k":[0,0,0],"ix":1},"s":{"a":0,"k":[100,100,100],"ix":6}},"ao":0,"shapes":[{"ty":"gr","it":[{"ind":0,"ty":"sh","ix":1,"ks":{"a":0,"k":{"i":[[0,0],[0,0]],"o":[[0,0],[0,0]],"v":[[-0.5,0],[0.5,0]],"c":false},"ix":2},"nm":"Path 1","mn":"ADBE Vector Shape - Group","hd":false},{"ty":"st","c":{"a":0,"k":[0,0,0,1],"ix":3},"o":{"a":0,"k":100,"ix":4},"w":{"a":0,"k":1,"ix":5},"lc":2,"lj":2,"nm":"Stroke 1","mn":"ADBE Vector Graphic - Stroke","hd":false},{"ty":"tr","p":{"a":0,"k":[0,0],"ix":2},"a":{"a":0,"k":[0,0],"ix":1},"s":{"a":0,"k":[300,300],"ix":3},"r":{"a":0,"k":0,"ix":6},"o":{"a":0,"k":100,"ix":7},"sk":{"a":0,"k":0,"ix":4},"sa":{"a":0,"k":0,"ix":5},"nm":"Transform"}],"nm":"Path","np":2,"cix":2,"ix":1,"mn":"ADBE Vector Group","hd":false}],"ip":0,"op":90.0000036657751,"st":0,"bm":0},{"ddd":0,"ind":3,"ty":4,"nm":"Path","sr":1,"ks":{"o":{"a":0,"k":100,"ix":11},"r":{"a":0,"k":0,"ix":10},"p":{"a":0,"k":[68,92,0],"ix":2},"a":{"a":0,"k":[0,0,0],"ix":1},"s":{"a":0,"k":[100,100,100],"ix":6}},"ao":0,"shapes":[{"ty":"gr","it":[{"ind":0,"ty":"sh","ix":1,"ks":{"a":0,"k":{"i":[[0,0],[0,0]],"o":[[0,0],[0,0]],"v":[[-0.5,0],[0.5,0]],"c":false},"ix":2},"nm":"Path 1","mn":"ADBE Vector Shape - Group","hd":false},{"ty":"st","c":{"a":0,"k":[0,0,0,1],"ix":3},"o":{"a":0,"k":100,"ix":4},"w":{"a":0,"k":1,"ix":5},"lc":2,"lj":2,"nm":"Stroke 1","mn":"ADBE Vector Graphic - Stroke","hd":false},{"ty":"tr","p":{"a":0,"k":[0,0],"ix":2},"a":{"a":0,"k":[0,0],"ix":1},"s":{"a":0,"k":[300,300],"ix":3},"r":{"a":0,"k":0,"ix":6},"o":{"a":0,"k":100,"ix":7},"sk":{"a":0,"k":0,"ix":4},"sa":{"a":0,"k":0,"ix":5},"nm":"Transform"}],"nm":"Path","np":2,"cix":2,"ix":1,"mn":"ADBE Vector Group","hd":false}],"ip":0,"op":90.0000036657751,"st":0,"bm":0},{"ddd":0,"ind":4,"ty":4,"nm":"Path","sr":1,"ks":{"o":{"a":0,"k":100,"ix":11},"r":{"a":0,"k":0,"ix":10},"p":{"a":0,"k":[68,86,0],"ix":2},"a":{"a":0,"k":[0,0,0],"ix":1},"s":{"a":0,"k":[100,100,100],"ix":6}},"ao":0,"shapes":[{"ty":"gr","it":[{"ind":0,"ty":"sh","ix":1,"ks":{"a":0,"k":{"i":[[0,0],[0,0]],"o":[[0,0],[0,0]],"v":[[-0.5,0],[0.5,0]],"c":false},"ix":2},"nm":"Path 1","mn":"ADBE Vector Shape - Group","hd":false},{"ty":"st","c":{"a":0,"k":[0,0,0,1],"ix":3},"o":{"a":0,"k":100,"ix":4},"w":{"a":0,"k":1,"ix":5},"lc":2,"lj":2,"nm":"Stroke 1","mn":"ADBE Vector Graphic - Stroke","hd":false},{"ty":"tr","p":{"a":0,"k":[0,0],"ix":2},"a":{"a":0,"k":[0,0],"ix":1},"s":{"a":0,"k":[300,300],"ix":3},"r":{"a":0,"k":0,"ix":6},"o":{"a":0,"k":100,"ix":7},"sk":{"a":0,"k":0,"ix":4},"sa":{"a":0,"k":0,"ix":5},"nm":"Transform"}],"nm":"Path","np":2,"cix":2,"ix":1,"mn":"ADBE Vector Group","hd":false}],"ip":0,"op":90.0000036657751,"st":0,"bm":0},{"ddd":0,"ind":5,"ty":4,"nm":"Path","sr":1,"ks":{"o":{"a":0,"k":100,"ix":11},"r":{"a":0,"k":0,"ix":10},"p":{"a":0,"k":[68,86,0],"ix":2},"a":{"a":0,"k":[0,0,0],"ix":1},"s":{"a":0,"k":[100,100,100],"ix":6}},"ao":0,"shapes":[{"ty":"gr","it":[{"ind":0,"ty":"sh","ix":1,"ks":{"a":0,"k":{"i":[[0,0],[0,0],[2.76,0],[0,-2.76],[0,0]],"o":[[0,0],[0,-2.76],[-2.76,0],[0,0],[0,0]],"v":[[5,6],[5,-1],[0,-6],[-5,-1],[-5,6]],"c":false},"ix":2},"nm":"Path 1","mn":"ADBE Vector Shape - Group","hd":false},{"ty":"st","c":{"a":0,"k":[0,0,0,1],"ix":3},"o":{"a":0,"k":100,"ix":4},"w":{"a":0,"k":1,"ix":5},"lc":2,"lj":2,"nm":"Stroke 1","mn":"ADBE Vector Graphic - Stroke","hd":false},{"ty":"tr","p":{"a":0,"k":[0,0],"ix":2},"a":{"a":0,"k":[0,0],"ix":1},"s":{"a":0,"k":[300,300],"ix":3},"r":{"a":0,"k":0,"ix":6},"o":{"a":0,"k":100,"ix":7},"sk":{"a":0,"k":0,"ix":4},"sa":{"a":0,"k":0,"ix":5},"nm":"Transform"}],"nm":"Path","np":2,"cix":2,"ix":1,"mn":"ADBE Vector Group","hd":false}],"ip":0,"op":90.0000036657751,"st":0,"bm":0},{"ddd":0,"ind":6,"ty":4,"nm":"Path","sr":1,"ks":{"o":{"a":0,"k":100,"ix":11},"r":{"a":0,"k":0,"ix":10},"p":{"a":0,"k":[68,90.5,0],"ix":2},"a":{"a":0,"k":[0,0,0],"ix":1},"s":{"a":0,"k":[100,100,100],"ix":6}},"ao":0,"shapes":[{"ty":"gr","it":[{"ind":0,"ty":"sh","ix":1,"ks":{"a":0,"k":{"i":[[0,0],[0,0],[1.1,0],[0,-1.1],[0,0]],"o":[[0,0],[0,-1.1],[-1.1,0],[0,0],[0,0]],"v":[[2,4.5],[2,-2.5],[0,-4.5],[-2,-2.5],[-2,4.5]],"c":false},"ix":2},"nm":"Path 1","mn":"ADBE Vector Shape - Group","hd":false},{"ty":"st","c":{"a":0,"k":[0,0,0,1],"ix":3},"o":{"a":0,"k":100,"ix":4},"w":{"a":0,"k":1,"ix":5},"lc":2,"lj":2,"nm":"Stroke 1","mn":"ADBE Vector Graphic - Stroke","hd":false},{"ty":"tr","p":{"a":0,"k":[0,0],"ix":2},"a":{"a":0,"k":[0,0],"ix":1},"s":{"a":0,"k":[300,300],"ix":3},"r":{"a":0,"k":0,"ix":6},"o":{"a":0,"k":100,"ix":7},"sk":{"a":0,"k":0,"ix":4},"sa":{"a":0,"k":0,"ix":5},"nm":"Transform"}],"nm":"Path","np":2,"cix":2,"ix":1,"mn":"ADBE Vector Group","hd":false}],"ip":0,"op":90.0000036657751,"st":0,"bm":0},{"ddd":0,"ind":7,"ty":4,"nm":"Path","sr":1,"ks":{"o":{"a":0,"k":100,"ix":11},"r":{"a":0,"k":0,"ix":10},"p":{"a":0,"k":[68,53.21,0],"ix":2},"a":{"a":0,"k":[0,0,0],"ix":1},"s":{"a":0,"k":[100,100,100],"ix":6}},"ao":0,"shapes":[{"ty":"gr","it":[{"ind":0,"ty":"sh","ix":1,"ks":{"a":0,"k":{"i":[[0,0],[0,0],[0.54,0],[0.51,0],[0,0],[0,-0.55],[0,0]],"o":[[0,0],[0,-0.55],[0,0],[-0.51,0],[-0.55,0],[0,0],[0,0]],"v":[[1.5,2.07],[1.5,-1.07],[0.51,-2.07],[0,-2.07],[-0.51,-2.07],[-1.5,-1.07],[-1.5,2.07]],"c":false},"ix":2},"nm":"Path 1","mn":"ADBE Vector Shape - Group","hd":false},{"ty":"st","c":{"a":0,"k":[0,0,0,1],"ix":3},"o":{"a":0,"k":100,"ix":4},"w":{"a":0,"k":1,"ix":5},"lc":2,"lj":2,"nm":"Stroke 1","mn":"ADBE Vector Graphic - Stroke","hd":false},{"ty":"tr","p":{"a":0,"k":[0,0],"ix":2},"a":{"a":0,"k":[0,0],"ix":1},"s":{"a":0,"k":[300,300],"ix":3},"r":{"a":0,"k":0,"ix":6},"o":{"a":0,"k":100,"ix":7},"sk":{"a":0,"k":0,"ix":4},"sa":{"a":0,"k":0,"ix":5},"nm":"Transform"}],"nm":"Path","np":2,"cix":2,"ix":1,"mn":"ADBE Vector Group","hd":false}],"ip":0,"op":90.0000036657751,"st":0,"bm":0},{"ddd":0,"ind":8,"ty":4,"nm":"Path","sr":1,"ks":{"o":{"a":0,"k":100,"ix":11},"r":{"a":0,"k":0,"ix":10},"p":{"a":0,"k":[68,65,0],"ix":2},"a":{"a":0,"k":[0,0,0],"ix":1},"s":{"a":0,"k":[100,100,100],"ix":6}},"ao":0,"shapes":[{"ty":"gr","it":[{"ind":0,"ty":"sh","ix":1,"ks":{"a":0,"k":{"i":[[0,0],[0,0],[-1.06,0],[-0.93,-0.37],[0,0]],"o":[[0,0],[0.93,-0.38],[1.06,0],[0,0],[0,0]],"v":[[-3,2],[-3,-1.42],[0,-2],[3,-1.42],[3,2]],"c":false},"ix":2},"nm":"Path 1","mn":"ADBE Vector Shape - Group","hd":false},{"ty":"st","c":{"a":0,"k":[0,0,0,1],"ix":3},"o":{"a":0,"k":100,"ix":4},"w":{"a":0,"k":1,"ix":5},"lc":2,"lj":2,"nm":"Stroke 1","mn":"ADBE Vector Graphic - Stroke","hd":false},{"ty":"tr","p":{"a":0,"k":[0,0],"ix":2},"a":{"a":0,"k":[0,0],"ix":1},"s":{"a":0,"k":[300,300],"ix":3},"r":{"a":0,"k":0,"ix":6},"o":{"a":0,"k":100,"ix":7},"sk":{"a":0,"k":0,"ix":4},"sa":{"a":0,"k":0,"ix":5},"nm":"Transform"}],"nm":"Path","np":2,"cix":2,"ix":1,"mn":"ADBE Vector Group","hd":false}],"ip":0,"op":90.0000036657751,"st":0,"bm":0},{"ddd":0,"ind":9,"ty":4,"nm":"Path","sr":1,"ks":{"o":{"a":0,"k":100,"ix":11},"r":{"a":0,"k":0,"ix":10},"p":{"a":0,"k":[68,39.5,0],"ix":2},"a":{"a":0,"k":[0,0,0],"ix":1},"s":{"a":0,"k":[100,100,100],"ix":6}},"ao":0,"shapes":[{"ty":"gr","it":[{"ind":0,"ty":"sh","ix":1,"ks":{"a":0,"k":{"i":[[0,0],[0,0]],"o":[[0,0],[0,0]],"v":[[0,-2.5],[0,2.5]],"c":false},"ix":2},"nm":"Path 1","mn":"ADBE Vector Shape - Group","hd":false},{"ty":"st","c":{"a":0,"k":[0,0,0,1],"ix":3},"o":{"a":0,"k":100,"ix":4},"w":{"a":0,"k":1,"ix":5},"lc":2,"lj":2,"nm":"Stroke 1","mn":"ADBE Vector Graphic - Stroke","hd":false},{"ty":"tr","p":{"a":0,"k":[0,0],"ix":2},"a":{"a":0,"k":[0,0],"ix":1},"s":{"a":0,"k":[300,300],"ix":3},"r":{"a":0,"k":0,"ix":6},"o":{"a":0,"k":100,"ix":7},"sk":{"a":0,"k":0,"ix":4},"sa":{"a":0,"k":0,"ix":5},"nm":"Transform"}],"nm":"Path","np":2,"cix":2,"ix":1,"mn":"ADBE Vector Group","hd":false}],"ip":0,"op":90.0000036657751,"st":0,"bm":0},{"ddd":0,"ind":10,"ty":4,"nm":"Path","sr":1,"ks":{"o":{"a":0,"k":100,"ix":11},"r":{"a":0,"k":0,"ix":10},"p":{"a":0,"k":[49.25,95,0],"ix":2},"a":{"a":0,"k":[0,0,0],"ix":1},"s":{"a":0,"k":[100,100,100],"ix":6}},"ao":0,"shapes":[{"ty":"gr","it":[{"ind":0,"ty":"sh","ix":1,"ks":{"a":0,"k":{"i":[[-0.55,0],[0,0],[0,-0.55],[0,0],[-0.55,0],[0,0],[0,0.55],[0,0]],"o":[[0,0],[-0.55,0],[0,0],[0,0.55],[0,0],[-0.55,0],[0,0],[0,-0.55]],"v":[[-0.25,-3],[1.25,-3],[0.25,-2],[0.25,2],[1.25,3],[-0.25,3],[-1.25,2],[-1.25,-2]],"c":true},"ix":2},"nm":"Path 1","mn":"ADBE Vector Shape - Group","hd":false},{"ty":"fl","c":{"a":0,"k":[0.929412007332,0.929412007332,0.929412007332,1],"ix":4},"o":{"a":0,"k":100,"ix":5},"r":1,"nm":"Fill 1","mn":"ADBE Vector Graphic - Fill","hd":false},{"ty":"tr","p":{"a":0,"k":[0,0],"ix":2},"a":{"a":0,"k":[0,0],"ix":1},"s":{"a":0,"k":[300,300],"ix":3},"r":{"a":0,"k":0,"ix":6},"o":{"a":0,"k":100,"ix":7},"sk":{"a":0,"k":0,"ix":4},"sa":{"a":0,"k":0,"ix":5},"nm":"Transform"}],"nm":"Path","np":2,"cix":2,"ix":1,"mn":"ADBE Vector Group","hd":false}],"ip":0,"op":90.0000036657751,"st":0,"bm":0},{"ddd":0,"ind":11,"ty":4,"nm":"Path","sr":1,"ks":{"o":{"a":0,"k":100,"ix":11},"r":{"a":0,"k":0,"ix":10},"p":{"a":0,"k":[61.625,75.485,0],"ix":2},"a":{"a":0,"k":[0,0,0],"ix":1},"s":{"a":0,"k":[100,100,100],"ix":6}},"ao":0,"shapes":[{"ty":"gr","it":[{"ind":0,"ty":"sh","ix":1,"ks":{"a":0,"k":{"i":[[-1.22,0.91],[0,0],[0,0],[-0.52,0.1],[0,0],[0,0],[-0.54,0],[-0.51,0],[0,0],[-0.08,-0.02],[0,-0.46],[0,0],[0,0],[0.48,-0.19],[0,0],[0,0],[0,-1.64],[0,0],[0,0],[0,0]],"o":[[0,0],[0,0],[0.48,-0.19],[0,0],[0,0],[0,-0.55],[0,0],[0.51,0],[0.09,0],[-0.42,0.11],[0,0],[0,0],[-0.52,0.1],[0,0],[0,0],[-1.22,0.91],[0,0],[0,0],[0,0],[0,-1.63]],"v":[[-0.855,-1.485],[-0.875,-1.485],[-0.875,-4.905],[0.625,-5.345],[0.625,-5.345],[0.625,-8.495],[1.615,-9.495],[2.125,-9.495],[2.635,-9.495],[2.875,-9.445],[2.125,-8.495],[2.125,-5.355],[2.125,-5.355],[0.625,-4.915],[0.625,-1.495],[0.645,-1.495],[-1.375,2.495],[-1.375,9.495],[-2.875,9.495],[-2.875,2.495]],"c":true},"ix":2},"nm":"Path 1","mn":"ADBE Vector Shape - Group","hd":false},{"ty":"fl","c":{"a":0,"k":[0.929412007332,0.929412007332,0.929412007332,1],"ix":4},"o":{"a":0,"k":100,"ix":5},"r":1,"nm":"Fill 1","mn":"ADBE Vector Graphic - Fill","hd":false},{"ty":"tr","p":{"a":0,"k":[0,0],"ix":2},"a":{"a":0,"k":[0,0],"ix":1},"s":{"a":0,"k":[300,300],"ix":3},"r":{"a":0,"k":0,"ix":6},"o":{"a":0,"k":100,"ix":7},"sk":{"a":0,"k":0,"ix":4},"sa":{"a":0,"k":0,"ix":5},"nm":"Transform"}],"nm":"Path","np":2,"cix":2,"ix":1,"mn":"ADBE Vector Group","hd":false}],"ip":0,"op":90.0000036657751,"st":0,"bm":0},{"ddd":0,"ind":12,"ty":4,"nm":"Path","sr":1,"ks":{"o":{"a":0,"k":100,"ix":11},"r":{"a":0,"k":0,"ix":10},"p":{"a":0,"k":[86.75,95,0],"ix":2},"a":{"a":0,"k":[0,0,0],"ix":1},"s":{"a":0,"k":[100,100,100],"ix":6}},"ao":0,"shapes":[{"ty":"gr","it":[{"ind":0,"ty":"sh","ix":1,"ks":{"a":0,"k":{"i":[[0.55,0],[0,0],[0,-0.55],[0,0],[0.55,0],[0,0],[0,0.55],[0,0]],"o":[[0,0],[0.55,0],[0,0],[0,0.55],[0,0],[0.55,0],[0,0],[0,-0.55]],"v":[[0.25,-3],[-1.25,-3],[-0.25,-2],[-0.25,2],[-1.25,3],[0.25,3],[1.25,2],[1.25,-2]],"c":true},"ix":2},"nm":"Path 1","mn":"ADBE Vector Shape - Group","hd":false},{"ty":"fl","c":{"a":0,"k":[0.615685999393,0.615685999393,0.611765027046,1],"ix":4},"o":{"a":0,"k":100,"ix":5},"r":1,"nm":"Fill 1","mn":"ADBE Vector Graphic - Fill","hd":false},{"ty":"tr","p":{"a":0,"k":[0,0],"ix":2},"a":{"a":0,"k":[0,0],"ix":1},"s":{"a":0,"k":[300,300],"ix":3},"r":{"a":0,"k":0,"ix":6},"o":{"a":0,"k":100,"ix":7},"sk":{"a":0,"k":0,"ix":4},"sa":{"a":0,"k":0,"ix":5},"nm":"Transform"}],"nm":"Path","np":2,"cix":2,"ix":1,"mn":"ADBE Vector Group","hd":false}],"ip":0,"op":90.0000036657751,"st":0,"bm":0},{"ddd":0,"ind":13,"ty":4,"nm":"Path","sr":1,"ks":{"o":{"a":0,"k":100,"ix":11},"r":{"a":0,"k":0,"ix":10},"p":{"a":0,"k":[74.375,75.485,0],"ix":2},"a":{"a":0,"k":[0,0,0],"ix":1},"s":{"a":0,"k":[100,100,100],"ix":6}},"ao":0,"shapes":[{"ty":"gr","it":[{"ind":0,"ty":"sh","ix":1,"ks":{"a":0,"k":{"i":[[1.22,0.91],[0,0],[0,0],[0.52,0.1],[0,0],[0,0],[0.54,0],[0.51,0],[0,0],[0.08,-0.02],[0,-0.46],[0,0],[0,0],[-0.48,-0.19],[0,0],[0,0],[0,-1.64],[0,0],[0,0],[0,0]],"o":[[0,0],[0,0],[-0.48,-0.19],[0,0],[0,0],[0,-0.55],[0,0],[-0.51,0],[-0.09,0],[0.43,0.11],[0,0],[0,0],[0.52,0.1],[0,0],[0,0],[1.22,0.91],[0,0],[0,0],[0,0],[0,-1.63]],"v":[[0.855,-1.485],[0.875,-1.485],[0.875,-4.905],[-0.625,-5.345],[-0.625,-5.345],[-0.625,-8.495],[-1.615,-9.495],[-2.125,-9.495],[-2.635,-9.495],[-2.875,-9.445],[-2.125,-8.495],[-2.125,-5.355],[-2.125,-5.355],[-0.625,-4.915],[-0.625,-1.495],[-0.645,-1.495],[1.375,2.495],[1.375,9.495],[2.875,9.495],[2.875,2.495]],"c":true},"ix":2},"nm":"Path 1","mn":"ADBE Vector Shape - Group","hd":false},{"ty":"fl","c":{"a":0,"k":[0.615685999393,0.615685999393,0.611765027046,1],"ix":4},"o":{"a":0,"k":100,"ix":5},"r":1,"nm":"Fill 1","mn":"ADBE Vector Graphic - Fill","hd":false},{"ty":"tr","p":{"a":0,"k":[0,0],"ix":2},"a":{"a":0,"k":[0,0],"ix":1},"s":{"a":0,"k":[300,300],"ix":3},"r":{"a":0,"k":0,"ix":6},"o":{"a":0,"k":100,"ix":7},"sk":{"a":0,"k":0,"ix":4},"sa":{"a":0,"k":0,"ix":5},"nm":"Transform"}],"nm":"Path","np":2,"cix":2,"ix":1,"mn":"ADBE Vector Group","hd":false}],"ip":0,"op":90.0000036657751,"st":0,"bm":0},{"ddd":0,"ind":14,"ty":4,"nm":"Path","sr":1,"ks":{"o":{"a":0,"k":100,"ix":11},"r":{"a":0,"k":0,"ix":10},"p":{"a":0,"k":[68,75.5,0],"ix":2},"a":{"a":0,"k":[0,0,0],"ix":1},"s":{"a":0,"k":[100,100,100],"ix":6}},"ao":0,"shapes":[{"ty":"gr","it":[{"ind":0,"ty":"sh","ix":1,"ks":{"a":0,"k":{"i":[[0.55,0],[0,0],[0,0],[1.22,0.91],[0,0],[0,0],[0.52,0.1],[0,0],[0,0],[0.54,0],[0.51,0],[0,0],[0,-0.55],[0,0],[0,0],[0.48,-0.19],[0,0],[0,0],[0,-1.65],[0,0],[0,0],[0,-0.55],[0,0],[-0.55,0],[0,0],[0,0.55],[0,0]],"o":[[0,0],[0,0],[0,-1.64],[0,0],[0,0],[-0.48,-0.19],[0,0],[0,0],[0,-0.55],[0,0],[-0.51,0],[-0.55,0],[0,0],[0,0],[-0.52,0.1],[0,0],[0,0],[-1.22,0.91],[0,0],[0,0],[-0.55,0],[0,0],[0,0.55],[0,0],[0.55,0],[0,0],[0,-0.55]],"v":[[6.5,3.5],[5,3.5],[5,2.5],[2.98,-1.49],[3,-1.49],[3,-4.91],[1.5,-5.35],[1.5,-5.35],[1.5,-8.5],[0.51,-9.5],[0,-9.5],[-0.51,-9.5],[-1.5,-8.5],[-1.5,-5.36],[-1.5,-5.36],[-3,-4.92],[-3,-1.5],[-2.98,-1.5],[-5,2.5],[-5,3.5],[-6.5,3.5],[-7.5,4.5],[-7.5,8.5],[-6.5,9.5],[6.5,9.5],[7.5,8.5],[7.5,4.5]],"c":true},"ix":2},"nm":"Path 1","mn":"ADBE Vector Shape - Group","hd":false},{"ty":"fl","c":{"a":0,"k":[0.776471018791,0.776471018791,0.776471018791,1],"ix":4},"o":{"a":0,"k":100,"ix":5},"r":1,"nm":"Fill 1","mn":"ADBE Vector Graphic - Fill","hd":false},{"ty":"tr","p":{"a":0,"k":[0,0],"ix":2},"a":{"a":0,"k":[0,0],"ix":1},"s":{"a":0,"k":[300,300],"ix":3},"r":{"a":0,"k":0,"ix":6},"o":{"a":0,"k":100,"ix":7},"sk":{"a":0,"k":0,"ix":4},"sa":{"a":0,"k":0,"ix":5},"nm":"Transform"}],"nm":"Path","np":2,"cix":2,"ix":1,"mn":"ADBE Vector Group","hd":false}],"ip":0,"op":90.0000036657751,"st":0,"bm":0}]}],"layers":[{"ddd":0,"ind":1,"ty":3,"nm":"Null 1","sr":1,"ks":{"o":{"a":0,"k":0,"ix":11},"r":{"a":0,"k":0,"ix":10},"p":{"a":1,"k":[{"i":{"x":0.361,"y":0.961},"o":{"x":0.182,"y":0.047},"n":"0p361_0p961_0p182_0p047","t":0,"s":[68,-169,0],"e":[68,79.407,0],"to":[0,31.0771083831787,0],"ti":[0,-37.1790924072266,0]},{"i":{"x":0.649,"y":0.86},"o":{"x":0.316,"y":0.323},"n":"0p649_0p86_0p316_0p323","t":10,"s":[68,79.407,0],"e":[68,60.425,0],"to":[0,1.0500146150589,0],"ti":[0,4.38761138916016,0]},{"i":{"x":0.661,"y":1},"o":{"x":0.328,"y":0.322},"n":"0p661_1_0p328_0p322","t":23,"s":[68,60.425,0],"e":[68,68,0],"to":[0,-1.05919408798218,0],"ti":[0,-0.21187733113766,0]},{"t":36.0000014663101}],"ix":2},"a":{"a":0,"k":[0,0,0],"ix":1},"s":{"a":1,"k":[{"i":{"x":[0.614,0.614,0.614],"y":[1,1,1]},"o":{"x":[0.202,0.202,0.202],"y":[0.168,0.168,8.418]},"n":["0p614_1_0p202_0p168","0p614_1_0p202_0p168","0p614_1_0p202_8p418"],"t":0,"s":[50,50,100],"e":[100,100,100]},{"t":25.0000010182709}],"ix":6}},"ao":0,"ip":0,"op":90.0000036657751,"st":0,"bm":0},{"ddd":0,"ind":2,"ty":0,"nm":"6_Landmark","parent":1,"refId":"comp_0","sr":1,"ks":{"o":{"a":1,"k":[{"i":{"x":[0.3],"y":[1]},"o":{"x":[0.167],"y":[0]},"n":["0p3_1_0p167_0"],"t":0,"s":[0],"e":[100]},{"t":10.0000004073083}],"ix":11},"r":{"a":0,"k":0,"ix":10},"p":{"a":1,"k":[{"i":{"x":0.323,"y":0.954},"o":{"x":0.183,"y":0.06},"n":"0p323_0p954_0p183_0p06","t":0,"s":[-1.375,147.688,0],"e":[-1.375,18.79,0],"to":[0,-20.3569641113281,0],"ti":[0,23.9825134277344,0]},{"i":{"x":0.734,"y":1},"o":{"x":0.176,"y":1},"n":"0p734_1_0p176_1","t":10,"s":[-1.375,18.79,0],"e":[-1.375,21.688,0],"to":[0,-0.75755941867828,0],"ti":[0,0.13686119019985,0]},{"t":30.0000012219251}],"ix":2},"a":{"a":0,"k":[66.625,89.688,0],"ix":1},"s":{"a":1,"k":[{"i":{"x":[0.387,0.387,0.387],"y":[0.924,0.924,1]},"o":{"x":[0.185,0.185,0.185],"y":[0.076,0.076,0]},"n":["0p387_0p924_0p185_0p076","0p387_0p924_0p185_0p076","0p387_1_0p185_0"],"t":8,"s":[148,148,100],"e":[101.383,101.383,100]},{"i":{"x":[0.759,0.759,0.759],"y":[1,1,1]},"o":{"x":[0.307,0.307,0.307],"y":[1.929,1.929,0]},"n":["0p759_1_0p307_1p929","0p759_1_0p307_1p929","0p759_1_0p307_0"],"t":20,"s":[101.383,101.383,100],"e":[100,100,100]},{"t":38.0000015477717}],"ix":6}},"ao":0,"hasMask":true,"masksProperties":[{"inv":false,"mode":"a","pt":{"a":0,"k":{"i":[[14.5,-0.125],[3.375,-5.375],[0,0],[0,0],[0,0],[-4,-4.25],[-4,1],[1,6.75],[0,0]],"o":[[-8.753,0.075],[-1.33,2.118],[0,0],[0,0],[0,0],[4,4.25],[4,-1],[-1,-6.75],[1.063,-4.251]],"v":[[67.875,66.875],[52.125,76.5],[50.75,83.125],[44.25,81.75],[40.75,94.75],[46.75,112.5],[92.25,108],[92.5,88.5],[85.25,84]],"c":true},"ix":1},"o":{"a":0,"k":100,"ix":3},"x":{"a":0,"k":0,"ix":4},"nm":"Mask 1"}],"w":136,"h":136,"ip":0,"op":90.0000036657751,"st":0,"bm":0},{"ddd":0,"ind":3,"ty":0,"nm":"6_Landmark","parent":1,"refId":"comp_0","sr":1,"ks":{"o":{"a":1,"k":[{"i":{"x":[0.3],"y":[1]},"o":{"x":[0.167],"y":[0]},"n":["0p3_1_0p167_0"],"t":6,"s":[0],"e":[100]},{"t":16.0000006516934}],"ix":11},"r":{"a":0,"k":0,"ix":10},"p":{"a":1,"k":[{"i":{"x":0.323,"y":0.954},"o":{"x":0.183,"y":0.06},"n":"0p323_0p954_0p183_0p06","t":4,"s":[-1.375,135,0],"e":[-1.375,6.103,0],"to":[0,-20.3569641113281,0],"ti":[0,23.9825134277344,0]},{"i":{"x":0.735,"y":1},"o":{"x":0.176,"y":1},"n":"0p735_1_0p176_1","t":14,"s":[-1.375,6.103,0],"e":[-1.375,9,0],"to":[0,-0.75755941867828,0],"ti":[0,0.08975106477737,0]},{"t":34.0000013848484}],"ix":2},"a":{"a":0,"k":[66.625,77,0],"ix":1},"s":{"a":1,"k":[{"i":{"x":[0.387,0.387,0.387],"y":[0.924,0.924,1]},"o":{"x":[0.185,0.185,0.185],"y":[0.076,0.076,0]},"n":["0p387_0p924_0p185_0p076","0p387_0p924_0p185_0p076","0p387_1_0p185_0"],"t":4,"s":[148,148,100],"e":[101.383,101.383,100]},{"i":{"x":[0.762,0.762,0.762],"y":[1,1,1]},"o":{"x":[0.307,0.307,0.307],"y":[1.929,1.929,0]},"n":["0p762_1_0p307_1p929","0p762_1_0p307_1p929","0p762_1_0p307_0"],"t":16,"s":[101.383,101.383,100],"e":[100,100,100]},{"t":34.0000013848484}],"ix":6}},"ao":0,"hasMask":true,"masksProperties":[{"inv":false,"mode":"a","pt":{"a":0,"k":{"i":[[14.5,-0.125],[3.375,-5.375],[0,0],[0,0],[0,0],[-1.807,5.55],[-3.438,-2.313],[1,6.75],[0,0]],"o":[[-8.753,0.075],[-1.33,2.118],[0,0],[0,0],[0,0],[3.5,-10.75],[14.524,9.771],[-1,-6.75],[1.063,-4.251]],"v":[[67.875,66.875],[52.125,76.5],[50.75,83.125],[44.25,81.75],[40.75,94.75],[50.5,65.688],[78.75,59.25],[92.5,88.5],[85.25,84]],"c":true},"ix":1},"o":{"a":0,"k":100,"ix":3},"x":{"a":0,"k":0,"ix":4},"nm":"Mask 1"}],"w":136,"h":136,"ip":0,"op":90.0000036657751,"st":0,"bm":0},{"ddd":0,"ind":4,"ty":0,"nm":"6_Landmark","parent":1,"refId":"comp_0","sr":1,"ks":{"o":{"a":1,"k":[{"i":{"x":[0.3],"y":[1]},"o":{"x":[0.167],"y":[0]},"n":["0p3_1_0p167_0"],"t":12,"s":[0],"e":[100]},{"t":22.0000008960784}],"ix":11},"r":{"a":0,"k":0,"ix":10},"p":{"a":1,"k":[{"i":{"x":0.323,"y":0.954},"o":{"x":0.183,"y":0.06},"n":"0p323_0p954_0p183_0p06","t":8,"s":[-3.125,98.594,0],"e":[-3.125,-30.304,0],"to":[0,-20.3569641113281,0],"ti":[0,23.9825134277344,0]},{"i":{"x":0.733,"y":1},"o":{"x":0.176,"y":1},"n":"0p733_1_0p176_1","t":18,"s":[-3.125,-30.304,0],"e":[-3.125,-27.406,0],"to":[0,-0.75755941867828,0],"ti":[0,0.06183720380068,0]},{"t":38.0000015477717}],"ix":2},"a":{"a":0,"k":[64.875,40.594,0],"ix":1},"s":{"a":1,"k":[{"i":{"x":[0.387,0.387,0.387],"y":[0.924,0.924,1]},"o":{"x":[0.185,0.185,0.185],"y":[0.076,0.076,0]},"n":["0p387_0p924_0p185_0p076","0p387_0p924_0p185_0p076","0p387_1_0p185_0"],"t":0,"s":[148,148,100],"e":[101.383,101.383,100]},{"i":{"x":[0.765,0.765,0.765],"y":[1,1,1]},"o":{"x":[0.307,0.307,0.307],"y":[1.929,1.929,0]},"n":["0p765_1_0p307_1p929","0p765_1_0p307_1p929","0p765_1_0p307_0"],"t":12,"s":[101.383,101.383,100],"e":[100,100,100]},{"t":30.0000012219251}],"ix":6}},"ao":0,"hasMask":true,"masksProperties":[{"inv":false,"mode":"a","pt":{"a":0,"k":{"i":[[14.5,-0.125],[3.375,-5.375],[0,0],[0,0],[0,0],[-1.807,5.55],[-7.087,0.058],[-1.43,-0.962],[1,6.75],[0,0]],"o":[[-8.753,0.075],[-1.33,2.118],[0,0],[0,0],[0,0],[2.044,-6.279],[5.046,-0.041],[14.524,9.771],[-1,-6.75],[1.063,-4.251]],"v":[[67.125,24.875],[66.625,15.5],[47.5,31.375],[65.25,26.25],[53,27.75],[50.5,65.688],[67.753,57.422],[78.75,59.25],[82.25,30.75],[80.5,22.5]],"c":true},"ix":1},"o":{"a":0,"k":100,"ix":3},"x":{"a":0,"k":0,"ix":4},"nm":"Mask 1"}],"w":136,"h":136,"ip":0,"op":90.0000036657751,"st":0,"bm":0}],"markers":[]}