{"v":"5.3.4","fr":29.9700012207031,"ip":0,"op":90.0000036657751,"w":136,"h":136,"nm":"8_CN_tower","ddd":0,"assets":[{"id":"comp_0","layers":[{"ddd":0,"ind":1,"ty":4,"nm":"Path","sr":1,"ks":{"o":{"a":0,"k":100,"ix":11},"r":{"a":0,"k":0,"ix":10},"p":{"a":0,"k":[68,77,0],"ix":2},"a":{"a":0,"k":[0,0,0],"ix":1},"s":{"a":0,"k":[100,100,100],"ix":6}},"ao":0,"shapes":[{"ty":"gr","it":[{"ind":0,"ty":"sh","ix":1,"ks":{"a":0,"k":{"i":[[0,0],[0,0],[-0.55,0],[0,0],[0,0.55],[0,0]],"o":[[0,0],[0,0.55],[0,0],[0.55,0],[0,0],[0,0]],"v":[[-5,-1.5],[-5,0.5],[-4,1.5],[4,1.5],[5,0.5],[5,-1.5]],"c":false},"ix":2},"nm":"Path 1","mn":"ADBE Vector Shape - Group","hd":false},{"ty":"st","c":{"a":0,"k":[0,0,0,1],"ix":3},"o":{"a":0,"k":100,"ix":4},"w":{"a":0,"k":1,"ix":5},"lc":2,"lj":2,"nm":"Stroke 1","mn":"ADBE Vector Graphic - Stroke","hd":false},{"ty":"tr","p":{"a":0,"k":[0,0],"ix":2},"a":{"a":0,"k":[0,0],"ix":1},"s":{"a":0,"k":[300,300],"ix":3},"r":{"a":0,"k":0,"ix":6},"o":{"a":0,"k":100,"ix":7},"sk":{"a":0,"k":0,"ix":4},"sa":{"a":0,"k":0,"ix":5},"nm":"Transform"}],"nm":"Path","np":2,"cix":2,"ix":1,"mn":"ADBE Vector Group","hd":false}],"ip":0,"op":90.0000036657751,"st":0,"bm":0},{"ddd":0,"ind":2,"ty":4,"nm":"Path","sr":1,"ks":{"o":{"a":0,"k":100,"ix":11},"r":{"a":0,"k":0,"ix":10},"p":{"a":0,"k":[68,59,0],"ix":2},"a":{"a":0,"k":[0,0,0],"ix":1},"s":{"a":0,"k":[100,100,100],"ix":6}},"ao":0,"shapes":[{"ty":"gr","it":[{"ind":0,"ty":"sh","ix":1,"ks":{"a":0,"k":{"i":[[0,0],[0,0],[-0.55,0],[0,0],[0,-0.55],[0,0]],"o":[[0,0],[0,-0.55],[0,0],[0.55,0],[0,0],[0,0]],"v":[[-4,1.5],[-4,-0.5],[-3,-1.5],[3,-1.5],[4,-0.5],[4,1.5]],"c":false},"ix":2},"nm":"Path 1","mn":"ADBE Vector Shape - Group","hd":false},{"ty":"st","c":{"a":0,"k":[0,0,0,1],"ix":3},"o":{"a":0,"k":100,"ix":4},"w":{"a":0,"k":1,"ix":5},"lc":2,"lj":2,"nm":"Stroke 1","mn":"ADBE Vector Graphic - Stroke","hd":false},{"ty":"tr","p":{"a":0,"k":[0,0],"ix":2},"a":{"a":0,"k":[0,0],"ix":1},"s":{"a":0,"k":[300,300],"ix":3},"r":{"a":0,"k":0,"ix":6},"o":{"a":0,"k":100,"ix":7},"sk":{"a":0,"k":0,"ix":4},"sa":{"a":0,"k":0,"ix":5},"nm":"Transform"}],"nm":"Path","np":2,"cix":2,"ix":1,"mn":"ADBE Vector Group","hd":false}],"ip":0,"op":90.0000036657751,"st":0,"bm":0},{"ddd":0,"ind":3,"ty":4,"nm":"Path","sr":1,"ks":{"o":{"a":0,"k":100,"ix":11},"r":{"a":0,"k":0,"ix":10},"p":{"a":0,"k":[68,68,0],"ix":2},"a":{"a":0,"k":[0,0,0],"ix":1},"s":{"a":0,"k":[100,100,100],"ix":6}},"ao":0,"shapes":[{"ty":"gr","it":[{"ind":0,"ty":"sh","ix":1,"ks":{"a":0,"k":{"i":[[0,0],[-0.55,0],[0,0],[0,0.55],[0,0],[0.55,0],[0,0],[0,-0.55]],"o":[[0,0.55],[0,0],[0.55,0],[0,0],[0,-0.55],[0,0],[-0.55,0],[0,0]],"v":[[-6,0.5],[-5,1.5],[5,1.5],[6,0.5],[6,-0.5],[5,-1.5],[-5,-1.5],[-6,-0.5]],"c":true},"ix":2},"nm":"Path 1","mn":"ADBE Vector Shape - Group","hd":false},{"ty":"st","c":{"a":0,"k":[0,0,0,1],"ix":3},"o":{"a":0,"k":100,"ix":4},"w":{"a":0,"k":1,"ix":5},"lc":2,"lj":2,"nm":"Stroke 1","mn":"ADBE Vector Graphic - Stroke","hd":false},{"ty":"tr","p":{"a":0,"k":[0,0],"ix":2},"a":{"a":0,"k":[0,0],"ix":1},"s":{"a":0,"k":[300,300],"ix":3},"r":{"a":0,"k":0,"ix":6},"o":{"a":0,"k":100,"ix":7},"sk":{"a":0,"k":0,"ix":4},"sa":{"a":0,"k":0,"ix":5},"nm":"Transform"}],"nm":"Path","np":2,"cix":2,"ix":1,"mn":"ADBE Vector Group","hd":false}],"ip":0,"op":90.0000036657751,"st":0,"bm":0},{"ddd":0,"ind":4,"ty":4,"nm":"Path","sr":1,"ks":{"o":{"a":0,"k":100,"ix":11},"r":{"a":0,"k":0,"ix":10},"p":{"a":0,"k":[68,92.75,0],"ix":2},"a":{"a":0,"k":[0,0,0],"ix":1},"s":{"a":0,"k":[100,100,100],"ix":6}},"ao":0,"shapes":[{"ty":"gr","it":[{"ind":0,"ty":"sh","ix":1,"ks":{"a":0,"k":{"i":[[0,0],[0,0],[-0.55,0],[0,0],[0,0.55],[0,0]],"o":[[0,0],[0,0.55],[0,0],[0.55,0],[0,0],[0,0]],"v":[[-1.5,-3.75],[-1.5,2.75],[-0.5,3.75],[0.5,3.75],[1.5,2.75],[1.5,-3.75]],"c":false},"ix":2},"nm":"Path 1","mn":"ADBE Vector Shape - Group","hd":false},{"ty":"st","c":{"a":0,"k":[0,0,0,1],"ix":3},"o":{"a":0,"k":100,"ix":4},"w":{"a":0,"k":1,"ix":5},"lc":2,"lj":2,"nm":"Stroke 1","mn":"ADBE Vector Graphic - Stroke","hd":false},{"ty":"tr","p":{"a":0,"k":[0,0],"ix":2},"a":{"a":0,"k":[0,0],"ix":1},"s":{"a":0,"k":[300,300],"ix":3},"r":{"a":0,"k":0,"ix":6},"o":{"a":0,"k":100,"ix":7},"sk":{"a":0,"k":0,"ix":4},"sa":{"a":0,"k":0,"ix":5},"nm":"Transform"}],"nm":"Path","np":2,"cix":2,"ix":1,"mn":"ADBE Vector Group","hd":false}],"ip":0,"op":90.0000036657751,"st":0,"bm":0},{"ddd":0,"ind":5,"ty":4,"nm":"Path","sr":1,"ks":{"o":{"a":0,"k":100,"ix":11},"r":{"a":0,"k":0,"ix":10},"p":{"a":0,"k":[68,45.5,0],"ix":2},"a":{"a":0,"k":[0,0,0],"ix":1},"s":{"a":0,"k":[100,100,100],"ix":6}},"ao":0,"shapes":[{"ty":"gr","it":[{"ind":0,"ty":"sh","ix":1,"ks":{"a":0,"k":{"i":[[0,0],[0,0]],"o":[[0,0],[0,0]],"v":[[-1.5,0],[1.5,0]],"c":false},"ix":2},"nm":"Path 1","mn":"ADBE Vector Shape - Group","hd":false},{"ty":"st","c":{"a":0,"k":[0,0,0,1],"ix":3},"o":{"a":0,"k":100,"ix":4},"w":{"a":0,"k":1,"ix":5},"lc":2,"lj":2,"nm":"Stroke 1","mn":"ADBE Vector Graphic - Stroke","hd":false},{"ty":"tr","p":{"a":0,"k":[0,0],"ix":2},"a":{"a":0,"k":[0,0],"ix":1},"s":{"a":0,"k":[300,300],"ix":3},"r":{"a":0,"k":0,"ix":6},"o":{"a":0,"k":100,"ix":7},"sk":{"a":0,"k":0,"ix":4},"sa":{"a":0,"k":0,"ix":5},"nm":"Transform"}],"nm":"Path","np":2,"cix":2,"ix":1,"mn":"ADBE Vector Group","hd":false}],"ip":0,"op":90.0000036657751,"st":0,"bm":0},{"ddd":0,"ind":6,"ty":4,"nm":"Path","sr":1,"ks":{"o":{"a":0,"k":100,"ix":11},"r":{"a":0,"k":0,"ix":10},"p":{"a":0,"k":[68,43.25,0],"ix":2},"a":{"a":0,"k":[0,0,0],"ix":1},"s":{"a":0,"k":[100,100,100],"ix":6}},"ao":0,"shapes":[{"ty":"gr","it":[{"ind":0,"ty":"sh","ix":1,"ks":{"a":0,"k":{"i":[[0,0],[0,0]],"o":[[0,0],[0,0]],"v":[[0,-3.75],[0,3.75]],"c":false},"ix":2},"nm":"Path 1","mn":"ADBE Vector Shape - Group","hd":false},{"ty":"st","c":{"a":0,"k":[0,0,0,1],"ix":3},"o":{"a":0,"k":100,"ix":4},"w":{"a":0,"k":1,"ix":5},"lc":2,"lj":2,"nm":"Stroke 1","mn":"ADBE Vector Graphic - Stroke","hd":false},{"ty":"tr","p":{"a":0,"k":[0,0],"ix":2},"a":{"a":0,"k":[0,0],"ix":1},"s":{"a":0,"k":[300,300],"ix":3},"r":{"a":0,"k":0,"ix":6},"o":{"a":0,"k":100,"ix":7},"sk":{"a":0,"k":0,"ix":4},"sa":{"a":0,"k":0,"ix":5},"nm":"Transform"}],"nm":"Path","np":2,"cix":2,"ix":1,"mn":"ADBE Vector Group","hd":false}],"ip":0,"op":90.0000036657751,"st":0,"bm":0},{"ddd":0,"ind":7,"ty":4,"nm":"Path","sr":1,"ks":{"o":{"a":0,"k":100,"ix":11},"r":{"a":0,"k":0,"ix":10},"p":{"a":0,"k":[66.875,92.75,0],"ix":2},"a":{"a":0,"k":[0,0,0],"ix":1},"s":{"a":0,"k":[100,100,100],"ix":6}},"ao":0,"shapes":[{"ty":"gr","it":[{"ind":0,"ty":"sh","ix":1,"ks":{"a":0,"k":{"i":[[0,0],[-0.43,-0.11],[0.09,0],[0,0],[0,0.55],[0,0],[0,0]],"o":[[0,0.46],[-0.08,0.02],[0,0],[-0.55,0],[0,0],[0,0],[0,0]],"v":[[0.375,2.75],[1.125,3.7],[0.875,3.75],[-0.125,3.75],[-1.125,2.75],[-1.125,-3.75],[0.375,-3.75]],"c":true},"ix":2},"nm":"Path 1","mn":"ADBE Vector Shape - Group","hd":false},{"ty":"fl","c":{"a":0,"k":[0.984314024448,0.737254977226,0.262744992971,1],"ix":4},"o":{"a":0,"k":100,"ix":5},"r":1,"nm":"Fill 1","mn":"ADBE Vector Graphic - Fill","hd":false},{"ty":"tr","p":{"a":0,"k":[0,0],"ix":2},"a":{"a":0,"k":[0,0],"ix":1},"s":{"a":0,"k":[300,300],"ix":3},"r":{"a":0,"k":0,"ix":6},"o":{"a":0,"k":100,"ix":7},"sk":{"a":0,"k":0,"ix":4},"sa":{"a":0,"k":0,"ix":5},"nm":"Transform"}],"nm":"Path","np":2,"cix":2,"ix":1,"mn":"ADBE Vector Group","hd":false}],"ip":0,"op":90.0000036657751,"st":0,"bm":0},{"ddd":0,"ind":8,"ty":4,"nm":"Path","sr":1,"ks":{"o":{"a":0,"k":100,"ix":11},"r":{"a":0,"k":0,"ix":10},"p":{"a":0,"k":[56.75,68,0],"ix":2},"a":{"a":0,"k":[0,0,0],"ix":1},"s":{"a":0,"k":[100,100,100],"ix":6}},"ao":0,"shapes":[{"ty":"gr","it":[{"ind":0,"ty":"sh","ix":1,"ks":{"a":0,"k":{"i":[[-0.55,0],[0,0],[0,0],[-0.55,0],[0,0],[0,-0.55],[0,0],[0,0],[0,-0.55],[0,0],[-0.55,0],[0,0],[-0.55,0],[0,0],[0,0.55],[0,0],[0,0.55],[0,0]],"o":[[0,0],[0,0],[0,-0.55],[0,0],[-0.55,0],[0,0],[0,0],[-0.55,0],[0,0],[0,0.55],[0,0],[0,0.55],[0,0],[-0.55,0],[0,0],[-0.55,0],[0,0],[0,-0.55]],"v":[[-1.25,-1.5],[-0.25,-1.5],[-0.25,-3.5],[0.75,-4.5],[2.25,-4.5],[1.25,-3.5],[1.25,-1.5],[0.25,-1.5],[-0.75,-0.5],[-0.75,0.5],[0.25,1.5],[0.25,3.5],[1.25,4.5],[-0.25,4.5],[-1.25,3.5],[-1.25,1.5],[-2.25,0.5],[-2.25,-0.5]],"c":true},"ix":2},"nm":"Path 1","mn":"ADBE Vector Shape - Group","hd":false},{"ty":"fl","c":{"a":0,"k":[0.984314024448,0.737254977226,0.262744992971,1],"ix":4},"o":{"a":0,"k":100,"ix":5},"r":1,"nm":"Fill 1","mn":"ADBE Vector Graphic - Fill","hd":false},{"ty":"tr","p":{"a":0,"k":[0,0],"ix":2},"a":{"a":0,"k":[0,0],"ix":1},"s":{"a":0,"k":[300,300],"ix":3},"r":{"a":0,"k":0,"ix":6},"o":{"a":0,"k":100,"ix":7},"sk":{"a":0,"k":0,"ix":4},"sa":{"a":0,"k":0,"ix":5},"nm":"Transform"}],"nm":"Path","np":2,"cix":2,"ix":1,"mn":"ADBE Vector Group","hd":false}],"ip":0,"op":90.0000036657751,"st":0,"bm":0},{"ddd":0,"ind":9,"ty":4,"nm":"Path","sr":1,"ks":{"o":{"a":0,"k":100,"ix":11},"r":{"a":0,"k":0,"ix":10},"p":{"a":0,"k":[69.125,92.75,0],"ix":2},"a":{"a":0,"k":[0,0,0],"ix":1},"s":{"a":0,"k":[100,100,100],"ix":6}},"ao":0,"shapes":[{"ty":"gr","it":[{"ind":0,"ty":"sh","ix":1,"ks":{"a":0,"k":{"i":[[0,0],[0.43,-0.11],[-0.09,0],[0,0],[0,0.55],[0,0],[0,0]],"o":[[0,0.46],[0.08,0.02],[0,0],[0.55,0],[0,0],[0,0],[0,0]],"v":[[-0.375,2.75],[-1.125,3.7],[-0.875,3.75],[0.125,3.75],[1.125,2.75],[1.125,-3.75],[-0.375,-3.75]],"c":true},"ix":2},"nm":"Path 1","mn":"ADBE Vector Shape - Group","hd":false},{"ty":"fl","c":{"a":0,"k":[0.866666972637,0.458824008703,0,1],"ix":4},"o":{"a":0,"k":100,"ix":5},"r":1,"nm":"Fill 1","mn":"ADBE Vector Graphic - Fill","hd":false},{"ty":"tr","p":{"a":0,"k":[0,0],"ix":2},"a":{"a":0,"k":[0,0],"ix":1},"s":{"a":0,"k":[300,300],"ix":3},"r":{"a":0,"k":0,"ix":6},"o":{"a":0,"k":100,"ix":7},"sk":{"a":0,"k":0,"ix":4},"sa":{"a":0,"k":0,"ix":5},"nm":"Transform"}],"nm":"Path","np":2,"cix":2,"ix":1,"mn":"ADBE Vector Group","hd":false}],"ip":0,"op":90.0000036657751,"st":0,"bm":0},{"ddd":0,"ind":10,"ty":4,"nm":"Path","sr":1,"ks":{"o":{"a":0,"k":100,"ix":11},"r":{"a":0,"k":0,"ix":10},"p":{"a":0,"k":[79.25,68,0],"ix":2},"a":{"a":0,"k":[0,0,0],"ix":1},"s":{"a":0,"k":[100,100,100],"ix":6}},"ao":0,"shapes":[{"ty":"gr","it":[{"ind":0,"ty":"sh","ix":1,"ks":{"a":0,"k":{"i":[[0.55,0],[0,0],[0,0],[0.55,0],[0,0],[0,-0.55],[0,0],[0,0],[0,-0.55],[0,0],[0.55,0],[0,0],[0.55,0],[0,0],[0,0.55],[0,0],[0,0.55],[0,0]],"o":[[0,0],[0,0],[0,-0.55],[0,0],[0.55,0],[0,0],[0,0],[0.55,0],[0,0],[0,0.55],[0,0],[0,0.55],[0,0],[0.55,0],[0,0],[0.55,0],[0,0],[0,-0.55]],"v":[[1.25,-1.5],[0.25,-1.5],[0.25,-3.5],[-0.75,-4.5],[-2.25,-4.5],[-1.25,-3.5],[-1.25,-1.5],[-0.25,-1.5],[0.75,-0.5],[0.75,0.5],[-0.25,1.5],[-0.25,3.5],[-1.25,4.5],[0.25,4.5],[1.25,3.5],[1.25,1.5],[2.25,0.5],[2.25,-0.5]],"c":true},"ix":2},"nm":"Path 1","mn":"ADBE Vector Shape - Group","hd":false},{"ty":"fl","c":{"a":0,"k":[0.866666972637,0.458824008703,0,1],"ix":4},"o":{"a":0,"k":100,"ix":5},"r":1,"nm":"Fill 1","mn":"ADBE Vector Graphic - Fill","hd":false},{"ty":"tr","p":{"a":0,"k":[0,0],"ix":2},"a":{"a":0,"k":[0,0],"ix":1},"s":{"a":0,"k":[300,300],"ix":3},"r":{"a":0,"k":0,"ix":6},"o":{"a":0,"k":100,"ix":7},"sk":{"a":0,"k":0,"ix":4},"sa":{"a":0,"k":0,"ix":5},"nm":"Transform"}],"nm":"Path","np":2,"cix":2,"ix":1,"mn":"ADBE Vector Group","hd":false}],"ip":0,"op":90.0000036657751,"st":0,"bm":0},{"ddd":0,"ind":11,"ty":4,"nm":"Path","sr":1,"ks":{"o":{"a":0,"k":100,"ix":11},"r":{"a":0,"k":0,"ix":10},"p":{"a":0,"k":[68,79.25,0],"ix":2},"a":{"a":0,"k":[0,0,0],"ix":1},"s":{"a":0,"k":[100,100,100],"ix":6}},"ao":0,"shapes":[{"ty":"gr","it":[{"ind":0,"ty":"sh","ix":1,"ks":{"a":0,"k":{"i":[[0.55,0],[0,0],[0,0],[0.55,0],[0,0],[0,-0.55],[0,0],[0,0],[0,-0.55],[0,0],[-0.55,0],[0,0],[-0.55,0],[0,0],[0,0],[-0.55,0],[0,0],[0,0.55],[0,0],[0,0],[0,0.55],[0,0],[0,0.55],[0,0]],"o":[[0,0],[0,0],[0,-0.55],[0,0],[-0.55,0],[0,0],[0,0],[-0.55,0],[0,0],[0,0.55],[0,0],[0,0.55],[0,0],[0,0],[0,0.55],[0,0],[0.55,0],[0,0],[0,0],[0.55,0],[0,0],[0.55,0],[0,0],[0,-0.55]],"v":[[5,-5.25],[4,-5.25],[4,-7.25],[3,-8.25],[-3,-8.25],[-4,-7.25],[-4,-5.25],[-5,-5.25],[-6,-4.25],[-6,-3.25],[-5,-2.25],[-5,-0.25],[-4,0.75],[-1.5,0.75],[-1.5,7.25],[-0.5,8.25],[0.5,8.25],[1.5,7.25],[1.5,0.75],[4,0.75],[5,-0.25],[5,-2.25],[6,-3.25],[6,-4.25]],"c":true},"ix":2},"nm":"Path 1","mn":"ADBE Vector Shape - Group","hd":false},{"ty":"fl","c":{"a":0,"k":[0.952941000462,0.576470971107,0.145098000765,1],"ix":4},"o":{"a":0,"k":100,"ix":5},"r":1,"nm":"Fill 1","mn":"ADBE Vector Graphic - Fill","hd":false},{"ty":"tr","p":{"a":0,"k":[0,0],"ix":2},"a":{"a":0,"k":[0,0],"ix":1},"s":{"a":0,"k":[300,300],"ix":3},"r":{"a":0,"k":0,"ix":6},"o":{"a":0,"k":100,"ix":7},"sk":{"a":0,"k":0,"ix":4},"sa":{"a":0,"k":0,"ix":5},"nm":"Transform"}],"nm":"Path","np":2,"cix":2,"ix":1,"mn":"ADBE Vector Group","hd":false}],"ip":0,"op":90.0000036657751,"st":0,"bm":0}]}],"layers":[{"ddd":0,"ind":1,"ty":3,"nm":"Null 1","sr":1,"ks":{"o":{"a":0,"k":0,"ix":11},"r":{"a":0,"k":0,"ix":10},"p":{"a":1,"k":[{"i":{"x":0.361,"y":0.961},"o":{"x":0.182,"y":0.047},"n":"0p361_0p961_0p182_0p047","t":0,"s":[68,-169,0],"e":[68,79.407,0],"to":[0,31.0771083831787,0],"ti":[0,-37.1790924072266,0]},{"i":{"x":0.649,"y":0.86},"o":{"x":0.316,"y":0.323},"n":"0p649_0p86_0p316_0p323","t":10,"s":[68,79.407,0],"e":[68,60.425,0],"to":[0,1.0500146150589,0],"ti":[0,4.38761138916016,0]},{"i":{"x":0.661,"y":1},"o":{"x":0.328,"y":0.322},"n":"0p661_1_0p328_0p322","t":23,"s":[68,60.425,0],"e":[68,68,0],"to":[0,-1.05919408798218,0],"ti":[0,-0.21187733113766,0]},{"t":36.0000014663101}],"ix":2},"a":{"a":0,"k":[0,0,0],"ix":1},"s":{"a":1,"k":[{"i":{"x":[0.614,0.614,0.614],"y":[1,1,1]},"o":{"x":[0.202,0.202,0.202],"y":[0.168,0.168,8.418]},"n":["0p614_1_0p202_0p168","0p614_1_0p202_0p168","0p614_1_0p202_8p418"],"t":0,"s":[50,50,100],"e":[100,100,100]},{"t":25.0000010182709}],"ix":6}},"ao":0,"ip":0,"op":90.0000036657751,"st":0,"bm":0},{"ddd":0,"ind":2,"ty":0,"nm":"8_Landmark","parent":1,"refId":"comp_0","sr":1,"ks":{"o":{"a":1,"k":[{"i":{"x":[0.3],"y":[1]},"o":{"x":[0.167],"y":[0]},"n":["0p3_1_0p167_0"],"t":0,"s":[0],"e":[100]},{"t":10.0000004073083}],"ix":11},"r":{"a":0,"k":0,"ix":10},"p":{"a":1,"k":[{"i":{"x":0.38,"y":0.95},"o":{"x":0.182,"y":0.06},"n":"0p38_0p95_0p182_0p06","t":0,"s":[0.742,164.875,0],"e":[0.742,20.67,0],"to":[0,-22.8230533599854,0],"ti":[0,27.5303077697754,0]},{"i":{"x":0.682,"y":1},"o":{"x":0.114,"y":1},"n":"0p682_1_0p114_1","t":10,"s":[0.742,20.67,0],"e":[0.742,22.875,0],"to":[0,-1.0176078081131,0],"ti":[0,0.49522230029106,0]},{"t":30.0000012219251}],"ix":2},"a":{"a":0,"k":[68.742,90.875,0],"ix":1},"s":{"a":1,"k":[{"i":{"x":[0.387,0.387,0.387],"y":[0.924,0.924,1]},"o":{"x":[0.185,0.185,0.185],"y":[0.076,0.076,0]},"n":["0p387_0p924_0p185_0p076","0p387_0p924_0p185_0p076","0p387_1_0p185_0"],"t":8,"s":[148,148,100],"e":[101.383,101.383,100]},{"i":{"x":[0.745,0.745,0.745],"y":[1,1,1]},"o":{"x":[0.307,0.307,0.307],"y":[1.929,1.929,0]},"n":["0p745_1_0p307_1p929","0p745_1_0p307_1p929","0p745_1_0p307_0"],"t":20,"s":[101.383,101.383,100],"e":[100,100,100]},{"t":38.0000015477717}],"ix":6}},"ao":0,"hasMask":true,"masksProperties":[{"inv":false,"mode":"a","pt":{"a":0,"k":{"i":[[0,0],[0,0],[0,0],[0,0]],"o":[[0,0],[0,0],[0,0],[0,0]],"v":[[92.5,71],[44.984,71],[44.984,110.75],[92.5,110.75]],"c":true},"ix":1},"o":{"a":0,"k":100,"ix":3},"x":{"a":0,"k":0,"ix":4},"nm":"Mask 1"}],"w":136,"h":136,"ip":0,"op":90.0000036657751,"st":0,"bm":0},{"ddd":0,"ind":3,"ty":0,"nm":"8_Landmark","parent":1,"refId":"comp_0","sr":1,"ks":{"o":{"a":1,"k":[{"i":{"x":[0.3],"y":[1]},"o":{"x":[0.167],"y":[0]},"n":["0p3_1_0p167_0"],"t":8,"s":[0],"e":[100]},{"t":16.0000006516934}],"ix":11},"r":{"a":0,"k":0,"ix":10},"p":{"a":1,"k":[{"i":{"x":0.38,"y":0.95},"o":{"x":0.182,"y":0.06},"n":"0p38_0p95_0p182_0p06","t":4,"s":[0.742,140.438,0],"e":[0.742,-3.767,0],"to":[0,-22.8230533599854,0],"ti":[0,27.5303077697754,0]},{"i":{"x":0.685,"y":1},"o":{"x":0.113,"y":1},"n":"0p685_1_0p113_1","t":14,"s":[0.742,-3.767,0],"e":[0.742,-1.562,0],"to":[0,-1.0176078081131,0],"ti":[0,0.42742508649826,0]},{"t":34.0000013848484}],"ix":2},"a":{"a":0,"k":[68.742,66.438,0],"ix":1},"s":{"a":1,"k":[{"i":{"x":[0.387,0.387,0.387],"y":[0.924,0.924,1]},"o":{"x":[0.185,0.185,0.185],"y":[0.076,0.076,0]},"n":["0p387_0p924_0p185_0p076","0p387_0p924_0p185_0p076","0p387_1_0p185_0"],"t":4,"s":[148,148,100],"e":[101.383,101.383,100]},{"i":{"x":[0.748,0.748,0.748],"y":[1,1,1]},"o":{"x":[0.307,0.307,0.307],"y":[1.929,1.929,0]},"n":["0p748_1_0p307_1p929","0p748_1_0p307_1p929","0p748_1_0p307_0"],"t":16,"s":[101.383,101.383,100],"e":[100,100,100]},{"t":34.0000013848484}],"ix":6}},"ao":0,"hasMask":true,"masksProperties":[{"inv":false,"mode":"a","pt":{"a":0,"k":{"i":[[0,0],[0,0],[0,0],[0,0]],"o":[[0,0],[0,0],[0,0],[0,0]],"v":[[92.5,71],[44.984,71],[44.984,61.875],[92.5,61.875]],"c":true},"ix":1},"o":{"a":0,"k":100,"ix":3},"x":{"a":0,"k":0,"ix":4},"nm":"Mask 1"}],"w":136,"h":136,"ip":0,"op":90.0000036657751,"st":0,"bm":0},{"ddd":0,"ind":4,"ty":0,"nm":"8_Landmark","parent":1,"refId":"comp_0","sr":1,"ks":{"o":{"a":1,"k":[{"i":{"x":[0.3],"y":[1]},"o":{"x":[0.167],"y":[0]},"n":["0p3_1_0p167_0"],"t":14,"s":[0],"e":[100]},{"t":22.0000008960784}],"ix":11},"r":{"a":0,"k":0,"ix":10},"p":{"a":1,"k":[{"i":{"x":0.38,"y":0.95},"o":{"x":0.182,"y":0.06},"n":"0p38_0p95_0p182_0p06","t":8,"s":[0.742,117.812,0],"e":[0.742,-26.392,0],"to":[0,-22.8230533599854,0],"ti":[0,27.5303077697754,0]},{"i":{"x":0.686,"y":1},"o":{"x":0.113,"y":1},"n":"0p686_1_0p113_1","t":18,"s":[0.742,-26.392,0],"e":[0.742,-24.188,0],"to":[0,-1.0176078081131,0],"ti":[0,0.37543395161629,0]},{"t":38.0000015477717}],"ix":2},"a":{"a":0,"k":[68.742,43.812,0],"ix":1},"s":{"a":1,"k":[{"i":{"x":[0.387,0.387,0.387],"y":[0.924,0.924,1]},"o":{"x":[0.185,0.185,0.185],"y":[0.076,0.076,0]},"n":["0p387_0p924_0p185_0p076","0p387_0p924_0p185_0p076","0p387_1_0p185_0"],"t":0,"s":[148,148,100],"e":[101.383,101.383,100]},{"i":{"x":[0.75,0.75,0.75],"y":[1,1,1]},"o":{"x":[0.307,0.307,0.307],"y":[1.929,1.929,0]},"n":["0p75_1_0p307_1p929","0p75_1_0p307_1p929","0p75_1_0p307_0"],"t":12,"s":[101.383,101.383,100],"e":[100,100,100]},{"t":30.0000012219251}],"ix":6}},"ao":0,"hasMask":true,"masksProperties":[{"inv":false,"mode":"a","pt":{"a":0,"k":{"i":[[0,0],[0,0],[0,0],[0,0]],"o":[[0,0],[0,0],[0,0],[0,0]],"v":[[92.5,25.75],[44.984,25.75],[44.984,61.875],[92.5,61.875]],"c":true},"ix":1},"o":{"a":0,"k":100,"ix":3},"x":{"a":0,"k":0,"ix":4},"nm":"Mask 1"}],"w":136,"h":136,"ip":0,"op":90.0000036657751,"st":0,"bm":0}],"markers":[]}