{"v":"5.3.4","fr":29.9700012207031,"ip":0,"op":121.000004928431,"w":136,"h":136,"nm":"11_Heart_with_pulse","ddd":0,"assets":[],"layers":[{"ddd":0,"ind":1,"ty":4,"nm":"Path","parent":2,"sr":1,"ks":{"o":{"a":1,"k":[{"i":{"x":[0.833],"y":[0.833]},"o":{"x":[0.167],"y":[0.167]},"n":["0p833_0p833_0p167_0p167"],"t":80,"s":[100],"e":[0]},{"t":83.0000033806593}],"ix":11},"r":{"a":0,"k":0,"ix":10},"p":{"a":0,"k":[-12.3,-1.456,0],"ix":2},"a":{"a":0,"k":[0,0,0],"ix":1},"s":{"a":0,"k":[100,100,100],"ix":6}},"ao":0,"shapes":[{"ty":"gr","it":[{"ind":0,"ty":"sh","ix":1,"ks":{"a":0,"k":{"i":[[0,0],[0,0],[0,0],[0.18,0.52],[0,0],[0.18,-0.52],[0,0],[0,0]],"o":[[0,0],[0,0],[-0.19,0.52],[0,0],[-0.19,-0.52],[0,0],[0,0],[0,0]],"v":[[7.905,0],[2.905,0],[1.795,3.06],[1.115,3.06],[-1.115,-3.06],[-1.795,-3.06],[-2.905,0],[-7.905,0]],"c":false},"ix":2},"nm":"Path 1","mn":"ADBE Vector Shape - Group","hd":false},{"ty":"st","c":{"a":0,"k":[0,0,0,1],"ix":3},"o":{"a":0,"k":100,"ix":4},"w":{"a":0,"k":1,"ix":5},"lc":2,"lj":2,"nm":"Stroke 1","mn":"ADBE Vector Graphic - Stroke","hd":false},{"ty":"tr","p":{"a":0,"k":[0,0],"ix":2},"a":{"a":0,"k":[0,0],"ix":1},"s":{"a":0,"k":[500,500],"ix":3},"r":{"a":0,"k":0,"ix":6},"o":{"a":0,"k":100,"ix":7},"sk":{"a":0,"k":0,"ix":4},"sa":{"a":0,"k":0,"ix":5},"nm":"Transform"}],"nm":"Path","np":2,"cix":2,"ix":1,"mn":"ADBE Vector Group","hd":false},{"ty":"tm","s":{"a":0,"k":100,"ix":1},"e":{"a":1,"k":[{"i":{"x":[0.592],"y":[0.838]},"o":{"x":[0.217],"y":[0.181]},"n":["0p592_0p838_0p217_0p181"],"t":7,"s":[100],"e":[13.626]},{"i":{"x":[0.667],"y":[1]},"o":{"x":[0.328],"y":[1.044]},"n":["0p667_1_0p328_1p044"],"t":30,"s":[13.626],"e":[0]},{"t":59.0000024031193}],"ix":2},"o":{"a":0,"k":0,"ix":3},"m":1,"ix":2,"nm":"Trim Paths 1","mn":"ADBE Vector Filter - Trim","hd":false}],"ip":0,"op":121.000004928431,"st":0,"bm":0},{"ddd":0,"ind":2,"ty":4,"nm":"Path 5","sr":1,"ks":{"o":{"a":1,"k":[{"i":{"x":[0.833],"y":[0.833]},"o":{"x":[0.167],"y":[0.167]},"n":["0p833_0p833_0p167_0p167"],"t":80,"s":[100],"e":[0]},{"t":88.0000035843135}],"ix":11},"r":{"a":0,"k":0,"ix":10},"p":{"a":0,"k":[67.985,67.044,0],"ix":2},"a":{"a":0,"k":[0,0,0],"ix":1},"s":{"a":1,"k":[{"i":{"x":[0.392,0.392,0.392],"y":[0.894,0.894,-10.375]},"o":{"x":[0.198,0.198,0.198],"y":[0.074,0.074,7.906]},"n":["0p392_0p894_0p198_0p074","0p392_0p894_0p198_0p074","0p392_-10p375_0p198_7p906"],"t":0,"s":[0,0,100],"e":[64.515,64.515,100]},{"i":{"x":[0.621,0.621,0.621],"y":[1,1,1]},"o":{"x":[0.29,0.29,0.29],"y":[-1.082,-1.082,8.144]},"n":["0p621_1_0p29_-1p082","0p621_1_0p29_-1p082","0p621_1_0p29_8p144"],"t":12,"s":[64.515,64.515,100],"e":[60,60,100]},{"i":{"x":[0.33,0.33,0.33],"y":[1,1,1]},"o":{"x":[0.167,0.167,0.167],"y":[0,0,0]},"n":["0p33_1_0p167_0","0p33_1_0p167_0","0p33_1_0p167_0"],"t":30,"s":[60,60,100],"e":[60,60,100]},{"i":{"x":[0.384,0.384,0.384],"y":[0.833,0.833,1.11]},"o":{"x":[0.194,0.194,0.194],"y":[0,0,0]},"n":["0p384_0p833_0p194_0","0p384_0p833_0p194_0","0p384_1p11_0p194_0"],"t":80,"s":[60,60,100],"e":[83.698,83.698,100]},{"i":{"x":[0.627,0.627,0.627],"y":[1,1,1]},"o":{"x":[0.296,0.296,0.296],"y":[1.103,1.103,-0.046]},"n":["0p627_1_0p296_1p103","0p627_1_0p296_1p103","0p627_1_0p296_-0p046"],"t":96,"s":[83.698,83.698,100],"e":[85.2,85.2,100]},{"t":110.000004480392}],"ix":6}},"ao":0,"shapes":[{"ty":"gr","it":[{"ind":0,"ty":"sh","ix":1,"ks":{"a":0,"k":{"i":[[0,0],[0,0],[-0.39,0.39],[0,0],[-1.52,0],[0,-3.04],[0.99,-1],[0,0],[0,0],[0.38,0.39],[0,0],[0,0],[0,0],[0,1.52],[-3.04,0],[-1,-1]],"o":[[0,0],[0.39,0.39],[0,0],[0.99,-0.99],[3.04,0],[0,1.52],[0,0],[0,0],[-0.39,0.39],[0,0],[0,0],[0,0],[-1,-1],[0,-3.04],[1.52,0],[0,0]],"v":[[-2.605,-8.071],[-0.705,-6.171],[0.705,-6.171],[2.605,-8.071],[6.495,-9.681],[11.995,-4.181],[10.385,-0.291],[2.605,7.489],[0.705,9.389],[-0.705,9.389],[-2.605,7.489],[-10.385,-0.291],[-10.385,-0.291],[-11.995,-4.181],[-6.495,-9.681],[-2.605,-8.071]],"c":false},"ix":2},"nm":"Path 1","mn":"ADBE Vector Shape - Group","hd":false},{"ty":"st","c":{"a":0,"k":[0,0,0,1],"ix":3},"o":{"a":0,"k":100,"ix":4},"w":{"a":0,"k":1,"ix":5},"lc":2,"lj":2,"nm":"Stroke 1","mn":"ADBE Vector Graphic - Stroke","hd":false},{"ty":"tr","p":{"a":0,"k":[0,0],"ix":2},"a":{"a":0,"k":[0,0],"ix":1},"s":{"a":0,"k":[500,500],"ix":3},"r":{"a":0,"k":0,"ix":6},"o":{"a":0,"k":100,"ix":7},"sk":{"a":0,"k":0,"ix":4},"sa":{"a":0,"k":0,"ix":5},"nm":"Transform"}],"nm":"Path","np":2,"cix":2,"ix":1,"mn":"ADBE Vector Group","hd":false}],"ip":0,"op":121.000004928431,"st":0,"bm":0},{"ddd":0,"ind":3,"ty":4,"nm":"Path 4","parent":5,"sr":1,"ks":{"o":{"a":1,"k":[{"i":{"x":[0.833],"y":[0.833]},"o":{"x":[0.167],"y":[0.167]},"n":["0p833_0p833_0p167_0p167"],"t":86,"s":[100],"e":[0]},{"t":89.0000036250443}],"ix":11},"r":{"a":0,"k":0,"ix":10},"p":{"a":0,"k":[-27.45,0,0],"ix":2},"a":{"a":0,"k":[0,0,0],"ix":1},"s":{"a":0,"k":[100,100,100],"ix":6}},"ao":0,"shapes":[{"ty":"gr","it":[{"ind":0,"ty":"sh","ix":1,"ks":{"a":0,"k":{"i":[[-3.04,0],[-0.32,-0.06],[0,-2.69],[-0.99,-1],[0,0],[0,0],[0,0],[0.39,0.39],[0,0],[0,0],[0,1.52]],"o":[[0.34,0],[-2.56,0.47],[0,1.52],[0,0],[0,0],[0,0],[-0.39,0.39],[0,0],[0,0],[-1,-1],[-0.01,-3.04]],"v":[[-1.005,-9.681],[-0.005,-9.581],[-4.505,-4.181],[-2.895,-0.291],[4.885,7.489],[6.495,9.099],[6.205,9.389],[4.795,9.389],[2.895,7.489],[-4.885,-0.291],[-6.495,-4.181]],"c":true},"ix":2},"nm":"Path 1","mn":"ADBE Vector Shape - Group","hd":false},{"ty":"fl","c":{"a":0,"k":[0.929412007332,0.419607996941,0.384314000607,1],"ix":4},"o":{"a":0,"k":100,"ix":5},"r":1,"nm":"Fill 1","mn":"ADBE Vector Graphic - Fill","hd":false},{"ty":"tr","p":{"a":0,"k":[0,0],"ix":2},"a":{"a":0,"k":[0,0],"ix":1},"s":{"a":0,"k":[500,500],"ix":3},"r":{"a":0,"k":0,"ix":6},"o":{"a":0,"k":100,"ix":7},"sk":{"a":0,"k":0,"ix":4},"sa":{"a":0,"k":0,"ix":5},"nm":"Transform"}],"nm":"Path","np":2,"cix":2,"ix":1,"mn":"ADBE Vector Group","hd":false}],"ip":0,"op":121.000004928431,"st":0,"bm":0},{"ddd":0,"ind":4,"ty":4,"nm":"Path 3","parent":5,"sr":1,"ks":{"o":{"a":1,"k":[{"i":{"x":[0.833],"y":[0.833]},"o":{"x":[0.167],"y":[0.167]},"n":["0p833_0p833_0p167_0p167"],"t":86,"s":[100],"e":[0]},{"t":89.0000036250443}],"ix":11},"r":{"a":0,"k":0,"ix":10},"p":{"a":0,"k":[27.5,0,0],"ix":2},"a":{"a":0,"k":[0,0,0],"ix":1},"s":{"a":0,"k":[100,100,100],"ix":6}},"ao":0,"shapes":[{"ty":"gr","it":[{"ind":0,"ty":"sh","ix":1,"ks":{"a":0,"k":{"i":[[3.04,0],[0.32,-0.06],[0,-2.69],[0.99,-1],[0,0],[0,0],[0,0],[-0.39,0.39],[0,0],[0,0],[0,1.52]],"o":[[-0.34,0],[2.56,0.47],[0,1.52],[0,0],[0,0],[0,0],[0.39,0.39],[0,0],[0,0],[1,-1],[0.01,-3.04]],"v":[[1.005,-9.681],[0.005,-9.581],[4.505,-4.181],[2.895,-0.291],[-4.885,7.489],[-6.495,9.099],[-6.205,9.389],[-4.795,9.389],[-2.895,7.489],[4.885,-0.291],[6.495,-4.181]],"c":true},"ix":2},"nm":"Path 1","mn":"ADBE Vector Shape - Group","hd":false},{"ty":"fl","c":{"a":0,"k":[0.827450990677,0.02352900058,0.188234999776,1],"ix":4},"o":{"a":0,"k":100,"ix":5},"r":1,"nm":"Fill 1","mn":"ADBE Vector Graphic - Fill","hd":false},{"ty":"tr","p":{"a":0,"k":[0,0],"ix":2},"a":{"a":0,"k":[0,0],"ix":1},"s":{"a":0,"k":[500,500],"ix":3},"r":{"a":0,"k":0,"ix":6},"o":{"a":0,"k":100,"ix":7},"sk":{"a":0,"k":0,"ix":4},"sa":{"a":0,"k":0,"ix":5},"nm":"Transform"}],"nm":"Path","np":2,"cix":2,"ix":1,"mn":"ADBE Vector Group","hd":false}],"ip":0,"op":121.000004928431,"st":0,"bm":0},{"ddd":0,"ind":5,"ty":4,"nm":"Path 2","sr":1,"ks":{"o":{"a":1,"k":[{"i":{"x":[0.833],"y":[0.833]},"o":{"x":[0.167],"y":[0.167]},"n":["0p833_0p833_0p167_0p167"],"t":86,"s":[100],"e":[0]},{"t":94.0000038286985}],"ix":11},"r":{"a":0,"k":0,"ix":10},"p":{"a":0,"k":[67.985,67.044,0],"ix":2},"a":{"a":0,"k":[0,0,0],"ix":1},"s":{"a":1,"k":[{"i":{"x":[0.392,0.392,0.392],"y":[0.894,0.894,-10.375]},"o":{"x":[0.198,0.198,0.198],"y":[0.074,0.074,7.906]},"n":["0p392_0p894_0p198_0p074","0p392_0p894_0p198_0p074","0p392_-10p375_0p198_7p906"],"t":4,"s":[0,0,100],"e":[64.515,64.515,100]},{"i":{"x":[0.621,0.621,0.621],"y":[1,1,1]},"o":{"x":[0.29,0.29,0.29],"y":[-1.082,-1.082,8.144]},"n":["0p621_1_0p29_-1p082","0p621_1_0p29_-1p082","0p621_1_0p29_8p144"],"t":16,"s":[64.515,64.515,100],"e":[60,60,100]},{"i":{"x":[0.33,0.33,0.33],"y":[1,1,1]},"o":{"x":[0.167,0.167,0.167],"y":[0,0,0]},"n":["0p33_1_0p167_0","0p33_1_0p167_0","0p33_1_0p167_0"],"t":34,"s":[60,60,100],"e":[60,60,100]},{"i":{"x":[0.384,0.384,0.384],"y":[0.833,0.833,1.11]},"o":{"x":[0.194,0.194,0.194],"y":[0,0,0]},"n":["0p384_0p833_0p194_0","0p384_0p833_0p194_0","0p384_1p11_0p194_0"],"t":86,"s":[60,60,100],"e":[83.698,83.698,100]},{"i":{"x":[0.627,0.627,0.627],"y":[1,1,1]},"o":{"x":[0.296,0.296,0.296],"y":[1.103,1.103,-0.046]},"n":["0p627_1_0p296_1p103","0p627_1_0p296_1p103","0p627_1_0p296_-0p046"],"t":102,"s":[83.698,83.698,100],"e":[85.2,85.2,100]},{"t":116.000004724777}],"ix":6}},"ao":0,"shapes":[{"ty":"gr","it":[{"ind":0,"ty":"sh","ix":1,"ks":{"a":0,"k":{"i":[[0,0],[0,0],[-0.39,0.39],[0,0],[-1.52,0],[0,-3.04],[0.99,-1],[0,0],[0,0],[0.38,0.39],[0,0],[0,0],[0,0],[0,1.52],[-3.04,0],[-1,-1]],"o":[[0,0],[0.39,0.39],[0,0],[0.99,-0.99],[3.04,0],[0,1.52],[0,0],[0,0],[-0.39,0.39],[0,0],[0,0],[0,0],[-1,-1],[0,-3.04],[1.52,0],[0,0]],"v":[[-2.605,-8.071],[-0.705,-6.171],[0.705,-6.171],[2.605,-8.071],[6.495,-9.681],[11.995,-4.181],[10.385,-0.291],[2.605,7.489],[0.705,9.389],[-0.705,9.389],[-2.605,7.489],[-10.385,-0.291],[-10.385,-0.291],[-11.995,-4.181],[-6.495,-9.681],[-2.605,-8.071]],"c":false},"ix":2},"nm":"Path 1","mn":"ADBE Vector Shape - Group","hd":false},{"ty":"fl","c":{"a":0,"k":[0.905882000923,0.203922003508,0.274509996176,1],"ix":4},"o":{"a":0,"k":100,"ix":5},"r":1,"nm":"Fill 1","mn":"ADBE Vector Graphic - Fill","hd":false},{"ty":"tr","p":{"a":0,"k":[0,0],"ix":2},"a":{"a":0,"k":[0,0],"ix":1},"s":{"a":0,"k":[500,500],"ix":3},"r":{"a":0,"k":0,"ix":6},"o":{"a":0,"k":100,"ix":7},"sk":{"a":0,"k":0,"ix":4},"sa":{"a":0,"k":0,"ix":5},"nm":"Transform"}],"nm":"Path","np":2,"cix":2,"ix":1,"mn":"ADBE Vector Group","hd":false}],"ip":0,"op":121.000004928431,"st":0,"bm":0}],"markers":[]}