{"v":"5.3.4","fr":29.9700012207031,"ip":0,"op":141.000005743048,"w":136,"h":136,"nm":"24_Vital_sign_machine","ddd":0,"assets":[],"layers":[{"ddd":0,"ind":1,"ty":4,"nm":"Path","parent":3,"sr":1,"ks":{"o":{"a":0,"k":100,"ix":11},"r":{"a":0,"k":0,"ix":10},"p":{"a":0,"k":[0,0,0],"ix":2},"a":{"a":0,"k":[0,0,0],"ix":1},"s":{"a":0,"k":[100,100,100],"ix":6}},"ao":0,"shapes":[{"ty":"gr","it":[{"ind":0,"ty":"sh","ix":1,"ks":{"a":0,"k":{"i":[[0,0],[0,0],[0,0],[0.18,0.52],[0,0],[0.18,-0.52],[0,0],[0,0]],"o":[[0,0],[0,0],[-0.19,0.52],[0,0],[-0.19,-0.52],[0,0],[0,0],[0,0]],"v":[[8,0],[2.91,0],[1.8,3.06],[1.12,3.06],[-1.11,-3.06],[-1.79,-3.06],[-2.91,0],[-8,0]],"c":false},"ix":2},"nm":"Path 1","mn":"ADBE Vector Shape - Group","hd":false},{"ty":"st","c":{"a":0,"k":[0,0,0,1],"ix":3},"o":{"a":0,"k":100,"ix":4},"w":{"a":0,"k":1,"ix":5},"lc":2,"lj":2,"nm":"Stroke 1","mn":"ADBE Vector Graphic - Stroke","hd":false},{"ty":"tr","p":{"a":0,"k":[0,0],"ix":2},"a":{"a":0,"k":[0,0],"ix":1},"s":{"a":0,"k":[500,500],"ix":3},"r":{"a":0,"k":0,"ix":6},"o":{"a":0,"k":100,"ix":7},"sk":{"a":0,"k":0,"ix":4},"sa":{"a":0,"k":0,"ix":5},"nm":"Transform"}],"nm":"Path","np":2,"cix":2,"ix":1,"mn":"ADBE Vector Group","hd":false},{"ty":"tm","s":{"a":1,"k":[{"i":{"x":[0.32],"y":[1]},"o":{"x":[0.167],"y":[0.167]},"n":["0p32_1_0p167_0p167"],"t":6,"s":[100],"e":[0]},{"t":56.0000022809268}],"ix":1},"e":{"a":0,"k":100,"ix":2},"o":{"a":0,"k":0,"ix":3},"m":1,"ix":2,"nm":"Trim Paths 1","mn":"ADBE Vector Filter - Trim","hd":false}],"ip":0,"op":141.000005743048,"st":0,"bm":0},{"ddd":0,"ind":2,"ty":4,"nm":"Path","sr":1,"ks":{"o":{"a":0,"k":100,"ix":11},"r":{"a":0,"k":0,"ix":10},"p":{"a":1,"k":[{"i":{"x":0.392,"y":0.494},"o":{"x":0.203,"y":0.322},"n":"0p392_0p494_0p203_0p322","t":90,"s":[68,68,0],"e":[68,85.033,0],"to":[0,5.10647201538086,0],"ti":[0,-8.33200263977051,0]},{"i":{"x":0.614,"y":1},"o":{"x":0.171,"y":1},"n":"0p614_1_0p171_1","t":97,"s":[68,85.033,0],"e":[68,87.8,0],"to":[0,1.13159847259521,0],"ti":[0,-0.69352787733078,0]},{"i":{"x":0.577,"y":0.635},"o":{"x":0.179,"y":0},"n":"0p577_0p635_0p179_0","t":105,"s":[68,87.8,0],"e":[68,-159.942,0],"to":[0,4.24498176574707,0],"ti":[0,93.390022277832,0]},{"i":{"x":0.674,"y":1},"o":{"x":0.18,"y":1},"n":"0p674_1_0p18_1","t":115,"s":[68,-159.942,0],"e":[68,-217.6,0],"to":[0,-34.210563659668,0],"ti":[0,0,0]},{"t":130.000005295009}],"ix":2},"a":{"a":0,"k":[0,0,0],"ix":1},"s":{"a":1,"k":[{"i":{"x":[0.375,0.375,0.375],"y":[0.913,0.913,-8.046]},"o":{"x":[0.194,0.194,0.194],"y":[0.068,0.068,7.112]},"n":["0p375_0p913_0p194_0p068","0p375_0p913_0p194_0p068","0p375_-8p046_0p194_7p112"],"t":0,"s":[0,0,100],"e":[62.463,62.463,100]},{"i":{"x":[0.699,0.699,0.699],"y":[1,1,1]},"o":{"x":[0.295,0.295,0.295],"y":[-1.797,-1.797,7.376]},"n":["0p699_1_0p295_-1p797","0p699_1_0p295_-1p797","0p699_1_0p295_7p376"],"t":11,"s":[62.463,62.463,100],"e":[60,60,100]},{"t":30.0000012219251}],"ix":6}},"ao":0,"shapes":[{"ty":"gr","it":[{"ind":0,"ty":"sh","ix":1,"ks":{"a":0,"k":{"i":[[0,0],[0.55,0],[0,0],[0,0.55],[0,0],[-0.55,0],[0,0],[0,-0.55]],"o":[[0,0.55],[0,0],[-0.55,0],[0,0],[0,-0.55],[0,0],[0.55,0],[0,0]],"v":[[12,11],[11,12],[-11,12],[-12,11],[-12,-11],[-11,-12],[11,-12],[12,-11]],"c":true},"ix":2},"nm":"Path 1","mn":"ADBE Vector Shape - Group","hd":false},{"ty":"st","c":{"a":0,"k":[0,0,0,1],"ix":3},"o":{"a":0,"k":100,"ix":4},"w":{"a":0,"k":1,"ix":5},"lc":2,"lj":2,"nm":"Stroke 1","mn":"ADBE Vector Graphic - Stroke","hd":false},{"ty":"tr","p":{"a":0,"k":[0,0],"ix":2},"a":{"a":0,"k":[0,0],"ix":1},"s":{"a":0,"k":[500,500],"ix":3},"r":{"a":0,"k":0,"ix":6},"o":{"a":0,"k":100,"ix":7},"sk":{"a":0,"k":0,"ix":4},"sa":{"a":0,"k":0,"ix":5},"nm":"Transform"}],"nm":"Path","np":2,"cix":2,"ix":1,"mn":"ADBE Vector Group","hd":false}],"ip":0,"op":141.000005743048,"st":0,"bm":0},{"ddd":0,"ind":3,"ty":4,"nm":"Path","parent":4,"sr":1,"ks":{"o":{"a":0,"k":100,"ix":11},"r":{"a":0,"k":0,"ix":10},"p":{"a":0,"k":[0,0,0],"ix":2},"a":{"a":0,"k":[0,0,0],"ix":1},"s":{"a":0,"k":[100,100,100],"ix":6}},"ao":0,"shapes":[{"ty":"gr","it":[{"ind":0,"ty":"sh","ix":1,"ks":{"a":0,"k":{"i":[[0,0],[1.1,0],[0,0],[0,1.1],[0,0],[-1.1,0],[0,0],[0,-1.1]],"o":[[0,1.1],[0,0],[-1.1,0],[0,0],[0,-1.1],[0,0],[1.1,0],[0,0]],"v":[[8,6],[6,8],[-6,8],[-8,6],[-8,-6],[-6,-8],[6,-8],[8,-6]],"c":true},"ix":2},"nm":"Path 1","mn":"ADBE Vector Shape - Group","hd":false},{"ty":"st","c":{"a":0,"k":[0,0,0,1],"ix":3},"o":{"a":0,"k":100,"ix":4},"w":{"a":0,"k":1,"ix":5},"lc":2,"lj":2,"nm":"Stroke 1","mn":"ADBE Vector Graphic - Stroke","hd":false},{"ty":"tr","p":{"a":0,"k":[0,0],"ix":2},"a":{"a":0,"k":[0,0],"ix":1},"s":{"a":0,"k":[500,500],"ix":3},"r":{"a":0,"k":0,"ix":6},"o":{"a":0,"k":100,"ix":7},"sk":{"a":0,"k":0,"ix":4},"sa":{"a":0,"k":0,"ix":5},"nm":"Transform"}],"nm":"Path","np":2,"cix":2,"ix":1,"mn":"ADBE Vector Group","hd":false}],"ip":0,"op":141.000005743048,"st":0,"bm":0},{"ddd":0,"ind":4,"ty":4,"nm":"Path","sr":1,"ks":{"o":{"a":0,"k":100,"ix":11},"r":{"a":0,"k":0,"ix":10},"p":{"a":1,"k":[{"i":{"x":0.392,"y":0.494},"o":{"x":0.203,"y":0.322},"n":"0p392_0p494_0p203_0p322","t":90,"s":[68,68,0],"e":[68,85.033,0],"to":[0,5.10647201538086,0],"ti":[0,-8.33200263977051,0]},{"i":{"x":0.614,"y":1},"o":{"x":0.171,"y":1},"n":"0p614_1_0p171_1","t":97,"s":[68,85.033,0],"e":[68,87.8,0],"to":[0,1.13159847259521,0],"ti":[0,-0.69352787733078,0]},{"i":{"x":0.577,"y":0.635},"o":{"x":0.179,"y":0},"n":"0p577_0p635_0p179_0","t":105,"s":[68,87.8,0],"e":[68,-159.942,0],"to":[0,4.24498176574707,0],"ti":[0,93.390022277832,0]},{"i":{"x":0.674,"y":1},"o":{"x":0.18,"y":1},"n":"0p674_1_0p18_1","t":115,"s":[68,-159.942,0],"e":[68,-217.6,0],"to":[0,-34.210563659668,0],"ti":[0,0,0]},{"t":130.000005295009}],"ix":2},"a":{"a":0,"k":[0,0,0],"ix":1},"s":{"a":1,"k":[{"i":{"x":[0.375,0.375,0.375],"y":[0.913,0.913,-8.046]},"o":{"x":[0.194,0.194,0.194],"y":[0.068,0.068,7.112]},"n":["0p375_0p913_0p194_0p068","0p375_0p913_0p194_0p068","0p375_-8p046_0p194_7p112"],"t":10,"s":[0,0,100],"e":[62.463,62.463,100]},{"i":{"x":[0.702,0.702,0.702],"y":[1,1,1]},"o":{"x":[0.295,0.295,0.295],"y":[-1.797,-1.797,7.376]},"n":["0p702_1_0p295_-1p797","0p702_1_0p295_-1p797","0p702_1_0p295_7p376"],"t":21,"s":[62.463,62.463,100],"e":[60,60,100]},{"t":40.0000016292334}],"ix":6}},"ao":0,"shapes":[{"ty":"gr","it":[{"ind":0,"ty":"sh","ix":1,"ks":{"a":0,"k":{"i":[[0,0],[1.1,0],[0,0],[0,1.1],[0,0],[-1.1,0],[0,0],[0,-1.1]],"o":[[0,1.1],[0,0],[-1.1,0],[0,0],[0,-1.1],[0,0],[1.1,0],[0,0]],"v":[[8,6],[6,8],[-6,8],[-8,6],[-8,-6],[-6,-8],[6,-8],[8,-6]],"c":true},"ix":2},"nm":"Path 1","mn":"ADBE Vector Shape - Group","hd":false},{"ty":"fl","c":{"a":0,"k":[0.776471018791,0.776471018791,0.776471018791,1],"ix":4},"o":{"a":0,"k":100,"ix":5},"r":1,"nm":"Fill 1","mn":"ADBE Vector Graphic - Fill","hd":false},{"ty":"tr","p":{"a":0,"k":[0,0],"ix":2},"a":{"a":0,"k":[0,0],"ix":1},"s":{"a":0,"k":[500,500],"ix":3},"r":{"a":0,"k":0,"ix":6},"o":{"a":0,"k":100,"ix":7},"sk":{"a":0,"k":0,"ix":4},"sa":{"a":0,"k":0,"ix":5},"nm":"Transform"}],"nm":"Path","np":2,"cix":2,"ix":1,"mn":"ADBE Vector Group","hd":false}],"ip":0,"op":141.000005743048,"st":0,"bm":0},{"ddd":0,"ind":5,"ty":4,"nm":"Path","parent":7,"sr":1,"ks":{"o":{"a":0,"k":100,"ix":11},"r":{"a":0,"k":0,"ix":10},"p":{"a":0,"k":[-52.5,0,0],"ix":2},"a":{"a":0,"k":[0,0,0],"ix":1},"s":{"a":0,"k":[100,100,100],"ix":6}},"ao":0,"shapes":[{"ty":"gr","it":[{"ind":0,"ty":"sh","ix":1,"ks":{"a":0,"k":{"i":[[-0.55,0],[0,0],[0,-0.55],[0,0],[-0.55,0],[0,0],[0,0.55],[0,0]],"o":[[0,0],[-0.55,0],[0,0],[0,0.55],[0,0],[-0.55,0],[0,0],[0,-0.55]],"v":[[-0.5,-12],[1.5,-12],[0.5,-11],[0.5,11],[1.5,12],[-0.5,12],[-1.5,11],[-1.5,-11]],"c":true},"ix":2},"nm":"Path 1","mn":"ADBE Vector Shape - Group","hd":false},{"ty":"fl","c":{"a":0,"k":[0.631372988224,0.854902029037,0.972549021244,1],"ix":4},"o":{"a":0,"k":100,"ix":5},"r":1,"nm":"Fill 1","mn":"ADBE Vector Graphic - Fill","hd":false},{"ty":"tr","p":{"a":0,"k":[0,0],"ix":2},"a":{"a":0,"k":[0,0],"ix":1},"s":{"a":0,"k":[500,500],"ix":3},"r":{"a":0,"k":0,"ix":6},"o":{"a":0,"k":100,"ix":7},"sk":{"a":0,"k":0,"ix":4},"sa":{"a":0,"k":0,"ix":5},"nm":"Transform"}],"nm":"Path","np":2,"cix":2,"ix":1,"mn":"ADBE Vector Group","hd":false}],"ip":0,"op":141.000005743048,"st":0,"bm":0},{"ddd":0,"ind":6,"ty":4,"nm":"Path","parent":7,"sr":1,"ks":{"o":{"a":0,"k":100,"ix":11},"r":{"a":0,"k":0,"ix":10},"p":{"a":0,"k":[52.5,0,0],"ix":2},"a":{"a":0,"k":[0,0,0],"ix":1},"s":{"a":0,"k":[100,100,100],"ix":6}},"ao":0,"shapes":[{"ty":"gr","it":[{"ind":0,"ty":"sh","ix":1,"ks":{"a":0,"k":{"i":[[0.55,0],[0,0],[0,-0.55],[0,0],[0.55,0],[0,0],[0,0.55],[0,0]],"o":[[0,0],[0.55,0],[0,0],[0,0.55],[0,0],[0.55,0],[0,0],[0,-0.55]],"v":[[0.5,-12],[-1.5,-12],[-0.5,-11],[-0.5,11],[-1.5,12],[0.5,12],[1.5,11],[1.5,-11]],"c":true},"ix":2},"nm":"Path 1","mn":"ADBE Vector Shape - Group","hd":false},{"ty":"fl","c":{"a":0,"k":[0,0.607842981815,0.839215993881,1],"ix":4},"o":{"a":0,"k":100,"ix":5},"r":1,"nm":"Fill 1","mn":"ADBE Vector Graphic - Fill","hd":false},{"ty":"tr","p":{"a":0,"k":[0,0],"ix":2},"a":{"a":0,"k":[0,0],"ix":1},"s":{"a":0,"k":[500,500],"ix":3},"r":{"a":0,"k":0,"ix":6},"o":{"a":0,"k":100,"ix":7},"sk":{"a":0,"k":0,"ix":4},"sa":{"a":0,"k":0,"ix":5},"nm":"Transform"}],"nm":"Path","np":2,"cix":2,"ix":1,"mn":"ADBE Vector Group","hd":false}],"ip":0,"op":141.000005743048,"st":0,"bm":0},{"ddd":0,"ind":7,"ty":4,"nm":"Path","sr":1,"ks":{"o":{"a":0,"k":100,"ix":11},"r":{"a":0,"k":0,"ix":10},"p":{"a":1,"k":[{"i":{"x":0.392,"y":0.494},"o":{"x":0.203,"y":0.322},"n":"0p392_0p494_0p203_0p322","t":90,"s":[68,68,0],"e":[68,85.033,0],"to":[0,5.10647201538086,0],"ti":[0,-8.33200263977051,0]},{"i":{"x":0.614,"y":1},"o":{"x":0.171,"y":1},"n":"0p614_1_0p171_1","t":97,"s":[68,85.033,0],"e":[68,87.8,0],"to":[0,1.13159847259521,0],"ti":[0,-0.69352787733078,0]},{"i":{"x":0.577,"y":0.635},"o":{"x":0.179,"y":0},"n":"0p577_0p635_0p179_0","t":105,"s":[68,87.8,0],"e":[68,-159.942,0],"to":[0,4.24498176574707,0],"ti":[0,93.390022277832,0]},{"i":{"x":0.674,"y":1},"o":{"x":0.18,"y":1},"n":"0p674_1_0p18_1","t":115,"s":[68,-159.942,0],"e":[68,-217.6,0],"to":[0,-34.210563659668,0],"ti":[0,0,0]},{"t":130.000005295009}],"ix":2},"a":{"a":0,"k":[0,0,0],"ix":1},"s":{"a":1,"k":[{"i":{"x":[0.375,0.375,0.375],"y":[0.913,0.913,-8.046]},"o":{"x":[0.194,0.194,0.194],"y":[0.068,0.068,7.112]},"n":["0p375_0p913_0p194_0p068","0p375_0p913_0p194_0p068","0p375_-8p046_0p194_7p112"],"t":5,"s":[0,0,100],"e":[62.463,62.463,100]},{"i":{"x":[0.702,0.702,0.702],"y":[1,1,1]},"o":{"x":[0.295,0.295,0.295],"y":[-1.797,-1.797,7.376]},"n":["0p702_1_0p295_-1p797","0p702_1_0p295_-1p797","0p702_1_0p295_7p376"],"t":16,"s":[62.463,62.463,100],"e":[60,60,100]},{"t":35.0000014255792}],"ix":6}},"ao":0,"shapes":[{"ty":"gr","it":[{"ind":0,"ty":"sh","ix":1,"ks":{"a":0,"k":{"i":[[0,0],[0.55,0],[0,0],[0,0.55],[0,0],[-0.55,0],[0,0],[0,-0.55]],"o":[[0,0.55],[0,0],[-0.55,0],[0,0],[0,-0.55],[0,0],[0.55,0],[0,0]],"v":[[12,11],[11,12],[-11,12],[-12,11],[-12,-11],[-11,-12],[11,-12],[12,-11]],"c":true},"ix":2},"nm":"Path 1","mn":"ADBE Vector Shape - Group","hd":false},{"ty":"fl","c":{"a":0,"k":[0.043136999011,0.7333329916,0.93725502491,1],"ix":4},"o":{"a":0,"k":100,"ix":5},"r":1,"nm":"Fill 1","mn":"ADBE Vector Graphic - Fill","hd":false},{"ty":"tr","p":{"a":0,"k":[0,0],"ix":2},"a":{"a":0,"k":[0,0],"ix":1},"s":{"a":0,"k":[500,500],"ix":3},"r":{"a":0,"k":0,"ix":6},"o":{"a":0,"k":100,"ix":7},"sk":{"a":0,"k":0,"ix":4},"sa":{"a":0,"k":0,"ix":5},"nm":"Transform"}],"nm":"Path","np":2,"cix":2,"ix":1,"mn":"ADBE Vector Group","hd":false}],"ip":0,"op":141.000005743048,"st":0,"bm":0}],"markers":[]}