{"v":"5.3.4","fr":29.9700012207031,"ip":0,"op":141.000005743048,"w":136,"h":136,"nm":"3_Bandage","ddd":0,"assets":[],"layers":[{"ddd":0,"ind":1,"ty":4,"nm":"Oval","parent":8,"sr":1,"ks":{"o":{"a":0,"k":100,"ix":11},"r":{"a":0,"k":0,"ix":10},"p":{"a":0,"k":[12.5,20,0],"ix":2},"a":{"a":0,"k":[0,0,0],"ix":1},"s":{"a":1,"k":[{"i":{"x":[0.454,0.454,0.454],"y":[0.886,0.886,-11.534]},"o":{"x":[0.186,0.186,0.186],"y":[0.09,0.09,9.906]},"n":["0p454_0p886_0p186_0p09","0p454_0p886_0p186_0p09","0p454_-11p534_0p186_9p906"],"t":15,"s":[0,0,100],"e":[110.162,110.162,100]},{"i":{"x":[0.681,0.681,0.681],"y":[1,1,1]},"o":{"x":[0.306,0.306,0.306],"y":[-0.604,-0.604,6.142]},"n":["0p681_1_0p306_-0p604","0p681_1_0p306_-0p604","0p681_1_0p306_6p142"],"t":31,"s":[110.162,110.162,100],"e":[100,100,100]},{"t":45.0000018328876}],"ix":6}},"ao":0,"shapes":[{"ty":"gr","it":[{"d":1,"ty":"el","s":{"a":0,"k":[2,2],"ix":2},"p":{"a":0,"k":[0,0],"ix":3},"nm":"Ellipse Path 1","mn":"ADBE Vector Shape - Ellipse","hd":false},{"ty":"fl","c":{"a":0,"k":[0,0,0,1],"ix":4},"o":{"a":0,"k":100,"ix":5},"r":1,"nm":"Fill 1","mn":"ADBE Vector Graphic - Fill","hd":false},{"ty":"tr","p":{"a":0,"k":[0,0],"ix":2},"a":{"a":0,"k":[0,0],"ix":1},"s":{"a":0,"k":[500,500],"ix":3},"r":{"a":0,"k":0,"ix":6},"o":{"a":0,"k":100,"ix":7},"sk":{"a":0,"k":0,"ix":4},"sa":{"a":0,"k":0,"ix":5},"nm":"Transform"}],"nm":"Oval","np":2,"cix":2,"ix":1,"mn":"ADBE Vector Group","hd":false}],"ip":0,"op":141.000005743048,"st":0,"bm":0},{"ddd":0,"ind":2,"ty":4,"nm":"Oval","parent":8,"sr":1,"ks":{"o":{"a":0,"k":100,"ix":11},"r":{"a":0,"k":0,"ix":10},"p":{"a":0,"k":[-12.5,20,0],"ix":2},"a":{"a":0,"k":[0,0,0],"ix":1},"s":{"a":1,"k":[{"i":{"x":[0.454,0.454,0.454],"y":[0.886,0.886,-11.534]},"o":{"x":[0.186,0.186,0.186],"y":[0.09,0.09,9.906]},"n":["0p454_0p886_0p186_0p09","0p454_0p886_0p186_0p09","0p454_-11p534_0p186_9p906"],"t":10,"s":[0,0,100],"e":[110.162,110.162,100]},{"i":{"x":[0.681,0.681,0.681],"y":[1,1,1]},"o":{"x":[0.306,0.306,0.306],"y":[-0.604,-0.604,6.142]},"n":["0p681_1_0p306_-0p604","0p681_1_0p306_-0p604","0p681_1_0p306_6p142"],"t":26,"s":[110.162,110.162,100],"e":[100,100,100]},{"t":40.0000016292334}],"ix":6}},"ao":0,"shapes":[{"ty":"gr","it":[{"d":1,"ty":"el","s":{"a":0,"k":[2,2],"ix":2},"p":{"a":0,"k":[0,0],"ix":3},"nm":"Ellipse Path 1","mn":"ADBE Vector Shape - Ellipse","hd":false},{"ty":"fl","c":{"a":0,"k":[0,0,0,1],"ix":4},"o":{"a":0,"k":100,"ix":5},"r":1,"nm":"Fill 1","mn":"ADBE Vector Graphic - Fill","hd":false},{"ty":"tr","p":{"a":0,"k":[0,0],"ix":2},"a":{"a":0,"k":[0,0],"ix":1},"s":{"a":0,"k":[500,500],"ix":3},"r":{"a":0,"k":0,"ix":6},"o":{"a":0,"k":100,"ix":7},"sk":{"a":0,"k":0,"ix":4},"sa":{"a":0,"k":0,"ix":5},"nm":"Transform"}],"nm":"Oval","np":2,"cix":2,"ix":1,"mn":"ADBE Vector Group","hd":false}],"ip":0,"op":141.000005743048,"st":0,"bm":0},{"ddd":0,"ind":3,"ty":4,"nm":"Oval","parent":8,"sr":1,"ks":{"o":{"a":0,"k":100,"ix":11},"r":{"a":0,"k":0,"ix":10},"p":{"a":0,"k":[12.5,-20,0],"ix":2},"a":{"a":0,"k":[0,0,0],"ix":1},"s":{"a":1,"k":[{"i":{"x":[0.454,0.454,0.454],"y":[0.886,0.886,-11.534]},"o":{"x":[0.186,0.186,0.186],"y":[0.09,0.09,9.906]},"n":["0p454_0p886_0p186_0p09","0p454_0p886_0p186_0p09","0p454_-11p534_0p186_9p906"],"t":5,"s":[0,0,100],"e":[110.162,110.162,100]},{"i":{"x":[0.682,0.682,0.682],"y":[1,1,1]},"o":{"x":[0.306,0.306,0.306],"y":[-0.604,-0.604,6.142]},"n":["0p682_1_0p306_-0p604","0p682_1_0p306_-0p604","0p682_1_0p306_6p142"],"t":21,"s":[110.162,110.162,100],"e":[100,100,100]},{"t":35.0000014255792}],"ix":6}},"ao":0,"shapes":[{"ty":"gr","it":[{"d":1,"ty":"el","s":{"a":0,"k":[2,2],"ix":2},"p":{"a":0,"k":[0,0],"ix":3},"nm":"Ellipse Path 1","mn":"ADBE Vector Shape - Ellipse","hd":false},{"ty":"fl","c":{"a":0,"k":[0,0,0,1],"ix":4},"o":{"a":0,"k":100,"ix":5},"r":1,"nm":"Fill 1","mn":"ADBE Vector Graphic - Fill","hd":false},{"ty":"tr","p":{"a":0,"k":[0,0],"ix":2},"a":{"a":0,"k":[0,0],"ix":1},"s":{"a":0,"k":[500,500],"ix":3},"r":{"a":0,"k":0,"ix":6},"o":{"a":0,"k":100,"ix":7},"sk":{"a":0,"k":0,"ix":4},"sa":{"a":0,"k":0,"ix":5},"nm":"Transform"}],"nm":"Oval","np":2,"cix":2,"ix":1,"mn":"ADBE Vector Group","hd":false}],"ip":0,"op":141.000005743048,"st":0,"bm":0},{"ddd":0,"ind":4,"ty":4,"nm":"Oval","parent":8,"sr":1,"ks":{"o":{"a":0,"k":100,"ix":11},"r":{"a":0,"k":0,"ix":10},"p":{"a":0,"k":[-12.5,-20,0],"ix":2},"a":{"a":0,"k":[0,0,0],"ix":1},"s":{"a":1,"k":[{"i":{"x":[0.454,0.454,0.454],"y":[0.886,0.886,-11.534]},"o":{"x":[0.186,0.186,0.186],"y":[0.09,0.09,9.906]},"n":["0p454_0p886_0p186_0p09","0p454_0p886_0p186_0p09","0p454_-11p534_0p186_9p906"],"t":0,"s":[0,0,100],"e":[110.162,110.162,100]},{"i":{"x":[0.682,0.682,0.682],"y":[1,1,1]},"o":{"x":[0.306,0.306,0.306],"y":[-0.604,-0.604,6.142]},"n":["0p682_1_0p306_-0p604","0p682_1_0p306_-0p604","0p682_1_0p306_6p142"],"t":16,"s":[110.162,110.162,100],"e":[100,100,100]},{"t":30.0000012219251}],"ix":6}},"ao":0,"shapes":[{"ty":"gr","it":[{"d":1,"ty":"el","s":{"a":0,"k":[2,2],"ix":2},"p":{"a":0,"k":[0,0],"ix":3},"nm":"Ellipse Path 1","mn":"ADBE Vector Shape - Ellipse","hd":false},{"ty":"fl","c":{"a":0,"k":[0,0,0,1],"ix":4},"o":{"a":0,"k":100,"ix":5},"r":1,"nm":"Fill 1","mn":"ADBE Vector Graphic - Fill","hd":false},{"ty":"tr","p":{"a":0,"k":[0,0],"ix":2},"a":{"a":0,"k":[0,0],"ix":1},"s":{"a":0,"k":[500,500],"ix":3},"r":{"a":0,"k":0,"ix":6},"o":{"a":0,"k":100,"ix":7},"sk":{"a":0,"k":0,"ix":4},"sa":{"a":0,"k":0,"ix":5},"nm":"Transform"}],"nm":"Oval","np":2,"cix":2,"ix":1,"mn":"ADBE Vector Group","hd":false}],"ip":0,"op":141.000005743048,"st":0,"bm":0},{"ddd":0,"ind":5,"ty":4,"nm":"Path","sr":1,"ks":{"o":{"a":0,"k":100,"ix":11},"r":{"a":0,"k":0,"ix":10},"p":{"a":1,"k":[{"i":{"x":0.471,"y":0.456},"o":{"x":0.196,"y":0.312},"n":"0p471_0p456_0p196_0p312","t":80,"s":[66.5,68,0],"e":[66.5,85.865,0],"to":[0,5.20813274383545,0],"ti":[0,-9.10895252227783,0]},{"i":{"x":0.623,"y":1},"o":{"x":0.178,"y":1},"n":"0p623_1_0p178_1","t":87,"s":[66.5,85.865,0],"e":[66.5,89.6,0],"to":[0,1.55986368656158,0],"ti":[0,-0.89186733961105,0]},{"i":{"x":0.587,"y":0.787},"o":{"x":0.175,"y":0},"n":"0p587_0p787_0p175_0","t":95,"s":[66.5,89.6,0],"e":[66.5,-82.883,0],"to":[0,4.77192544937134,0],"ti":[0,58.477409362793,0]},{"i":{"x":0.677,"y":1},"o":{"x":0.12,"y":1},"n":"0p677_1_0p12_1","t":105,"s":[66.5,-82.883,0],"e":[66.5,-109.6,0],"to":[0,-16.2748489379883,0],"ti":[0,0,0]},{"t":130.000005295009}],"ix":2},"a":{"a":0,"k":[0,0,0],"ix":1},"s":{"a":1,"k":[{"i":{"x":[0.454,0.454,0.454],"y":[0.896,0.896,-9.967]},"o":{"x":[0.186,0.186,0.186],"y":[0.082,0.082,8.668]},"n":["0p454_0p896_0p186_0p082","0p454_0p896_0p186_0p082","0p454_-9p967_0p186_8p668"],"t":0,"s":[0,0,100],"e":[63.097,63.097,100]},{"i":{"x":[0.638,0.638,0.638],"y":[1,1,1]},"o":{"x":[0.306,0.306,0.306],"y":[-1.36,-1.36,7.019]},"n":["0p638_1_0p306_-1p36","0p638_1_0p306_-1p36","0p638_1_0p306_7p019"],"t":14,"s":[63.097,63.097,100],"e":[60,60,100]},{"t":30.0000012219251}],"ix":6}},"ao":0,"shapes":[{"ty":"gr","it":[{"ind":0,"ty":"sh","ix":1,"ks":{"a":0,"k":{"i":[[0,0],[1.38,0],[0,0],[0,1.38],[0,0],[-1.38,0],[0,0],[0,-1.38]],"o":[[0,1.38],[0,0],[-1.38,0],[0,0],[0,-1.38],[0,0],[1.38,0],[0,0]],"v":[[6.5,9.5],[4,12],[-4,12],[-6.5,9.5],[-6.5,-9.5],[-4,-12],[4,-12],[6.5,-9.5]],"c":true},"ix":2},"nm":"Path 1","mn":"ADBE Vector Shape - Group","hd":false},{"ty":"st","c":{"a":0,"k":[0,0,0,1],"ix":3},"o":{"a":0,"k":100,"ix":4},"w":{"a":0,"k":1,"ix":5},"lc":2,"lj":2,"nm":"Stroke 1","mn":"ADBE Vector Graphic - Stroke","hd":false},{"ty":"tr","p":{"a":0,"k":[0,0],"ix":2},"a":{"a":0,"k":[0,0],"ix":1},"s":{"a":0,"k":[500,500],"ix":3},"r":{"a":0,"k":0,"ix":6},"o":{"a":0,"k":100,"ix":7},"sk":{"a":0,"k":0,"ix":4},"sa":{"a":0,"k":0,"ix":5},"nm":"Transform"}],"nm":"Path","np":2,"cix":2,"ix":1,"mn":"ADBE Vector Group","hd":false}],"ip":0,"op":141.000005743048,"st":0,"bm":0},{"ddd":0,"ind":6,"ty":4,"nm":"Path","parent":8,"sr":1,"ks":{"o":{"a":0,"k":100,"ix":11},"r":{"a":0,"k":0,"ix":10},"p":{"a":0,"k":[-21.25,0,0],"ix":2},"a":{"a":0,"k":[0,0,0],"ix":1},"s":{"a":0,"k":[100,100,100],"ix":6}},"ao":0,"shapes":[{"ty":"gr","it":[{"ind":0,"ty":"sh","ix":1,"ks":{"a":0,"k":{"i":[[-1.38,0],[0,0],[0,-1.38],[0,0],[-1.38,0],[0,0],[0,1.38],[0,0]],"o":[[0,0],[-1.38,0],[0,0],[0,1.38],[0,0],[-1.38,0],[0,0],[0,-1.38]],"v":[[0.25,-12],[2.25,-12],[-0.25,-9.5],[-0.25,9.5],[2.25,12],[0.25,12],[-2.25,9.5],[-2.25,-9.5]],"c":true},"ix":2},"nm":"Path 1","mn":"ADBE Vector Shape - Group","hd":false},{"ty":"fl","c":{"a":0,"k":[0.972549021244,0.784313976765,0.815685987473,1],"ix":4},"o":{"a":0,"k":100,"ix":5},"r":1,"nm":"Fill 1","mn":"ADBE Vector Graphic - Fill","hd":false},{"ty":"tr","p":{"a":0,"k":[0,0],"ix":2},"a":{"a":0,"k":[0,0],"ix":1},"s":{"a":0,"k":[500,500],"ix":3},"r":{"a":0,"k":0,"ix":6},"o":{"a":0,"k":100,"ix":7},"sk":{"a":0,"k":0,"ix":4},"sa":{"a":0,"k":0,"ix":5},"nm":"Transform"}],"nm":"Path","np":2,"cix":2,"ix":1,"mn":"ADBE Vector Group","hd":false}],"ip":0,"op":141.000005743048,"st":0,"bm":0},{"ddd":0,"ind":7,"ty":4,"nm":"Path","parent":8,"sr":1,"ks":{"o":{"a":0,"k":100,"ix":11},"r":{"a":0,"k":0,"ix":10},"p":{"a":0,"k":[21.25,0,0],"ix":2},"a":{"a":0,"k":[0,0,0],"ix":1},"s":{"a":0,"k":[100,100,100],"ix":6}},"ao":0,"shapes":[{"ty":"gr","it":[{"ind":0,"ty":"sh","ix":1,"ks":{"a":0,"k":{"i":[[1.38,0],[0,0],[0,-1.38],[0,0],[1.38,0],[0,0],[0,1.38],[0,0]],"o":[[0,0],[1.38,0],[0,0],[0,1.38],[0,0],[1.38,0],[0,0],[0,-1.38]],"v":[[-0.25,-12],[-2.25,-12],[0.25,-9.5],[0.25,9.5],[-2.25,12],[-0.25,12],[2.25,9.5],[2.25,-9.5]],"c":true},"ix":2},"nm":"Path 1","mn":"ADBE Vector Shape - Group","hd":false},{"ty":"fl","c":{"a":0,"k":[0.870588004589,0.486274987459,0.525489985943,1],"ix":4},"o":{"a":0,"k":100,"ix":5},"r":1,"nm":"Fill 1","mn":"ADBE Vector Graphic - Fill","hd":false},{"ty":"tr","p":{"a":0,"k":[0,0],"ix":2},"a":{"a":0,"k":[0,0],"ix":1},"s":{"a":0,"k":[500,500],"ix":3},"r":{"a":0,"k":0,"ix":6},"o":{"a":0,"k":100,"ix":7},"sk":{"a":0,"k":0,"ix":4},"sa":{"a":0,"k":0,"ix":5},"nm":"Transform"}],"nm":"Path","np":2,"cix":2,"ix":1,"mn":"ADBE Vector Group","hd":false}],"ip":0,"op":141.000005743048,"st":0,"bm":0},{"ddd":0,"ind":8,"ty":4,"nm":"Path","sr":1,"ks":{"o":{"a":0,"k":100,"ix":11},"r":{"a":0,"k":0,"ix":10},"p":{"a":1,"k":[{"i":{"x":0.471,"y":0.456},"o":{"x":0.196,"y":0.312},"n":"0p471_0p456_0p196_0p312","t":80,"s":[66.5,68,0],"e":[66.5,85.865,0],"to":[0,5.20813274383545,0],"ti":[0,-9.10895252227783,0]},{"i":{"x":0.623,"y":1},"o":{"x":0.178,"y":1},"n":"0p623_1_0p178_1","t":87,"s":[66.5,85.865,0],"e":[66.5,89.6,0],"to":[0,1.55986368656158,0],"ti":[0,-0.89186733961105,0]},{"i":{"x":0.587,"y":0.787},"o":{"x":0.175,"y":0},"n":"0p587_0p787_0p175_0","t":95,"s":[66.5,89.6,0],"e":[66.5,-82.883,0],"to":[0,4.77192544937134,0],"ti":[0,58.477409362793,0]},{"i":{"x":0.677,"y":1},"o":{"x":0.12,"y":1},"n":"0p677_1_0p12_1","t":105,"s":[66.5,-82.883,0],"e":[66.5,-109.6,0],"to":[0,-16.2748489379883,0],"ti":[0,0,0]},{"t":130.000005295009}],"ix":2},"a":{"a":0,"k":[0,0,0],"ix":1},"s":{"a":1,"k":[{"i":{"x":[0.454,0.454,0.454],"y":[0.896,0.896,-9.967]},"o":{"x":[0.186,0.186,0.186],"y":[0.082,0.082,8.668]},"n":["0p454_0p896_0p186_0p082","0p454_0p896_0p186_0p082","0p454_-9p967_0p186_8p668"],"t":4,"s":[0,0,100],"e":[63.097,63.097,100]},{"i":{"x":[0.638,0.638,0.638],"y":[1,1,1]},"o":{"x":[0.306,0.306,0.306],"y":[-1.36,-1.36,7.019]},"n":["0p638_1_0p306_-1p36","0p638_1_0p306_-1p36","0p638_1_0p306_7p019"],"t":18,"s":[63.097,63.097,100],"e":[60,60,100]},{"t":34.0000013848484}],"ix":6}},"ao":0,"shapes":[{"ty":"gr","it":[{"ind":0,"ty":"sh","ix":1,"ks":{"a":0,"k":{"i":[[0,0],[1.38,0],[0,0],[0,1.38],[0,0],[-1.38,0],[0,0],[0,-1.38]],"o":[[0,1.38],[0,0],[-1.38,0],[0,0],[0,-1.38],[0,0],[1.38,0],[0,0]],"v":[[6.5,9.5],[4,12],[-4,12],[-6.5,9.5],[-6.5,-9.5],[-4,-12],[4,-12],[6.5,-9.5]],"c":true},"ix":2},"nm":"Path 1","mn":"ADBE Vector Shape - Group","hd":false},{"ty":"fl","c":{"a":0,"k":[0.952941000462,0.615685999393,0.666666984558,1],"ix":4},"o":{"a":0,"k":100,"ix":5},"r":1,"nm":"Fill 1","mn":"ADBE Vector Graphic - Fill","hd":false},{"ty":"tr","p":{"a":0,"k":[0,0],"ix":2},"a":{"a":0,"k":[0,0],"ix":1},"s":{"a":0,"k":[500,500],"ix":3},"r":{"a":0,"k":0,"ix":6},"o":{"a":0,"k":100,"ix":7},"sk":{"a":0,"k":0,"ix":4},"sa":{"a":0,"k":0,"ix":5},"nm":"Transform"}],"nm":"Path","np":2,"cix":2,"ix":1,"mn":"ADBE Vector Group","hd":false}],"ip":0,"op":141.000005743048,"st":0,"bm":0}],"markers":[]}