{"v":"5.3.4","fr":29.9700012207031,"ip":0,"op":141.000005743048,"w":136,"h":136,"nm":"5_Gauze_sponge","ddd":0,"assets":[],"layers":[{"ddd":0,"ind":1,"ty":4,"nm":"Oval","parent":16,"sr":1,"ks":{"o":{"a":0,"k":100,"ix":11},"r":{"a":0,"k":0,"ix":10},"p":{"a":0,"k":[25,37.5,0],"ix":2},"a":{"a":0,"k":[0,0,0],"ix":1},"s":{"a":1,"k":[{"i":{"x":[0.454,0.454,0.454],"y":[0.896,0.896,1]},"o":{"x":[0.186,0.186,0.186],"y":[0.082,0.082,0]},"n":["0p454_0p896_0p186_0p082","0p454_0p896_0p186_0p082","0p454_1_0p186_0"],"t":33,"s":[0,0,100],"e":[105.162,105.162,100]},{"i":{"x":[0.679,0.679,0.679],"y":[1,1,1]},"o":{"x":[0.306,0.306,0.306],"y":[-1.36,-1.36,0]},"n":["0p679_1_0p306_-1p36","0p679_1_0p306_-1p36","0p679_1_0p306_0"],"t":47,"s":[105.162,105.162,100],"e":[100,100,100]},{"t":63.0000025660426}],"ix":6}},"ao":0,"shapes":[{"ty":"gr","it":[{"d":1,"ty":"el","s":{"a":0,"k":[2,2],"ix":2},"p":{"a":0,"k":[0,0],"ix":3},"nm":"Ellipse Path 1","mn":"ADBE Vector Shape - Ellipse","hd":false},{"ty":"fl","c":{"a":0,"k":[0,0,0,1],"ix":4},"o":{"a":0,"k":100,"ix":5},"r":1,"nm":"Fill 1","mn":"ADBE Vector Graphic - Fill","hd":false},{"ty":"tr","p":{"a":0,"k":[0,0],"ix":2},"a":{"a":0,"k":[0,0],"ix":1},"s":{"a":0,"k":[500,500],"ix":3},"r":{"a":0,"k":0,"ix":6},"o":{"a":0,"k":100,"ix":7},"sk":{"a":0,"k":0,"ix":4},"sa":{"a":0,"k":0,"ix":5},"nm":"Transform"}],"nm":"Oval","np":2,"cix":2,"ix":1,"mn":"ADBE Vector Group","hd":false}],"ip":0,"op":141.000005743048,"st":0,"bm":0},{"ddd":0,"ind":2,"ty":4,"nm":"Oval","parent":16,"sr":1,"ks":{"o":{"a":0,"k":100,"ix":11},"r":{"a":0,"k":0,"ix":10},"p":{"a":0,"k":[0,37.5,0],"ix":2},"a":{"a":0,"k":[0,0,0],"ix":1},"s":{"a":1,"k":[{"i":{"x":[0.454,0.454,0.454],"y":[0.896,0.896,1]},"o":{"x":[0.186,0.186,0.186],"y":[0.082,0.082,0]},"n":["0p454_0p896_0p186_0p082","0p454_0p896_0p186_0p082","0p454_1_0p186_0"],"t":30,"s":[0,0,100],"e":[105.162,105.162,100]},{"i":{"x":[0.68,0.68,0.68],"y":[1,1,1]},"o":{"x":[0.306,0.306,0.306],"y":[-1.36,-1.36,0]},"n":["0p68_1_0p306_-1p36","0p68_1_0p306_-1p36","0p68_1_0p306_0"],"t":44,"s":[105.162,105.162,100],"e":[100,100,100]},{"t":60.0000024438501}],"ix":6}},"ao":0,"shapes":[{"ty":"gr","it":[{"d":1,"ty":"el","s":{"a":0,"k":[2,2],"ix":2},"p":{"a":0,"k":[0,0],"ix":3},"nm":"Ellipse Path 1","mn":"ADBE Vector Shape - Ellipse","hd":false},{"ty":"fl","c":{"a":0,"k":[0,0,0,1],"ix":4},"o":{"a":0,"k":100,"ix":5},"r":1,"nm":"Fill 1","mn":"ADBE Vector Graphic - Fill","hd":false},{"ty":"tr","p":{"a":0,"k":[0,0],"ix":2},"a":{"a":0,"k":[0,0],"ix":1},"s":{"a":0,"k":[500,500],"ix":3},"r":{"a":0,"k":0,"ix":6},"o":{"a":0,"k":100,"ix":7},"sk":{"a":0,"k":0,"ix":4},"sa":{"a":0,"k":0,"ix":5},"nm":"Transform"}],"nm":"Oval","np":2,"cix":2,"ix":1,"mn":"ADBE Vector Group","hd":false}],"ip":0,"op":141.000005743048,"st":0,"bm":0},{"ddd":0,"ind":3,"ty":4,"nm":"Oval","parent":16,"sr":1,"ks":{"o":{"a":0,"k":100,"ix":11},"r":{"a":0,"k":0,"ix":10},"p":{"a":0,"k":[-25,37.5,0],"ix":2},"a":{"a":0,"k":[0,0,0],"ix":1},"s":{"a":1,"k":[{"i":{"x":[0.454,0.454,0.454],"y":[0.896,0.896,1]},"o":{"x":[0.186,0.186,0.186],"y":[0.082,0.082,0]},"n":["0p454_0p896_0p186_0p082","0p454_0p896_0p186_0p082","0p454_1_0p186_0"],"t":27,"s":[0,0,100],"e":[105.162,105.162,100]},{"i":{"x":[0.68,0.68,0.68],"y":[1,1,1]},"o":{"x":[0.306,0.306,0.306],"y":[-1.36,-1.36,0]},"n":["0p68_1_0p306_-1p36","0p68_1_0p306_-1p36","0p68_1_0p306_0"],"t":41,"s":[105.162,105.162,100],"e":[100,100,100]},{"t":57.0000023216576}],"ix":6}},"ao":0,"shapes":[{"ty":"gr","it":[{"d":1,"ty":"el","s":{"a":0,"k":[2,2],"ix":2},"p":{"a":0,"k":[0,0],"ix":3},"nm":"Ellipse Path 1","mn":"ADBE Vector Shape - Ellipse","hd":false},{"ty":"fl","c":{"a":0,"k":[0,0,0,1],"ix":4},"o":{"a":0,"k":100,"ix":5},"r":1,"nm":"Fill 1","mn":"ADBE Vector Graphic - Fill","hd":false},{"ty":"tr","p":{"a":0,"k":[0,0],"ix":2},"a":{"a":0,"k":[0,0],"ix":1},"s":{"a":0,"k":[500,500],"ix":3},"r":{"a":0,"k":0,"ix":6},"o":{"a":0,"k":100,"ix":7},"sk":{"a":0,"k":0,"ix":4},"sa":{"a":0,"k":0,"ix":5},"nm":"Transform"}],"nm":"Oval","np":2,"cix":2,"ix":1,"mn":"ADBE Vector Group","hd":false}],"ip":0,"op":141.000005743048,"st":0,"bm":0},{"ddd":0,"ind":4,"ty":4,"nm":"Oval","parent":16,"sr":1,"ks":{"o":{"a":0,"k":100,"ix":11},"r":{"a":0,"k":0,"ix":10},"p":{"a":0,"k":[25,12.5,0],"ix":2},"a":{"a":0,"k":[0,0,0],"ix":1},"s":{"a":1,"k":[{"i":{"x":[0.454,0.454,0.454],"y":[0.896,0.896,1]},"o":{"x":[0.186,0.186,0.186],"y":[0.082,0.082,0]},"n":["0p454_0p896_0p186_0p082","0p454_0p896_0p186_0p082","0p454_1_0p186_0"],"t":24,"s":[0,0,100],"e":[105.162,105.162,100]},{"i":{"x":[0.68,0.68,0.68],"y":[1,1,1]},"o":{"x":[0.306,0.306,0.306],"y":[-1.36,-1.36,0]},"n":["0p68_1_0p306_-1p36","0p68_1_0p306_-1p36","0p68_1_0p306_0"],"t":38,"s":[105.162,105.162,100],"e":[100,100,100]},{"t":54.0000021994651}],"ix":6}},"ao":0,"shapes":[{"ty":"gr","it":[{"d":1,"ty":"el","s":{"a":0,"k":[2,2],"ix":2},"p":{"a":0,"k":[0,0],"ix":3},"nm":"Ellipse Path 1","mn":"ADBE Vector Shape - Ellipse","hd":false},{"ty":"fl","c":{"a":0,"k":[0,0,0,1],"ix":4},"o":{"a":0,"k":100,"ix":5},"r":1,"nm":"Fill 1","mn":"ADBE Vector Graphic - Fill","hd":false},{"ty":"tr","p":{"a":0,"k":[0,0],"ix":2},"a":{"a":0,"k":[0,0],"ix":1},"s":{"a":0,"k":[500,500],"ix":3},"r":{"a":0,"k":0,"ix":6},"o":{"a":0,"k":100,"ix":7},"sk":{"a":0,"k":0,"ix":4},"sa":{"a":0,"k":0,"ix":5},"nm":"Transform"}],"nm":"Oval","np":2,"cix":2,"ix":1,"mn":"ADBE Vector Group","hd":false}],"ip":0,"op":141.000005743048,"st":0,"bm":0},{"ddd":0,"ind":5,"ty":4,"nm":"Oval","parent":16,"sr":1,"ks":{"o":{"a":0,"k":100,"ix":11},"r":{"a":0,"k":0,"ix":10},"p":{"a":0,"k":[0,12.5,0],"ix":2},"a":{"a":0,"k":[0,0,0],"ix":1},"s":{"a":1,"k":[{"i":{"x":[0.454,0.454,0.454],"y":[0.896,0.896,1]},"o":{"x":[0.186,0.186,0.186],"y":[0.082,0.082,0]},"n":["0p454_0p896_0p186_0p082","0p454_0p896_0p186_0p082","0p454_1_0p186_0"],"t":21,"s":[0,0,100],"e":[105.162,105.162,100]},{"i":{"x":[0.681,0.681,0.681],"y":[1,1,1]},"o":{"x":[0.306,0.306,0.306],"y":[-1.36,-1.36,0]},"n":["0p681_1_0p306_-1p36","0p681_1_0p306_-1p36","0p681_1_0p306_0"],"t":35,"s":[105.162,105.162,100],"e":[100,100,100]},{"t":51.0000020772726}],"ix":6}},"ao":0,"shapes":[{"ty":"gr","it":[{"d":1,"ty":"el","s":{"a":0,"k":[2,2],"ix":2},"p":{"a":0,"k":[0,0],"ix":3},"nm":"Ellipse Path 1","mn":"ADBE Vector Shape - Ellipse","hd":false},{"ty":"fl","c":{"a":0,"k":[0,0,0,1],"ix":4},"o":{"a":0,"k":100,"ix":5},"r":1,"nm":"Fill 1","mn":"ADBE Vector Graphic - Fill","hd":false},{"ty":"tr","p":{"a":0,"k":[0,0],"ix":2},"a":{"a":0,"k":[0,0],"ix":1},"s":{"a":0,"k":[500,500],"ix":3},"r":{"a":0,"k":0,"ix":6},"o":{"a":0,"k":100,"ix":7},"sk":{"a":0,"k":0,"ix":4},"sa":{"a":0,"k":0,"ix":5},"nm":"Transform"}],"nm":"Oval","np":2,"cix":2,"ix":1,"mn":"ADBE Vector Group","hd":false}],"ip":0,"op":141.000005743048,"st":0,"bm":0},{"ddd":0,"ind":6,"ty":4,"nm":"Oval","parent":16,"sr":1,"ks":{"o":{"a":0,"k":100,"ix":11},"r":{"a":0,"k":0,"ix":10},"p":{"a":0,"k":[-25,12.5,0],"ix":2},"a":{"a":0,"k":[0,0,0],"ix":1},"s":{"a":1,"k":[{"i":{"x":[0.454,0.454,0.454],"y":[0.896,0.896,1]},"o":{"x":[0.186,0.186,0.186],"y":[0.082,0.082,0]},"n":["0p454_0p896_0p186_0p082","0p454_0p896_0p186_0p082","0p454_1_0p186_0"],"t":18,"s":[0,0,100],"e":[105.162,105.162,100]},{"i":{"x":[0.681,0.681,0.681],"y":[1,1,1]},"o":{"x":[0.306,0.306,0.306],"y":[-1.36,-1.36,0]},"n":["0p681_1_0p306_-1p36","0p681_1_0p306_-1p36","0p681_1_0p306_0"],"t":32,"s":[105.162,105.162,100],"e":[100,100,100]},{"t":48.0000019550801}],"ix":6}},"ao":0,"shapes":[{"ty":"gr","it":[{"d":1,"ty":"el","s":{"a":0,"k":[2,2],"ix":2},"p":{"a":0,"k":[0,0],"ix":3},"nm":"Ellipse Path 1","mn":"ADBE Vector Shape - Ellipse","hd":false},{"ty":"fl","c":{"a":0,"k":[0,0,0,1],"ix":4},"o":{"a":0,"k":100,"ix":5},"r":1,"nm":"Fill 1","mn":"ADBE Vector Graphic - Fill","hd":false},{"ty":"tr","p":{"a":0,"k":[0,0],"ix":2},"a":{"a":0,"k":[0,0],"ix":1},"s":{"a":0,"k":[500,500],"ix":3},"r":{"a":0,"k":0,"ix":6},"o":{"a":0,"k":100,"ix":7},"sk":{"a":0,"k":0,"ix":4},"sa":{"a":0,"k":0,"ix":5},"nm":"Transform"}],"nm":"Oval","np":2,"cix":2,"ix":1,"mn":"ADBE Vector Group","hd":false}],"ip":0,"op":141.000005743048,"st":0,"bm":0},{"ddd":0,"ind":7,"ty":4,"nm":"Oval","parent":16,"sr":1,"ks":{"o":{"a":0,"k":100,"ix":11},"r":{"a":0,"k":0,"ix":10},"p":{"a":0,"k":[25,-12.5,0],"ix":2},"a":{"a":0,"k":[0,0,0],"ix":1},"s":{"a":1,"k":[{"i":{"x":[0.454,0.454,0.454],"y":[0.896,0.896,1]},"o":{"x":[0.186,0.186,0.186],"y":[0.082,0.082,0]},"n":["0p454_0p896_0p186_0p082","0p454_0p896_0p186_0p082","0p454_1_0p186_0"],"t":15,"s":[0,0,100],"e":[105.162,105.162,100]},{"i":{"x":[0.681,0.681,0.681],"y":[1,1,1]},"o":{"x":[0.306,0.306,0.306],"y":[-1.36,-1.36,0]},"n":["0p681_1_0p306_-1p36","0p681_1_0p306_-1p36","0p681_1_0p306_0"],"t":29,"s":[105.162,105.162,100],"e":[100,100,100]},{"t":45.0000018328876}],"ix":6}},"ao":0,"shapes":[{"ty":"gr","it":[{"d":1,"ty":"el","s":{"a":0,"k":[2,2],"ix":2},"p":{"a":0,"k":[0,0],"ix":3},"nm":"Ellipse Path 1","mn":"ADBE Vector Shape - Ellipse","hd":false},{"ty":"fl","c":{"a":0,"k":[0,0,0,1],"ix":4},"o":{"a":0,"k":100,"ix":5},"r":1,"nm":"Fill 1","mn":"ADBE Vector Graphic - Fill","hd":false},{"ty":"tr","p":{"a":0,"k":[0,0],"ix":2},"a":{"a":0,"k":[0,0],"ix":1},"s":{"a":0,"k":[500,500],"ix":3},"r":{"a":0,"k":0,"ix":6},"o":{"a":0,"k":100,"ix":7},"sk":{"a":0,"k":0,"ix":4},"sa":{"a":0,"k":0,"ix":5},"nm":"Transform"}],"nm":"Oval","np":2,"cix":2,"ix":1,"mn":"ADBE Vector Group","hd":false}],"ip":0,"op":141.000005743048,"st":0,"bm":0},{"ddd":0,"ind":8,"ty":4,"nm":"Oval","parent":16,"sr":1,"ks":{"o":{"a":0,"k":100,"ix":11},"r":{"a":0,"k":0,"ix":10},"p":{"a":0,"k":[0,-12.5,0],"ix":2},"a":{"a":0,"k":[0,0,0],"ix":1},"s":{"a":1,"k":[{"i":{"x":[0.454,0.454,0.454],"y":[0.896,0.896,1]},"o":{"x":[0.186,0.186,0.186],"y":[0.082,0.082,0]},"n":["0p454_0p896_0p186_0p082","0p454_0p896_0p186_0p082","0p454_1_0p186_0"],"t":12,"s":[0,0,100],"e":[105.162,105.162,100]},{"i":{"x":[0.682,0.682,0.682],"y":[1,1,1]},"o":{"x":[0.306,0.306,0.306],"y":[-1.36,-1.36,0]},"n":["0p682_1_0p306_-1p36","0p682_1_0p306_-1p36","0p682_1_0p306_0"],"t":26,"s":[105.162,105.162,100],"e":[100,100,100]},{"t":42.0000017106951}],"ix":6}},"ao":0,"shapes":[{"ty":"gr","it":[{"d":1,"ty":"el","s":{"a":0,"k":[2,2],"ix":2},"p":{"a":0,"k":[0,0],"ix":3},"nm":"Ellipse Path 1","mn":"ADBE Vector Shape - Ellipse","hd":false},{"ty":"fl","c":{"a":0,"k":[0,0,0,1],"ix":4},"o":{"a":0,"k":100,"ix":5},"r":1,"nm":"Fill 1","mn":"ADBE Vector Graphic - Fill","hd":false},{"ty":"tr","p":{"a":0,"k":[0,0],"ix":2},"a":{"a":0,"k":[0,0],"ix":1},"s":{"a":0,"k":[500,500],"ix":3},"r":{"a":0,"k":0,"ix":6},"o":{"a":0,"k":100,"ix":7},"sk":{"a":0,"k":0,"ix":4},"sa":{"a":0,"k":0,"ix":5},"nm":"Transform"}],"nm":"Oval","np":2,"cix":2,"ix":1,"mn":"ADBE Vector Group","hd":false}],"ip":0,"op":141.000005743048,"st":0,"bm":0},{"ddd":0,"ind":9,"ty":4,"nm":"Oval","parent":16,"sr":1,"ks":{"o":{"a":0,"k":100,"ix":11},"r":{"a":0,"k":0,"ix":10},"p":{"a":0,"k":[-25,-12.5,0],"ix":2},"a":{"a":0,"k":[0,0,0],"ix":1},"s":{"a":1,"k":[{"i":{"x":[0.454,0.454,0.454],"y":[0.896,0.896,1]},"o":{"x":[0.186,0.186,0.186],"y":[0.082,0.082,0]},"n":["0p454_0p896_0p186_0p082","0p454_0p896_0p186_0p082","0p454_1_0p186_0"],"t":9,"s":[0,0,100],"e":[105.162,105.162,100]},{"i":{"x":[0.682,0.682,0.682],"y":[1,1,1]},"o":{"x":[0.306,0.306,0.306],"y":[-1.36,-1.36,0]},"n":["0p682_1_0p306_-1p36","0p682_1_0p306_-1p36","0p682_1_0p306_0"],"t":23,"s":[105.162,105.162,100],"e":[100,100,100]},{"t":39.0000015885026}],"ix":6}},"ao":0,"shapes":[{"ty":"gr","it":[{"d":1,"ty":"el","s":{"a":0,"k":[2,2],"ix":2},"p":{"a":0,"k":[0,0],"ix":3},"nm":"Ellipse Path 1","mn":"ADBE Vector Shape - Ellipse","hd":false},{"ty":"fl","c":{"a":0,"k":[0,0,0,1],"ix":4},"o":{"a":0,"k":100,"ix":5},"r":1,"nm":"Fill 1","mn":"ADBE Vector Graphic - Fill","hd":false},{"ty":"tr","p":{"a":0,"k":[0,0],"ix":2},"a":{"a":0,"k":[0,0],"ix":1},"s":{"a":0,"k":[500,500],"ix":3},"r":{"a":0,"k":0,"ix":6},"o":{"a":0,"k":100,"ix":7},"sk":{"a":0,"k":0,"ix":4},"sa":{"a":0,"k":0,"ix":5},"nm":"Transform"}],"nm":"Oval","np":2,"cix":2,"ix":1,"mn":"ADBE Vector Group","hd":false}],"ip":0,"op":141.000005743048,"st":0,"bm":0},{"ddd":0,"ind":10,"ty":4,"nm":"Oval","parent":16,"sr":1,"ks":{"o":{"a":0,"k":100,"ix":11},"r":{"a":0,"k":0,"ix":10},"p":{"a":0,"k":[25,-37.5,0],"ix":2},"a":{"a":0,"k":[0,0,0],"ix":1},"s":{"a":1,"k":[{"i":{"x":[0.454,0.454,0.454],"y":[0.896,0.896,1]},"o":{"x":[0.186,0.186,0.186],"y":[0.082,0.082,0]},"n":["0p454_0p896_0p186_0p082","0p454_0p896_0p186_0p082","0p454_1_0p186_0"],"t":6,"s":[0,0,100],"e":[105.162,105.162,100]},{"i":{"x":[0.682,0.682,0.682],"y":[1,1,1]},"o":{"x":[0.306,0.306,0.306],"y":[-1.36,-1.36,0]},"n":["0p682_1_0p306_-1p36","0p682_1_0p306_-1p36","0p682_1_0p306_0"],"t":20,"s":[105.162,105.162,100],"e":[100,100,100]},{"t":36.0000014663101}],"ix":6}},"ao":0,"shapes":[{"ty":"gr","it":[{"d":1,"ty":"el","s":{"a":0,"k":[2,2],"ix":2},"p":{"a":0,"k":[0,0],"ix":3},"nm":"Ellipse Path 1","mn":"ADBE Vector Shape - Ellipse","hd":false},{"ty":"fl","c":{"a":0,"k":[0,0,0,1],"ix":4},"o":{"a":0,"k":100,"ix":5},"r":1,"nm":"Fill 1","mn":"ADBE Vector Graphic - Fill","hd":false},{"ty":"tr","p":{"a":0,"k":[0,0],"ix":2},"a":{"a":0,"k":[0,0],"ix":1},"s":{"a":0,"k":[500,500],"ix":3},"r":{"a":0,"k":0,"ix":6},"o":{"a":0,"k":100,"ix":7},"sk":{"a":0,"k":0,"ix":4},"sa":{"a":0,"k":0,"ix":5},"nm":"Transform"}],"nm":"Oval","np":2,"cix":2,"ix":1,"mn":"ADBE Vector Group","hd":false}],"ip":0,"op":141.000005743048,"st":0,"bm":0},{"ddd":0,"ind":11,"ty":4,"nm":"Oval","parent":16,"sr":1,"ks":{"o":{"a":0,"k":100,"ix":11},"r":{"a":0,"k":0,"ix":10},"p":{"a":0,"k":[0,-37.5,0],"ix":2},"a":{"a":0,"k":[0,0,0],"ix":1},"s":{"a":1,"k":[{"i":{"x":[0.454,0.454,0.454],"y":[0.896,0.896,1]},"o":{"x":[0.186,0.186,0.186],"y":[0.082,0.082,0]},"n":["0p454_0p896_0p186_0p082","0p454_0p896_0p186_0p082","0p454_1_0p186_0"],"t":3,"s":[0,0,100],"e":[105.162,105.162,100]},{"i":{"x":[0.682,0.682,0.682],"y":[1,1,1]},"o":{"x":[0.306,0.306,0.306],"y":[-1.36,-1.36,0]},"n":["0p682_1_0p306_-1p36","0p682_1_0p306_-1p36","0p682_1_0p306_0"],"t":17,"s":[105.162,105.162,100],"e":[100,100,100]},{"t":33.0000013441176}],"ix":6}},"ao":0,"shapes":[{"ty":"gr","it":[{"d":1,"ty":"el","s":{"a":0,"k":[2,2],"ix":2},"p":{"a":0,"k":[0,0],"ix":3},"nm":"Ellipse Path 1","mn":"ADBE Vector Shape - Ellipse","hd":false},{"ty":"fl","c":{"a":0,"k":[0,0,0,1],"ix":4},"o":{"a":0,"k":100,"ix":5},"r":1,"nm":"Fill 1","mn":"ADBE Vector Graphic - Fill","hd":false},{"ty":"tr","p":{"a":0,"k":[0,0],"ix":2},"a":{"a":0,"k":[0,0],"ix":1},"s":{"a":0,"k":[500,500],"ix":3},"r":{"a":0,"k":0,"ix":6},"o":{"a":0,"k":100,"ix":7},"sk":{"a":0,"k":0,"ix":4},"sa":{"a":0,"k":0,"ix":5},"nm":"Transform"}],"nm":"Oval","np":2,"cix":2,"ix":1,"mn":"ADBE Vector Group","hd":false}],"ip":0,"op":141.000005743048,"st":0,"bm":0},{"ddd":0,"ind":12,"ty":4,"nm":"Oval","parent":16,"sr":1,"ks":{"o":{"a":0,"k":100,"ix":11},"r":{"a":0,"k":0,"ix":10},"p":{"a":0,"k":[-25,-37.5,0],"ix":2},"a":{"a":0,"k":[0,0,0],"ix":1},"s":{"a":1,"k":[{"i":{"x":[0.454,0.454,0.454],"y":[0.896,0.896,1]},"o":{"x":[0.186,0.186,0.186],"y":[0.082,0.082,0]},"n":["0p454_0p896_0p186_0p082","0p454_0p896_0p186_0p082","0p454_1_0p186_0"],"t":0,"s":[0,0,100],"e":[105.162,105.162,100]},{"i":{"x":[0.681,0.681,0.681],"y":[1,1,1]},"o":{"x":[0.306,0.306,0.306],"y":[-1.36,-1.36,0]},"n":["0p681_1_0p306_-1p36","0p681_1_0p306_-1p36","0p681_1_0p306_0"],"t":14,"s":[105.162,105.162,100],"e":[100,100,100]},{"t":30.0000012219251}],"ix":6}},"ao":0,"shapes":[{"ty":"gr","it":[{"d":1,"ty":"el","s":{"a":0,"k":[2,2],"ix":2},"p":{"a":0,"k":[0,0],"ix":3},"nm":"Ellipse Path 1","mn":"ADBE Vector Shape - Ellipse","hd":false},{"ty":"fl","c":{"a":0,"k":[0,0,0,1],"ix":4},"o":{"a":0,"k":100,"ix":5},"r":1,"nm":"Fill 1","mn":"ADBE Vector Graphic - Fill","hd":false},{"ty":"tr","p":{"a":0,"k":[0,0],"ix":2},"a":{"a":0,"k":[0,0],"ix":1},"s":{"a":0,"k":[500,500],"ix":3},"r":{"a":0,"k":0,"ix":6},"o":{"a":0,"k":100,"ix":7},"sk":{"a":0,"k":0,"ix":4},"sa":{"a":0,"k":0,"ix":5},"nm":"Transform"}],"nm":"Oval","np":2,"cix":2,"ix":1,"mn":"ADBE Vector Group","hd":false}],"ip":0,"op":141.000005743048,"st":0,"bm":0},{"ddd":0,"ind":13,"ty":4,"nm":"Path","sr":1,"ks":{"o":{"a":0,"k":100,"ix":11},"r":{"a":0,"k":0,"ix":10},"p":{"a":1,"k":[{"i":{"x":0.46,"y":0.639},"o":{"x":0.189,"y":0.253},"n":"0p46_0p639_0p189_0p253","t":90,"s":[68,68,0],"e":[68,84.4,0],"to":[0,4.23110485076904,0],"ti":[0,-6.51112604141235,0]},{"i":{"x":0.633,"y":1},"o":{"x":0.144,"y":1},"n":"0p633_1_0p144_1","t":97,"s":[68,84.4,0],"e":[68,86.2,0],"to":[0,0.72156935930252,0],"ti":[0,-0.46889516711235,0]},{"i":{"x":0.584,"y":0.669},"o":{"x":0.177,"y":0},"n":"0p584_0p669_0p177_0","t":105,"s":[68,86.2,0],"e":[68,-108.281,0],"to":[0,3.40665078163147,0],"ti":[0,73.9641494750977,0]},{"i":{"x":0.682,"y":1},"o":{"x":0.172,"y":1},"n":"0p682_1_0p172_1","t":114,"s":[68,-108.281,0],"e":[68,-155.8,0],"to":[0,-28.0807952880859,0],"ti":[0,0,0]},{"t":130.000005295009}],"ix":2},"a":{"a":0,"k":[0,0,0],"ix":1},"s":{"a":1,"k":[{"i":{"x":[0.454,0.454,0.454],"y":[0.901,0.901,-8.401]},"o":{"x":[0.186,0.186,0.186],"y":[0.078,0.078,7.429]},"n":["0p454_0p901_0p186_0p078","0p454_0p901_0p186_0p078","0p454_-8p401_0p186_7p429"],"t":0,"s":[0,0,100],"e":[57.097,57.097,100]},{"i":{"x":[0.638,0.638,0.638],"y":[1,1,1]},"o":{"x":[0.306,0.306,0.306],"y":[1.632,1.632,7.897]},"n":["0p638_1_0p306_1p632","0p638_1_0p306_1p632","0p638_1_0p306_7p897"],"t":12,"s":[57.097,57.097,100],"e":[60,60,100]},{"t":30.0000012219251}],"ix":6}},"ao":0,"shapes":[{"ty":"gr","it":[{"ind":0,"ty":"sh","ix":1,"ks":{"a":0,"k":{"i":[[0,0],[0.55,0],[0,0],[0,0.55],[0,0],[-0.55,0],[0,0],[0,-0.55]],"o":[[0,0.55],[0,0],[-0.55,0],[0,0],[0,-0.55],[0,0],[0.55,0],[0,0]],"v":[[9,11],[8,12],[-8,12],[-9,11],[-9,-11],[-8,-12],[8,-12],[9,-11]],"c":true},"ix":2},"nm":"Path 1","mn":"ADBE Vector Shape - Group","hd":false},{"ty":"st","c":{"a":0,"k":[0,0,0,1],"ix":3},"o":{"a":0,"k":100,"ix":4},"w":{"a":0,"k":1,"ix":5},"lc":2,"lj":2,"nm":"Stroke 1","mn":"ADBE Vector Graphic - Stroke","hd":false},{"ty":"tr","p":{"a":0,"k":[0,0],"ix":2},"a":{"a":0,"k":[0,0],"ix":1},"s":{"a":0,"k":[500,500],"ix":3},"r":{"a":0,"k":0,"ix":6},"o":{"a":0,"k":100,"ix":7},"sk":{"a":0,"k":0,"ix":4},"sa":{"a":0,"k":0,"ix":5},"nm":"Transform"}],"nm":"Path","np":2,"cix":2,"ix":1,"mn":"ADBE Vector Group","hd":false}],"ip":0,"op":141.000005743048,"st":0,"bm":0},{"ddd":0,"ind":14,"ty":4,"nm":"Path","parent":16,"sr":1,"ks":{"o":{"a":0,"k":100,"ix":11},"r":{"a":0,"k":0,"ix":10},"p":{"a":0,"k":[-37.5,0,0],"ix":2},"a":{"a":0,"k":[0,0,0],"ix":1},"s":{"a":0,"k":[100,100,100],"ix":6}},"ao":0,"shapes":[{"ty":"gr","it":[{"ind":0,"ty":"sh","ix":1,"ks":{"a":0,"k":{"i":[[-0.55,0],[0,0],[0,-0.55],[0,0],[-0.55,0],[0,0],[0,0.55],[0,0]],"o":[[0,0],[-0.55,0],[0,0],[0,0.55],[0,0],[-0.55,0],[0,0],[0,-0.55]],"v":[[-0.5,-12],[1.5,-12],[0.5,-11],[0.5,11],[1.5,12],[-0.5,12],[-1.5,11],[-1.5,-11]],"c":true},"ix":2},"nm":"Path 1","mn":"ADBE Vector Shape - Group","hd":false},{"ty":"fl","c":{"a":0,"k":[0.972549021244,0.784313976765,0.815685987473,1],"ix":4},"o":{"a":0,"k":100,"ix":5},"r":1,"nm":"Fill 1","mn":"ADBE Vector Graphic - Fill","hd":false},{"ty":"tr","p":{"a":0,"k":[0,0],"ix":2},"a":{"a":0,"k":[0,0],"ix":1},"s":{"a":0,"k":[500,500],"ix":3},"r":{"a":0,"k":0,"ix":6},"o":{"a":0,"k":100,"ix":7},"sk":{"a":0,"k":0,"ix":4},"sa":{"a":0,"k":0,"ix":5},"nm":"Transform"}],"nm":"Path","np":2,"cix":2,"ix":1,"mn":"ADBE Vector Group","hd":false}],"ip":0,"op":141.000005743048,"st":0,"bm":0},{"ddd":0,"ind":15,"ty":4,"nm":"Path","parent":16,"sr":1,"ks":{"o":{"a":0,"k":100,"ix":11},"r":{"a":0,"k":0,"ix":10},"p":{"a":0,"k":[37.5,0,0],"ix":2},"a":{"a":0,"k":[0,0,0],"ix":1},"s":{"a":0,"k":[100,100,100],"ix":6}},"ao":0,"shapes":[{"ty":"gr","it":[{"ind":0,"ty":"sh","ix":1,"ks":{"a":0,"k":{"i":[[0.55,0],[0,0],[0,-0.55],[0,0],[0.55,0],[0,0],[0,0.55],[0,0]],"o":[[0,0],[0.55,0],[0,0],[0,0.55],[0,0],[0.55,0],[0,0],[0,-0.55]],"v":[[0.5,-12],[-1.5,-12],[-0.5,-11],[-0.5,11],[-1.5,12],[0.5,12],[1.5,11],[1.5,-11]],"c":true},"ix":2},"nm":"Path 1","mn":"ADBE Vector Shape - Group","hd":false},{"ty":"fl","c":{"a":0,"k":[0.870588004589,0.486274987459,0.525489985943,1],"ix":4},"o":{"a":0,"k":100,"ix":5},"r":1,"nm":"Fill 1","mn":"ADBE Vector Graphic - Fill","hd":false},{"ty":"tr","p":{"a":0,"k":[0,0],"ix":2},"a":{"a":0,"k":[0,0],"ix":1},"s":{"a":0,"k":[500,500],"ix":3},"r":{"a":0,"k":0,"ix":6},"o":{"a":0,"k":100,"ix":7},"sk":{"a":0,"k":0,"ix":4},"sa":{"a":0,"k":0,"ix":5},"nm":"Transform"}],"nm":"Path","np":2,"cix":2,"ix":1,"mn":"ADBE Vector Group","hd":false}],"ip":0,"op":141.000005743048,"st":0,"bm":0},{"ddd":0,"ind":16,"ty":4,"nm":"Path","sr":1,"ks":{"o":{"a":0,"k":100,"ix":11},"r":{"a":0,"k":0,"ix":10},"p":{"a":1,"k":[{"i":{"x":0.46,"y":0.639},"o":{"x":0.189,"y":0.253},"n":"0p46_0p639_0p189_0p253","t":90,"s":[68,68,0],"e":[68,84.4,0],"to":[0,4.23110485076904,0],"ti":[0,-6.51112604141235,0]},{"i":{"x":0.633,"y":1},"o":{"x":0.144,"y":1},"n":"0p633_1_0p144_1","t":97,"s":[68,84.4,0],"e":[68,86.2,0],"to":[0,0.72156935930252,0],"ti":[0,-0.46889516711235,0]},{"i":{"x":0.584,"y":0.669},"o":{"x":0.177,"y":0},"n":"0p584_0p669_0p177_0","t":105,"s":[68,86.2,0],"e":[68,-108.281,0],"to":[0,3.40665078163147,0],"ti":[0,73.9641494750977,0]},{"i":{"x":0.682,"y":1},"o":{"x":0.172,"y":1},"n":"0p682_1_0p172_1","t":114,"s":[68,-108.281,0],"e":[68,-155.8,0],"to":[0,-28.0807952880859,0],"ti":[0,0,0]},{"t":130.000005295009}],"ix":2},"a":{"a":0,"k":[0,0,0],"ix":1},"s":{"a":1,"k":[{"i":{"x":[0.454,0.454,0.454],"y":[0.901,0.901,-8.401]},"o":{"x":[0.186,0.186,0.186],"y":[0.078,0.078,7.429]},"n":["0p454_0p901_0p186_0p078","0p454_0p901_0p186_0p078","0p454_-8p401_0p186_7p429"],"t":4,"s":[0,0,100],"e":[57.097,57.097,100]},{"i":{"x":[0.638,0.638,0.638],"y":[1,1,1]},"o":{"x":[0.306,0.306,0.306],"y":[1.632,1.632,7.897]},"n":["0p638_1_0p306_1p632","0p638_1_0p306_1p632","0p638_1_0p306_7p897"],"t":16,"s":[57.097,57.097,100],"e":[60,60,100]},{"t":34.0000013848484}],"ix":6}},"ao":0,"shapes":[{"ty":"gr","it":[{"ind":0,"ty":"sh","ix":1,"ks":{"a":0,"k":{"i":[[0,0],[0.55,0],[0,0],[0,0.55],[0,0],[-0.55,0],[0,0],[0,-0.55]],"o":[[0,0.55],[0,0],[-0.55,0],[0,0],[0,-0.55],[0,0],[0.55,0],[0,0]],"v":[[9,11],[8,12],[-8,12],[-9,11],[-9,-11],[-8,-12],[8,-12],[9,-11]],"c":true},"ix":2},"nm":"Path 1","mn":"ADBE Vector Shape - Group","hd":false},{"ty":"fl","c":{"a":0,"k":[0.952941000462,0.615685999393,0.666666984558,1],"ix":4},"o":{"a":0,"k":100,"ix":5},"r":1,"nm":"Fill 1","mn":"ADBE Vector Graphic - Fill","hd":false},{"ty":"tr","p":{"a":0,"k":[0,0],"ix":2},"a":{"a":0,"k":[0,0],"ix":1},"s":{"a":0,"k":[500,500],"ix":3},"r":{"a":0,"k":0,"ix":6},"o":{"a":0,"k":100,"ix":7},"sk":{"a":0,"k":0,"ix":4},"sa":{"a":0,"k":0,"ix":5},"nm":"Transform"}],"nm":"Path","np":2,"cix":2,"ix":1,"mn":"ADBE Vector Group","hd":false}],"ip":0,"op":141.000005743048,"st":0,"bm":0}],"markers":[]}