{"v":"5.3.4","fr":29.9700012207031,"ip":0,"op":119.000004846969,"w":136,"h":136,"nm":"7_Eye","ddd":0,"assets":[],"layers":[{"ddd":0,"ind":1,"ty":4,"nm":"Path","sr":1,"ks":{"o":{"a":0,"k":100,"ix":11},"r":{"a":0,"k":0,"ix":10},"p":{"a":0,"k":[68,68,0],"ix":2},"a":{"a":0,"k":[0,0,0],"ix":1},"s":{"a":1,"k":[{"i":{"x":[0.383,0.383,0.383],"y":[1,0.915,1]},"o":{"x":[0.198,0.198,0.198],"y":[0,0,0]},"n":["0p383_1_0p198_0","0p383_0p915_0p198_0","0p383_1_0p198_0"],"t":0,"s":[60,0,100],"e":[60,62.711,100]},{"i":{"x":[0.633,0.633,0.633],"y":[1,0.867,1]},"o":{"x":[0.301,0.301,0.301],"y":[0,-0.27,0]},"n":["0p633_1_0p301_0","0p633_0p867_0p301_-0p27","0p633_1_0p301_0"],"t":8,"s":[60,62.711,100],"e":[60,53.107,100]},{"i":{"x":[0.655,0.655,0.655],"y":[1,1,1]},"o":{"x":[0.321,0.321,0.321],"y":[0,-0.285,0]},"n":["0p655_1_0p321_0","0p655_1_0p321_-0p285","0p655_1_0p321_0"],"t":16,"s":[60,53.107,100],"e":[60,60,100]},{"i":{"x":[0.833,0.833,0.833],"y":[1,1,1]},"o":{"x":[0.167,0.167,0.167],"y":[0,0,0]},"n":["0p833_1_0p167_0","0p833_1_0p167_0","0p833_1_0p167_0"],"t":30,"s":[60,60,100],"e":[60,60,100]},{"i":{"x":[0.76,0.76,0.76],"y":[1,1,1]},"o":{"x":[0.314,0.314,0.314],"y":[0,0,0]},"n":["0p76_1_0p314_0","0p76_1_0p314_0","0p76_1_0p314_0"],"t":98,"s":[60,60,100],"e":[60,0,100]},{"t":100.000004073084}],"ix":6}},"ao":0,"shapes":[{"ty":"gr","it":[{"ind":0,"ty":"sh","ix":1,"ks":{"a":0,"k":{"i":[[-2.64,3.63],[4.97,0],[2.64,-3.63],[-4.97,0]],"o":[[-2.64,-3.63],[-4.97,0],[2.64,3.63],[4.97,0]],"v":[[12,0],[0,-6],[-12,0],[0,6]],"c":true},"ix":2},"nm":"Path 1","mn":"ADBE Vector Shape - Group","hd":false},{"ty":"st","c":{"a":0,"k":[0,0,0,1],"ix":3},"o":{"a":0,"k":100,"ix":4},"w":{"a":0,"k":1,"ix":5},"lc":2,"lj":2,"nm":"Stroke 1","mn":"ADBE Vector Graphic - Stroke","hd":false},{"ty":"tr","p":{"a":0,"k":[0,0],"ix":2},"a":{"a":0,"k":[0,0],"ix":1},"s":{"a":0,"k":[500,500],"ix":3},"r":{"a":0,"k":0,"ix":6},"o":{"a":0,"k":100,"ix":7},"sk":{"a":0,"k":0,"ix":4},"sa":{"a":0,"k":0,"ix":5},"nm":"Transform"}],"nm":"Path","np":2,"cix":2,"ix":1,"mn":"ADBE Vector Group","hd":false}],"ip":0,"op":119.000004846969,"st":0,"bm":0},{"ddd":0,"ind":2,"ty":4,"nm":"Path","parent":1,"sr":1,"ks":{"o":{"a":0,"k":100,"ix":11},"r":{"a":0,"k":0,"ix":10},"p":{"a":1,"k":[{"i":{"x":0.32,"y":1},"o":{"x":0.167,"y":0.286},"n":"0p32_1_0p167_0p286","t":29,"s":[0,-3.75,0],"e":[6,-3.75,0],"to":[1,0,0],"ti":[-1,0,0]},{"i":{"x":0.32,"y":0.32},"o":{"x":0.167,"y":0.167},"n":"0p32_0p32_0p167_0p167","t":41,"s":[6,-3.75,0],"e":[6,-3.75,0],"to":[0,0,0],"ti":[0,0,0]},{"i":{"x":0.381,"y":0.917},"o":{"x":0.197,"y":0},"n":"0p381_0p917_0p197_0","t":50,"s":[6,-3.75,0],"e":[-6.502,-3.75,0],"to":[-1.0394139289856,0,0],"ti":[1.64545476436615,0,0]},{"i":{"x":0.622,"y":1},"o":{"x":0.253,"y":1},"n":"0p622_1_0p253_1","t":61,"s":[-6.502,-3.75,0],"e":[-7,-3.75,0],"to":[-0.20144878327847,0,0],"ti":[0.12725275754929,0,0]},{"i":{"x":0.32,"y":1},"o":{"x":0.167,"y":0},"n":"0p32_1_0p167_0","t":74,"s":[-7,-3.75,0],"e":[0,-3.75,0],"to":[-1.16666662693024,0,0],"ti":[-1.16666662693024,0,0]},{"t":90.0000036657751}],"ix":2},"a":{"a":0,"k":[0,0,0],"ix":1},"s":{"a":0,"k":[100,100,100],"ix":6}},"ao":0,"shapes":[{"ty":"gr","it":[{"ind":0,"ty":"sh","ix":1,"ks":{"a":1,"k":[{"i":{"x":0.32,"y":1},"o":{"x":0.167,"y":0.167},"n":"0p32_1_0p167_0p167","t":29,"s":[{"i":[[0,0],[0,-0.9],[3.31,0],[0,3.31],[-0.35,0.76]],"o":[[0.35,0.76],[0,3.31],[-3.31,0],[0,-0.89],[0,0]],"v":[[5.46,-4.25],[6,-1.75],[0,4.25],[-6,-1.75],[-5.46,-4.24]],"c":false}],"e":[{"i":[[0,0],[0,-0.9],[3.31,0],[0,3.31],[-0.35,0.76]],"o":[[0.35,0.76],[0,3.31],[-3.31,0],[0,-0.89],[0,0]],"v":[[5.51,-3.7],[6,-1.75],[0,4.25],[-6,-1.75],[-5.46,-4.24]],"c":false}]},{"i":{"x":0.833,"y":1},"o":{"x":0.167,"y":0},"n":"0p833_1_0p167_0","t":41,"s":[{"i":[[0,0],[0,-0.9],[3.31,0],[0,3.31],[-0.35,0.76]],"o":[[0.35,0.76],[0,3.31],[-3.31,0],[0,-0.89],[0,0]],"v":[[5.51,-3.7],[6,-1.75],[0,4.25],[-6,-1.75],[-5.46,-4.24]],"c":false}],"e":[{"i":[[0,0],[0,-0.9],[3.31,0],[0,3.31],[-0.35,0.76]],"o":[[0.35,0.76],[0,3.31],[-3.31,0],[0,-0.89],[0,0]],"v":[[5.51,-3.7],[6,-1.75],[0,4.25],[-6,-1.75],[-5.46,-4.24]],"c":false}]},{"i":{"x":0.833,"y":0.833},"o":{"x":0.167,"y":0},"n":"0p833_0p833_0p167_0","t":50,"s":[{"i":[[0,0],[0,-0.9],[3.31,0],[0,3.31],[-0.35,0.76]],"o":[[0.35,0.76],[0,3.31],[-3.31,0],[0,-0.89],[0,0]],"v":[[5.51,-3.7],[6,-1.75],[0,4.25],[-6,-1.75],[-5.46,-4.24]],"c":false}],"e":[{"i":[[0,0],[0,-0.9],[3.31,0],[0,3.31],[-0.35,0.76]],"o":[[0.35,0.76],[0,3.31],[-3.31,0],[0,-0.89],[0,0]],"v":[[5.467,-4.173],[6,-1.75],[0,4.25],[-6,-1.75],[-5.26,-3.79]],"c":false}]},{"i":{"x":0.833,"y":0.833},"o":{"x":0.167,"y":0.167},"n":"0p833_0p833_0p167_0p167","t":61,"s":[{"i":[[0,0],[0,-0.9],[3.31,0],[0,3.31],[-0.35,0.76]],"o":[[0.35,0.76],[0,3.31],[-3.31,0],[0,-0.89],[0,0]],"v":[[5.467,-4.173],[6,-1.75],[0,4.25],[-6,-1.75],[-5.26,-3.79]],"c":false}],"e":[{"i":[[0,0],[0,-0.9],[3.31,0],[0,3.31],[-0.35,0.76]],"o":[[0.35,0.76],[0,3.31],[-3.31,0],[0,-0.89],[0,0]],"v":[[5.467,-4.173],[6,-1.75],[0,4.25],[-6,-1.75],[-5.26,-3.79]],"c":false}]},{"i":{"x":0.32,"y":1},"o":{"x":0.167,"y":0.167},"n":"0p32_1_0p167_0p167","t":74,"s":[{"i":[[0,0],[0,-0.9],[3.31,0],[0,3.31],[-0.35,0.76]],"o":[[0.35,0.76],[0,3.31],[-3.31,0],[0,-0.89],[0,0]],"v":[[5.467,-4.173],[6,-1.75],[0,4.25],[-6,-1.75],[-5.26,-3.79]],"c":false}],"e":[{"i":[[0,0],[0,-0.9],[3.31,0],[0,3.31],[-0.35,0.76]],"o":[[0.35,0.76],[0,3.31],[-3.31,0],[0,-0.89],[0,0]],"v":[[5.46,-4.25],[6,-1.75],[0,4.25],[-6,-1.75],[-5.46,-4.24]],"c":false}]},{"t":90.0000036657751}],"ix":2},"nm":"Path 1","mn":"ADBE Vector Shape - Group","hd":false},{"ty":"st","c":{"a":0,"k":[0,0,0,1],"ix":3},"o":{"a":0,"k":100,"ix":4},"w":{"a":0,"k":1,"ix":5},"lc":2,"lj":2,"nm":"Stroke 1","mn":"ADBE Vector Graphic - Stroke","hd":false},{"ty":"tr","p":{"a":0,"k":[0,0],"ix":2},"a":{"a":0,"k":[0,0],"ix":1},"s":{"a":0,"k":[500,500],"ix":3},"r":{"a":0,"k":0,"ix":6},"o":{"a":0,"k":100,"ix":7},"sk":{"a":0,"k":0,"ix":4},"sa":{"a":0,"k":0,"ix":5},"nm":"Transform"}],"nm":"Path","np":2,"cix":2,"ix":1,"mn":"ADBE Vector Group","hd":false}],"ip":0,"op":119.000004846969,"st":0,"bm":0},{"ddd":0,"ind":3,"ty":4,"nm":"Oval","parent":4,"sr":1,"ks":{"o":{"a":0,"k":100,"ix":11},"r":{"a":0,"k":0,"ix":10},"p":{"a":0,"k":[0,0,0],"ix":2},"a":{"a":0,"k":[0,0,0],"ix":1},"s":{"a":0,"k":[100,100,100],"ix":6}},"ao":0,"shapes":[{"ty":"gr","it":[{"d":1,"ty":"el","s":{"a":0,"k":[4,4],"ix":2},"p":{"a":0,"k":[0,0],"ix":3},"nm":"Ellipse Path 1","mn":"ADBE Vector Shape - Ellipse","hd":false},{"ty":"st","c":{"a":0,"k":[0,0,0,1],"ix":3},"o":{"a":0,"k":100,"ix":4},"w":{"a":0,"k":1,"ix":5},"lc":2,"lj":2,"nm":"Stroke 1","mn":"ADBE Vector Graphic - Stroke","hd":false},{"ty":"tr","p":{"a":0,"k":[0,0],"ix":2},"a":{"a":0,"k":[0,0],"ix":1},"s":{"a":0,"k":[500,500],"ix":3},"r":{"a":0,"k":0,"ix":6},"o":{"a":0,"k":100,"ix":7},"sk":{"a":0,"k":0,"ix":4},"sa":{"a":0,"k":0,"ix":5},"nm":"Transform"}],"nm":"Oval","np":2,"cix":2,"ix":1,"mn":"ADBE Vector Group","hd":false}],"ip":0,"op":119.000004846969,"st":0,"bm":0},{"ddd":0,"ind":4,"ty":4,"nm":"Oval","parent":7,"sr":1,"ks":{"o":{"a":0,"k":100,"ix":11},"r":{"a":0,"k":0,"ix":10},"p":{"a":1,"k":[{"i":{"x":0.32,"y":1},"o":{"x":0.167,"y":0.238},"n":"0p32_1_0p167_0p238","t":29,"s":[0,-6.25,0],"e":[6,-2.25,0],"to":[1,0.66666668653488,0],"ti":[-1,-0.66666668653488,0]},{"i":{"x":0.32,"y":0.32},"o":{"x":0.167,"y":0.167},"n":"0p32_0p32_0p167_0p167","t":41,"s":[6,-2.25,0],"e":[6,-2.25,0],"to":[0,0,0],"ti":[0,0,0]},{"i":{"x":0.381,"y":0.911},"o":{"x":0.197,"y":0},"n":"0p381_0p911_0p197_0","t":50,"s":[6,-2.25,0],"e":[-5.502,-3.25,0],"to":[-1.0394139289856,0,0],"ti":[1.64545476436615,0,0]},{"i":{"x":0.622,"y":1},"o":{"x":0.253,"y":1},"n":"0p622_1_0p253_1","t":61,"s":[-5.502,-3.25,0],"e":[-6,-3.25,0],"to":[-0.20144878327847,0,0],"ti":[0.12725275754929,0,0]},{"i":{"x":0.32,"y":1},"o":{"x":0.167,"y":0},"n":"0p32_1_0p167_0","t":74,"s":[-6,-3.25,0],"e":[0,-6.25,0],"to":[-1.16666662693024,0,0],"ti":[-1,0.5,0]},{"t":90.0000036657751}],"ix":2},"a":{"a":0,"k":[0,0,0],"ix":1},"s":{"a":0,"k":[100,100,100],"ix":6}},"ao":0,"shapes":[{"ty":"gr","it":[{"d":1,"ty":"el","s":{"a":0,"k":[4,4],"ix":2},"p":{"a":0,"k":[0,0],"ix":3},"nm":"Ellipse Path 1","mn":"ADBE Vector Shape - Ellipse","hd":false},{"ty":"fl","c":{"a":0,"k":[0.529411971569,0.529411971569,0.529411971569,1],"ix":4},"o":{"a":0,"k":100,"ix":5},"r":1,"nm":"Fill 1","mn":"ADBE Vector Graphic - Fill","hd":false},{"ty":"tr","p":{"a":0,"k":[0,0],"ix":2},"a":{"a":0,"k":[0,0],"ix":1},"s":{"a":0,"k":[500,500],"ix":3},"r":{"a":0,"k":0,"ix":6},"o":{"a":0,"k":100,"ix":7},"sk":{"a":0,"k":0,"ix":4},"sa":{"a":0,"k":0,"ix":5},"nm":"Transform"}],"nm":"Oval","np":2,"cix":2,"ix":1,"mn":"ADBE Vector Group","hd":false}],"ip":0,"op":119.000004846969,"st":0,"bm":0},{"ddd":0,"ind":5,"ty":4,"nm":"Path","parent":7,"sr":1,"ks":{"o":{"a":0,"k":100,"ix":11},"r":{"a":0,"k":0,"ix":10},"p":{"a":0,"k":[-12.5,0.817,0],"ix":2},"a":{"a":0,"k":[0,0,0],"ix":1},"s":{"a":0,"k":[100,100,100],"ix":6}},"ao":0,"shapes":[{"ty":"gr","it":[{"ind":0,"ty":"sh","ix":1,"ks":{"a":0,"k":{"i":[[-0.34,0.76],[-0.34,-0.02],[0,-0.89],[-2.84,-0.48],[0.34,0],[0,3.31]],"o":[[1.69,-0.65],[-0.67,1.17],[0,2.97],[-0.33,0.05],[-3.31,0],[0,-0.89]],"v":[[-2.96,-3.897],[-0.65,-4.587],[-1.5,-1.417],[3.5,4.493],[2.5,4.583],[-3.5,-1.417]],"c":true},"ix":2},"nm":"Path 1","mn":"ADBE Vector Shape - Group","hd":false},{"ty":"fl","c":{"a":0,"k":[0.631372988224,0.854902029037,0.972549021244,1],"ix":4},"o":{"a":0,"k":100,"ix":5},"r":1,"nm":"Fill 1","mn":"ADBE Vector Graphic - Fill","hd":false},{"ty":"tr","p":{"a":0,"k":[0,0],"ix":2},"a":{"a":0,"k":[0,0],"ix":1},"s":{"a":0,"k":[500,500],"ix":3},"r":{"a":0,"k":0,"ix":6},"o":{"a":0,"k":100,"ix":7},"sk":{"a":0,"k":0,"ix":4},"sa":{"a":0,"k":0,"ix":5},"nm":"Transform"}],"nm":"Path","np":2,"cix":2,"ix":1,"mn":"ADBE Vector Group","hd":false}],"ip":0,"op":119.000004846969,"st":0,"bm":0},{"ddd":0,"ind":6,"ty":4,"nm":"Path","parent":7,"sr":1,"ks":{"o":{"a":0,"k":100,"ix":11},"r":{"a":0,"k":0,"ix":10},"p":{"a":0,"k":[12.5,0.817,0],"ix":2},"a":{"a":0,"k":[0,0,0],"ix":1},"s":{"a":0,"k":[100,100,100],"ix":6}},"ao":0,"shapes":[{"ty":"gr","it":[{"ind":0,"ty":"sh","ix":1,"ks":{"a":0,"k":{"i":[[0.34,0.76],[0.34,-0.02],[0,-0.89],[2.84,-0.48],[-0.34,0],[0,3.31]],"o":[[-1.69,-0.65],[0.67,1.17],[0,2.97],[0.33,0.05],[3.31,0],[0,-0.89]],"v":[[2.96,-3.897],[0.65,-4.587],[1.5,-1.417],[-3.5,4.493],[-2.5,4.583],[3.5,-1.417]],"c":true},"ix":2},"nm":"Path 1","mn":"ADBE Vector Shape - Group","hd":false},{"ty":"fl","c":{"a":0,"k":[0,0.607842981815,0.839215993881,1],"ix":4},"o":{"a":0,"k":100,"ix":5},"r":1,"nm":"Fill 1","mn":"ADBE Vector Graphic - Fill","hd":false},{"ty":"tr","p":{"a":0,"k":[0,0],"ix":2},"a":{"a":0,"k":[0,0],"ix":1},"s":{"a":0,"k":[500,500],"ix":3},"r":{"a":0,"k":0,"ix":6},"o":{"a":0,"k":100,"ix":7},"sk":{"a":0,"k":0,"ix":4},"sa":{"a":0,"k":0,"ix":5},"nm":"Transform"}],"nm":"Path","np":2,"cix":2,"ix":1,"mn":"ADBE Vector Group","hd":false}],"ip":0,"op":119.000004846969,"st":0,"bm":0},{"ddd":0,"ind":7,"ty":4,"nm":"Shape","parent":2,"sr":1,"ks":{"o":{"a":0,"k":100,"ix":11},"r":{"a":0,"k":0,"ix":10},"p":{"a":1,"k":[{"i":{"x":0.32,"y":1},"o":{"x":0.167,"y":0.286},"n":"0p32_1_0p167_0p286","t":29,"s":[0,-2.5,0],"e":[-1,-2.5,0],"to":[-0.16666667163372,0,0],"ti":[0.16666667163372,0,0]},{"i":{"x":0.32,"y":0.32},"o":{"x":0.167,"y":0.167},"n":"0p32_0p32_0p167_0p167","t":41,"s":[-1,-2.5,0],"e":[-1,-2.5,0],"to":[0,0,0],"ti":[0,0,0]},{"i":{"x":0.381,"y":0.381},"o":{"x":0.197,"y":0.197},"n":"0p381_0p381_0p197_0p197","t":50,"s":[-1,-2.5,0],"e":[-1,-2.5,0],"to":[0,0,0],"ti":[0,0,0]},{"i":{"x":0.622,"y":0.622},"o":{"x":0.291,"y":0.291},"n":"0p622_0p622_0p291_0p291","t":61,"s":[-1,-2.5,0],"e":[-1,-2.5,0],"to":[0,0,0],"ti":[0,0,0]},{"i":{"x":0.32,"y":1},"o":{"x":0.167,"y":0},"n":"0p32_1_0p167_0","t":74,"s":[-1,-2.5,0],"e":[0,-2.5,0],"to":[0,0,0],"ti":[-0.16666667163372,0,0]},{"t":90.0000036657751}],"ix":2},"a":{"a":0,"k":[0,0,0],"ix":1},"s":{"a":0,"k":[100,100,100],"ix":6}},"ao":0,"shapes":[{"ty":"gr","it":[{"ind":0,"ty":"sh","ix":1,"ks":{"a":0,"k":{"i":[[0.34,0.76],[1.93,0],[1.69,-0.65],[0,-0.88],[-3.31,0],[0,3.31]],"o":[[-1.69,-0.65],[-1.93,0],[-0.35,0.76],[0,3.31],[3.31,0],[0,-0.89]],"v":[[5.46,-3.73],[0,-4.75],[-5.46,-3.73],[-6,-1.25],[0,4.75],[6,-1.25]],"c":true},"ix":2},"nm":"Path 1","mn":"ADBE Vector Shape - Group","hd":false},{"ty":"mm","mm":1,"nm":"Merge Paths 1","mn":"ADBE Vector Filter - Merge","hd":false},{"ty":"fl","c":{"a":0,"k":[0.043136999011,0.7333329916,0.93725502491,1],"ix":4},"o":{"a":0,"k":100,"ix":5},"r":1,"nm":"Fill 1","mn":"ADBE Vector Graphic - Fill","hd":false},{"ty":"tr","p":{"a":0,"k":[0,0],"ix":2},"a":{"a":0,"k":[0,0],"ix":1},"s":{"a":0,"k":[500,500],"ix":3},"r":{"a":0,"k":0,"ix":6},"o":{"a":0,"k":100,"ix":7},"sk":{"a":0,"k":0,"ix":4},"sa":{"a":0,"k":0,"ix":5},"nm":"Transform"}],"nm":"Shape","np":3,"cix":2,"ix":1,"mn":"ADBE Vector Group","hd":false}],"ip":0,"op":119.000004846969,"st":0,"bm":0},{"ddd":0,"ind":8,"ty":4,"nm":"Path","parent":1,"sr":1,"ks":{"o":{"a":0,"k":100,"ix":11},"r":{"a":0,"k":0,"ix":10},"p":{"a":0,"k":[0,2.55,0],"ix":2},"a":{"a":0,"k":[0,0,0],"ix":1},"s":{"a":0,"k":[100,100,100],"ix":6}},"ao":0,"shapes":[{"ty":"gr","it":[{"ind":0,"ty":"sh","ix":1,"ks":{"a":0,"k":{"i":[[2.65,1.02],[-0.34,0.76],[1.61,-2.22],[-4.97,0],[-2.64,3.63]],"o":[[0.34,0.76],[-2.65,1.02],[2.64,3.63],[4.97,0],[-1.62,-2.22]],"v":[[5.46,-5.49],[-5.46,-5.49],[-12,-0.51],[0,5.49],[12,-0.51]],"c":true},"ix":2},"nm":"Path 1","mn":"ADBE Vector Shape - Group","hd":false},{"ty":"fl","c":{"a":0,"k":[1,1,1,1],"ix":4},"o":{"a":0,"k":100,"ix":5},"r":1,"nm":"Fill 1","mn":"ADBE Vector Graphic - Fill","hd":false},{"ty":"tr","p":{"a":0,"k":[0,0],"ix":2},"a":{"a":0,"k":[0,0],"ix":1},"s":{"a":0,"k":[500,500],"ix":3},"r":{"a":0,"k":0,"ix":6},"o":{"a":0,"k":100,"ix":7},"sk":{"a":0,"k":0,"ix":4},"sa":{"a":0,"k":0,"ix":5},"nm":"Transform"}],"nm":"Path","np":2,"cix":2,"ix":1,"mn":"ADBE Vector Group","hd":false}],"ip":0,"op":119.000004846969,"st":0,"bm":0}],"markers":[]}