{"v":"5.3.4","fr":29.9700012207031,"ip":0,"op":121.000004928431,"w":136,"h":136,"nm":"10_Sun","ddd":0,"assets":[{"id":"comp_0","layers":[{"ddd":0,"ind":1,"ty":4,"nm":"Oval","parent":6,"sr":1,"ks":{"o":{"a":0,"k":100,"ix":11},"r":{"a":0,"k":0,"ix":10},"p":{"a":0,"k":[0,0,0],"ix":2},"a":{"a":0,"k":[0,0,0],"ix":1},"s":{"a":0,"k":[100,100,100],"ix":6}},"ao":0,"shapes":[{"ty":"gr","it":[{"d":1,"ty":"el","s":{"a":0,"k":[16,16],"ix":2},"p":{"a":0,"k":[0,0],"ix":3},"nm":"Ellipse Path 1","mn":"ADBE Vector Shape - Ellipse","hd":false},{"ty":"st","c":{"a":0,"k":[0,0,0,1],"ix":3},"o":{"a":0,"k":100,"ix":4},"w":{"a":0,"k":1,"ix":5},"lc":2,"lj":2,"nm":"Stroke 1","mn":"ADBE Vector Graphic - Stroke","hd":false},{"ty":"tr","p":{"a":0,"k":[0,0],"ix":2},"a":{"a":0,"k":[0,0],"ix":1},"s":{"a":0,"k":[500,500],"ix":3},"r":{"a":0,"k":0,"ix":6},"o":{"a":0,"k":100,"ix":7},"sk":{"a":0,"k":0,"ix":4},"sa":{"a":0,"k":0,"ix":5},"nm":"Transform"}],"nm":"Oval","np":2,"cix":2,"ix":1,"mn":"ADBE Vector Group","hd":false}],"ip":0,"op":121.000004928431,"st":0,"bm":0},{"ddd":0,"ind":2,"ty":4,"nm":"Oval","parent":6,"sr":1,"ks":{"o":{"a":0,"k":100,"ix":11},"r":{"a":0,"k":0,"ix":10},"p":{"a":0,"k":[0,0,0],"ix":2},"a":{"a":0,"k":[0,0,0],"ix":1},"s":{"a":0,"k":[100,100,100],"ix":6}},"ao":0,"shapes":[{"ty":"gr","it":[{"d":1,"ty":"el","s":{"a":0,"k":[16,16],"ix":2},"p":{"a":0,"k":[0,0],"ix":3},"nm":"Ellipse Path 1","mn":"ADBE Vector Shape - Ellipse","hd":false},{"ty":"fl","c":{"a":0,"k":[0.984314024448,0.7333329916,0.129411995411,1],"ix":4},"o":{"a":0,"k":100,"ix":5},"r":1,"nm":"Fill 1","mn":"ADBE Vector Graphic - Fill","hd":false},{"ty":"tr","p":{"a":0,"k":[0,0],"ix":2},"a":{"a":0,"k":[0,0],"ix":1},"s":{"a":0,"k":[500,500],"ix":3},"r":{"a":0,"k":0,"ix":6},"o":{"a":0,"k":100,"ix":7},"sk":{"a":0,"k":0,"ix":4},"sa":{"a":0,"k":0,"ix":5},"nm":"Transform"}],"nm":"Oval","np":2,"cix":2,"ix":1,"mn":"ADBE Vector Group","hd":false}],"ip":0,"op":121.000004928431,"st":0,"bm":0},{"ddd":0,"ind":3,"ty":4,"nm":"Path","parent":6,"sr":1,"ks":{"o":{"a":0,"k":100,"ix":11},"r":{"a":0,"k":0,"ix":10},"p":{"a":0,"k":[0,0,0],"ix":2},"a":{"a":0,"k":[0,0,0],"ix":1},"s":{"a":0,"k":[100,100,100],"ix":6}},"ao":0,"shapes":[{"ty":"gr","it":[{"ind":0,"ty":"sh","ix":1,"ks":{"a":0,"k":{"i":[[0,-1.24],[0.37,-1.12],[0.7,-0.97],[0.98,-0.71],[1.16,-0.37],[1.24,0],[1.12,0.36],[0.97,0.7],[0.71,0.98],[0.37,1.16],[0,1.24],[-0.37,1.12],[-0.7,0.97],[-0.98,0.71],[-1.16,0.37],[-1.24,0],[-1.12,-0.36],[-0.97,-0.7],[-0.71,-0.98],[-0.37,-1.16]],"o":[[0,1.24],[-0.38,1.16],[-0.71,0.98],[-0.97,0.71],[-1.12,0.36],[-1.24,0],[-1.16,-0.38],[-0.98,-0.71],[-0.7,-0.97],[-0.37,-1.12],[0,-1.24],[0.38,-1.16],[0.71,-0.98],[0.97,-0.7],[1.12,-0.36],[1.24,0],[1.16,0.38],[0.98,0.71],[0.7,0.97],[0.37,1.12]],"v":[[12,0.001],[10.5,3.411],[9.71,7.051],[6.49,8.931],[3.71,11.411],[0,11.031],[-3.71,11.411],[-6.49,8.931],[-9.71,7.051],[-10.5,3.411],[-12,0.001],[-10.5,-3.409],[-9.71,-7.049],[-6.49,-8.929],[-3.71,-11.409],[0,-11.029],[3.71,-11.409],[6.49,-8.929],[9.71,-7.049],[10.5,-3.409]],"c":true},"ix":2},"nm":"Path 1","mn":"ADBE Vector Shape - Group","hd":false},{"ty":"st","c":{"a":0,"k":[0,0,0,1],"ix":3},"o":{"a":0,"k":100,"ix":4},"w":{"a":0,"k":1,"ix":5},"lc":2,"lj":2,"nm":"Stroke 1","mn":"ADBE Vector Graphic - Stroke","hd":false},{"ty":"tr","p":{"a":0,"k":[0,0],"ix":2},"a":{"a":0,"k":[0,0],"ix":1},"s":{"a":0,"k":[500,500],"ix":3},"r":{"a":0,"k":0,"ix":6},"o":{"a":0,"k":100,"ix":7},"sk":{"a":0,"k":0,"ix":4},"sa":{"a":0,"k":0,"ix":5},"nm":"Transform"}],"nm":"Path","np":2,"cix":2,"ix":1,"mn":"ADBE Vector Group","hd":false}],"ip":0,"op":121.000004928431,"st":0,"bm":0},{"ddd":0,"ind":4,"ty":4,"nm":"Path","parent":6,"sr":1,"ks":{"o":{"a":0,"k":100,"ix":11},"r":{"a":0,"k":0,"ix":10},"p":{"a":0,"k":[-34.625,0.007,0],"ix":2},"a":{"a":0,"k":[0,0,0],"ix":1},"s":{"a":0,"k":[100,100,100],"ix":6}},"ao":0,"shapes":[{"ty":"gr","it":[{"ind":0,"ty":"sh","ix":1,"ks":{"a":0,"k":{"i":[[-0.37,1.12],[-0.7,0.97],[-0.98,0.71],[-1.16,0.37],[-0.65,-0.14],[0.93,-0.67],[0.71,-0.98],[0.37,-1.16],[0,-1.24],[-0.37,-1.12],[-0.7,-0.97],[-0.98,-0.71],[-1.07,-0.44],[0.58,0.19],[0.97,0.7],[0.71,0.98],[0.37,1.16],[0,1.24]],"o":[[0.38,-1.16],[0.71,-0.98],[0.97,-0.7],[0.58,-0.19],[-1.07,0.44],[-0.98,0.71],[-0.7,0.97],[-0.37,1.12],[0,1.24],[0.38,1.16],[0.71,0.98],[0.93,0.67],[-0.65,0.15],[-1.16,-0.38],[-0.98,-0.71],[-0.7,-0.97],[-0.37,-1.12],[0,-1.24]],"v":[[-3.575,-3.413],[-2.785,-7.053],[0.435,-8.933],[3.215,-11.413],[5.075,-11.353],[2.435,-8.933],[-0.785,-7.053],[-1.575,-3.413],[-3.075,-0.003],[-1.575,3.407],[-0.785,7.047],[2.435,8.927],[5.075,11.347],[3.215,11.407],[0.435,8.927],[-2.785,7.047],[-3.575,3.407],[-5.075,-0.003]],"c":true},"ix":2},"nm":"Path 1","mn":"ADBE Vector Shape - Group","hd":false},{"ty":"fl","c":{"a":0,"k":[0.929412007332,0.419607996941,0.384314000607,1],"ix":4},"o":{"a":0,"k":100,"ix":5},"r":1,"nm":"Fill 1","mn":"ADBE Vector Graphic - Fill","hd":false},{"ty":"tr","p":{"a":0,"k":[0,0],"ix":2},"a":{"a":0,"k":[0,0],"ix":1},"s":{"a":0,"k":[500,500],"ix":3},"r":{"a":0,"k":0,"ix":6},"o":{"a":0,"k":100,"ix":7},"sk":{"a":0,"k":0,"ix":4},"sa":{"a":0,"k":0,"ix":5},"nm":"Transform"}],"nm":"Path","np":2,"cix":2,"ix":1,"mn":"ADBE Vector Group","hd":false}],"ip":0,"op":121.000004928431,"st":0,"bm":0},{"ddd":0,"ind":5,"ty":4,"nm":"Path","parent":6,"sr":1,"ks":{"o":{"a":0,"k":100,"ix":11},"r":{"a":0,"k":0,"ix":10},"p":{"a":0,"k":[34.625,0.007,0],"ix":2},"a":{"a":0,"k":[0,0,0],"ix":1},"s":{"a":0,"k":[100,100,100],"ix":6}},"ao":0,"shapes":[{"ty":"gr","it":[{"ind":0,"ty":"sh","ix":1,"ks":{"a":0,"k":{"i":[[0.37,1.12],[0.7,0.97],[0.98,0.71],[1.16,0.37],[0.65,-0.14],[-0.93,-0.67],[-0.71,-0.98],[-0.37,-1.16],[0,-1.24],[0.37,-1.12],[0.7,-0.97],[0.98,-0.71],[1.07,-0.44],[-0.58,0.19],[-0.97,0.7],[-0.71,0.98],[-0.37,1.16],[0,1.24]],"o":[[-0.38,-1.16],[-0.71,-0.98],[-0.97,-0.7],[-0.58,-0.19],[1.07,0.44],[0.98,0.71],[0.7,0.97],[0.37,1.12],[0,1.24],[-0.38,1.16],[-0.71,0.98],[-0.93,0.67],[0.65,0.15],[1.16,-0.38],[0.98,-0.71],[0.7,-0.97],[0.37,-1.12],[0,-1.24]],"v":[[3.575,-3.413],[2.785,-7.053],[-0.435,-8.933],[-3.215,-11.413],[-5.075,-11.353],[-2.435,-8.933],[0.785,-7.053],[1.575,-3.413],[3.075,-0.003],[1.575,3.407],[0.785,7.047],[-2.435,8.927],[-5.075,11.347],[-3.215,11.407],[-0.435,8.927],[2.785,7.047],[3.575,3.407],[5.075,-0.003]],"c":true},"ix":2},"nm":"Path 1","mn":"ADBE Vector Shape - Group","hd":false},{"ty":"fl","c":{"a":0,"k":[0.827450990677,0.02352900058,0.188234999776,1],"ix":4},"o":{"a":0,"k":100,"ix":5},"r":1,"nm":"Fill 1","mn":"ADBE Vector Graphic - Fill","hd":false},{"ty":"tr","p":{"a":0,"k":[0,0],"ix":2},"a":{"a":0,"k":[0,0],"ix":1},"s":{"a":0,"k":[500,500],"ix":3},"r":{"a":0,"k":0,"ix":6},"o":{"a":0,"k":100,"ix":7},"sk":{"a":0,"k":0,"ix":4},"sa":{"a":0,"k":0,"ix":5},"nm":"Transform"}],"nm":"Path","np":2,"cix":2,"ix":1,"mn":"ADBE Vector Group","hd":false}],"ip":0,"op":121.000004928431,"st":0,"bm":0},{"ddd":0,"ind":6,"ty":4,"nm":"Shape","sr":1,"ks":{"o":{"a":0,"k":100,"ix":11},"r":{"a":0,"k":0,"ix":10},"p":{"a":1,"k":[{"i":{"x":0.392,"y":0.862},"o":{"x":0.203,"y":0.088},"n":"0p392_0p862_0p203_0p088","t":0,"s":[150,319.994,0],"e":[150,163.513,0],"to":[0,-24.9454097747803,0],"ti":[0,40.7023086547852,0]},{"i":{"x":0.614,"y":1},"o":{"x":0.253,"y":1},"n":"0p614_1_0p253_1","t":12,"s":[150,163.513,0],"e":[150,149.994,0],"to":[0,-5.52792358398438,0],"ti":[0,0,0]},{"i":{"x":0.614,"y":0.614},"o":{"x":0.167,"y":0.167},"n":"0p614_0p614_0p167_0p167","t":30,"s":[150,149.994,0],"e":[150,149.994,0],"to":[0,0,0],"ti":[0,0,0]},{"i":{"x":0.576,"y":0.784},"o":{"x":0.18,"y":0},"n":"0p576_0p784_0p18_0","t":60,"s":[150,149.994,0],"e":[150,-20.202,0],"to":[0,0,0],"ti":[0,0,0]},{"i":{"x":0.673,"y":1},"o":{"x":0.313,"y":1},"n":"0p673_1_0p313_1","t":72,"s":[150,-20.202,0],"e":[150,-61.006,0],"to":[0,0,0],"ti":[0,0,0]},{"t":90.0000036657751}],"ix":2},"a":{"a":0,"k":[0,0,0],"ix":1},"s":{"a":0,"k":[100,100,100],"ix":6}},"ao":0,"shapes":[{"ty":"gr","it":[{"ind":0,"ty":"sh","ix":1,"ks":{"a":0,"k":{"i":[[0.37,1.12],[0.7,0.97],[0.98,0.71],[1.16,0.37],[1.24,0],[1.12,-0.36],[0.97,-0.7],[0.71,-0.98],[0.37,-1.16],[0,-1.24],[-0.37,-1.12],[-0.7,-0.97],[-0.98,-0.71],[-1.16,-0.37],[-1.24,0],[-1.12,0.36],[-0.97,0.7],[-0.71,0.98],[-0.37,1.16],[0,1.24]],"o":[[-0.38,-1.16],[-0.71,-0.98],[-0.97,-0.7],[-1.12,-0.36],[-1.24,0],[-1.16,0.38],[-0.98,0.71],[-0.7,0.97],[-0.36,1.12],[0,1.24],[0.38,1.16],[0.71,0.98],[0.97,0.71],[1.12,0.36],[1.24,0],[1.16,-0.38],[0.98,-0.71],[0.7,-0.97],[0.37,-1.12],[0,-1.24]],"v":[[10.5,-3.409],[9.71,-7.049],[6.49,-8.929],[3.71,-11.409],[0,-11.029],[-3.71,-11.409],[-6.49,-8.929],[-9.71,-7.049],[-10.5,-3.409],[-12,0.001],[-10.5,3.411],[-9.71,7.051],[-6.49,8.931],[-3.71,11.411],[0,11.031],[3.71,11.411],[6.49,8.931],[9.71,7.051],[10.5,3.411],[12,0.001]],"c":true},"ix":2},"nm":"Path 1","mn":"ADBE Vector Shape - Group","hd":false},{"ind":1,"ty":"sh","ix":2,"ks":{"a":0,"k":{"i":[[4.42,0],[0,4.42],[-4.42,0],[0,-4.42]],"o":[[-4.42,0],[0,-4.42],[4.42,0],[0,4.42]],"v":[[0,8],[-8,0],[0,-8],[8,0]],"c":true},"ix":2},"nm":"Path 2","mn":"ADBE Vector Shape - Group","hd":false},{"ty":"mm","mm":1,"nm":"Merge Paths 1","mn":"ADBE Vector Filter - Merge","hd":false},{"ty":"fl","c":{"a":0,"k":[0.905882000923,0.203922003508,0.274509996176,1],"ix":4},"o":{"a":0,"k":100,"ix":5},"r":1,"nm":"Fill 1","mn":"ADBE Vector Graphic - Fill","hd":false},{"ty":"tr","p":{"a":0,"k":[0,0],"ix":2},"a":{"a":0,"k":[0,0],"ix":1},"s":{"a":0,"k":[500,500],"ix":3},"r":{"a":0,"k":0,"ix":6},"o":{"a":0,"k":100,"ix":7},"sk":{"a":0,"k":0,"ix":4},"sa":{"a":0,"k":0,"ix":5},"nm":"Transform"}],"nm":"Shape","np":4,"cix":2,"ix":1,"mn":"ADBE Vector Group","hd":false}],"ip":0,"op":121.000004928431,"st":0,"bm":0}]}],"layers":[{"ddd":0,"ind":1,"ty":4,"nm":"Shape Layer 1","td":1,"sr":1,"ks":{"o":{"a":0,"k":100,"ix":11},"r":{"a":0,"k":0,"ix":10},"p":{"a":0,"k":[68,55.4,0],"ix":2},"a":{"a":0,"k":[15.586,12.586,0],"ix":1},"s":{"a":0,"k":[60,60,100],"ix":6}},"ao":0,"shapes":[{"ty":"gr","it":[{"d":1,"ty":"el","s":{"a":0,"k":[173.172,173.172],"ix":2},"p":{"a":0,"k":[0,0],"ix":3},"nm":"Ellipse Path 1","mn":"ADBE Vector Shape - Ellipse","hd":false},{"ty":"st","c":{"a":0,"k":[0.113724996529,0.113724996529,0.105881993911,1],"ix":3},"o":{"a":0,"k":100,"ix":4},"w":{"a":0,"k":1.2,"ix":5},"lc":1,"lj":1,"ml":4,"ml2":{"a":0,"k":4,"ix":8},"nm":"Stroke 1","mn":"ADBE Vector Graphic - Stroke","hd":false},{"ty":"fl","c":{"a":0,"k":[0.000443999995,0.238481992834,1,1],"ix":4},"o":{"a":0,"k":100,"ix":5},"r":1,"nm":"Fill 1","mn":"ADBE Vector Graphic - Fill","hd":false},{"ty":"tr","p":{"a":0,"k":[15.586,12.586],"ix":2},"a":{"a":0,"k":[0,0],"ix":1},"s":{"a":0,"k":[100,100],"ix":3},"r":{"a":0,"k":0,"ix":6},"o":{"a":0,"k":100,"ix":7},"sk":{"a":0,"k":0,"ix":4},"sa":{"a":0,"k":0,"ix":5},"nm":"Transform"}],"nm":"Ellipse 1","np":3,"cix":2,"ix":1,"mn":"ADBE Vector Group","hd":false}],"ip":0,"op":121.000004928431,"st":0,"bm":0},{"ddd":0,"ind":2,"ty":0,"nm":"Sun","tt":1,"refId":"comp_0","sr":1,"ks":{"o":{"a":0,"k":100,"ix":11},"r":{"a":0,"k":0,"ix":10},"p":{"a":0,"k":[68,68,0],"ix":2},"a":{"a":0,"k":[150,150,0],"ix":1},"s":{"a":0,"k":[60,60,100],"ix":6}},"ao":0,"w":300,"h":300,"ip":0,"op":121.000004928431,"st":0,"bm":0}],"markers":[]}