{"v":"5.3.4","fr":29.9700012207031,"ip":0,"op":146.000005946702,"w":136,"h":136,"nm":"1_Dropper_tool","ddd":0,"assets":[],"layers":[{"ddd":0,"ind":1,"ty":3,"nm":"Null 1","sr":1,"ks":{"o":{"a":0,"k":0,"ix":11},"r":{"a":1,"k":[{"i":{"x":[0.427],"y":[0.862]},"o":{"x":[0.186],"y":[0.119]},"n":["0p427_0p862_0p186_0p119"],"t":0,"s":[0],"e":[359.545]},{"i":{"x":[0.637],"y":[1]},"o":{"x":[0.305],"y":[32.918]},"n":["0p637_1_0p305_32p918"],"t":23,"s":[359.545],"e":[360]},{"i":{"x":[0.833],"y":[1]},"o":{"x":[0.167],"y":[0]},"n":["0p833_1_0p167_0"],"t":36,"s":[360],"e":[360]},{"i":{"x":[0.437],"y":[0.87]},"o":{"x":[0.191],"y":[0]},"n":["0p437_0p87_0p191_0"],"t":80,"s":[360],"e":[26.809]},{"i":{"x":[0.629],"y":[1]},"o":{"x":[0.298],"y":[1.42]},"n":["0p629_1_0p298_1p42"],"t":95,"s":[26.809],"e":[0]},{"t":120.0000048877}],"ix":10},"p":{"a":1,"k":[{"i":{"x":0.4,"y":1},"o":{"x":0.167,"y":0.278},"n":"0p4_1_0p167_0p278","t":0,"s":[86,56,0],"e":[86,66.036,0],"to":[0,-0.350919008255,0],"ti":[0,0.85177910327911,0]},{"i":{"x":0.464,"y":0.862},"o":{"x":0.197,"y":0.08},"n":"0p464_0p862_0p197_0p08","t":12,"s":[86,66.036,0],"e":[86,35.939,0],"to":[0,-1.08047223091125,0],"ti":[0,3.7039692401886,0]},{"i":{"x":0.629,"y":0.905},"o":{"x":0.298,"y":0.058},"n":"0p629_0p905_0p298_0p058","t":22,"s":[86,35.939,0],"e":[86,88.037,0],"to":[0,-0.73101091384888,0],"ti":[0,-3.37682247161865,0]},{"i":{"x":0.66,"y":1},"o":{"x":0.326,"y":0.664},"n":"0p66_1_0p326_0p664","t":35,"s":[86,88.037,0],"e":[86,80,0],"to":[0,0.61855888366699,0],"ti":[0,0,0]},{"i":{"x":0.66,"y":0.66},"o":{"x":0.167,"y":0.167},"n":"0p66_0p66_0p167_0p167","t":51,"s":[86,80,0],"e":[86,80,0],"to":[0,0,0],"ti":[0,0,0]},{"i":{"x":0.445,"y":0.869},"o":{"x":0.191,"y":0},"n":"0p445_0p869_0p191_0","t":80,"s":[86,80,0],"e":[86,57.837,0],"to":[0,0,0],"ti":[0,5.64372968673706,0]},{"i":{"x":0.63,"y":1},"o":{"x":0.102,"y":1},"n":"0p63_1_0p102_1","t":89,"s":[86,57.837,0],"e":[86,56,0],"to":[0,-1.03007864952087,0],"ti":[0,0.13891179859638,0]},{"t":120.0000048877}],"ix":2},"a":{"a":0,"k":[50,0,0],"ix":1},"s":{"a":1,"k":[{"i":{"x":[0.39,0.39,0.39],"y":[1,1,1]},"o":{"x":[0.167,0.167,0.167],"y":[0.167,0.167,0]},"n":["0p39_1_0p167_0p167","0p39_1_0p167_0p167","0p39_1_0p167_0"],"t":0,"s":[60,60,100],"e":[53.4,53.4,100]},{"i":{"x":[0.833,0.833,0.833],"y":[1,1,1]},"o":{"x":[0.167,0.167,0.167],"y":[0,0,0]},"n":["0p833_1_0p167_0","0p833_1_0p167_0","0p833_1_0p167_0"],"t":34,"s":[53.4,53.4,100],"e":[53.4,53.4,100]},{"i":{"x":[0.639,0.639,0.639],"y":[0.701,0.701,1.476]},"o":{"x":[0.157,0.157,0.157],"y":[0,0,0]},"n":["0p639_0p701_0p157_0","0p639_0p701_0p157_0","0p639_1p476_0p157_0"],"t":80,"s":[53.4,53.4,100],"e":[57.961,57.961,100]},{"i":{"x":[0.809,0.809,0.809],"y":[0.691,0.691,1.219]},"o":{"x":[0.438,0.438,0.438],"y":[0.811,0.811,-0.576]},"n":["0p809_0p691_0p438_0p811","0p809_0p691_0p438_0p811","0p809_1p219_0p438_-0p576"],"t":100,"s":[57.961,57.961,100],"e":[60,60,100]},{"t":120.0000048877}],"ix":6}},"ao":0,"ip":0,"op":146.000005946702,"st":0,"bm":0},{"ddd":0,"ind":2,"ty":4,"nm":"Drop 3","parent":12,"sr":1,"ks":{"o":{"a":1,"k":[{"i":{"x":[0.4],"y":[1]},"o":{"x":[0.167],"y":[0.167]},"n":["0p4_1_0p167_0p167"],"t":56.273,"s":[100],"e":[0]},{"t":62.0912525290285}],"ix":11},"r":{"a":0,"k":0,"ix":10},"p":{"a":1,"k":[{"i":{"x":0.4,"y":1},"o":{"x":0.167,"y":0.167},"n":"0p4_1_0p167_0p167","t":49,"s":[-89.744,107.687,0],"e":[-89.744,138.687,0],"to":[0,5.16666650772095,0],"ti":[0,-5.16666650772095,0]},{"t":65.0000026475043}],"ix":2},"a":{"a":0,"k":[-10.565,-21.806,0],"ix":1},"s":{"a":0,"k":[100,100,100],"ix":6}},"ao":0,"shapes":[{"ty":"gr","it":[{"ind":0,"ty":"sh","ix":1,"ks":{"a":1,"k":[{"i":{"x":0.833,"y":0.833},"o":{"x":0.167,"y":0.167},"n":"0p833_0p833_0p167_0p167","t":49,"s":[{"i":[[0,0],[-8.764,0]],"o":[[0,0],[9.523,0]],"v":[[-10.71,-33.688],[-10.5,-14.562]],"c":true}],"e":[{"i":[[0,0],[-8.764,0]],"o":[[0,0],[9.523,0]],"v":[[-10.652,-41.023],[-10.5,-14.716]],"c":true}]},{"i":{"x":0.833,"y":0.833},"o":{"x":0.167,"y":0.167},"n":"0p833_0p833_0p167_0p167","t":53.364,"s":[{"i":[[0,0],[-8.764,0]],"o":[[0,0],[9.523,0]],"v":[[-10.652,-41.023],[-10.5,-14.716]],"c":true}],"e":[{"i":[[0,0],[-8.764,0]],"o":[[0,0],[9.523,0]],"v":[[-10.563,-25.392],[-10.5,-14.818]],"c":true}]},{"i":{"x":0.833,"y":0.833},"o":{"x":0.167,"y":0.167},"n":"0p833_0p833_0p167_0p167","t":56.273,"s":[{"i":[[0,0],[-8.764,0]],"o":[[0,0],[9.523,0]],"v":[[-10.563,-25.392],[-10.5,-14.818]],"c":true}],"e":[{"i":[[0,0],[-8.764,0]],"o":[[0,0],[9.523,0]],"v":[[-10.75,-28.5],[-10.46,-6.125]],"c":true}]},{"t":65.0000026475043}],"ix":2},"nm":"Path 1","mn":"ADBE Vector Shape - Group","hd":false},{"ty":"st","c":{"a":0,"k":[1,1,1,1],"ix":3},"o":{"a":0,"k":100,"ix":4},"w":{"a":0,"k":0,"ix":5},"lc":1,"lj":1,"ml":4,"ml2":{"a":0,"k":4,"ix":8},"nm":"Stroke 1","mn":"ADBE Vector Graphic - Stroke","hd":false},{"ty":"fl","c":{"a":0,"k":[0.984313785329,0.733333333333,0.129411764706,1],"ix":4},"o":{"a":0,"k":100,"ix":5},"r":1,"nm":"Fill 1","mn":"ADBE Vector Graphic - Fill","hd":false},{"ty":"tr","p":{"a":0,"k":[0,0],"ix":2},"a":{"a":0,"k":[0,0],"ix":1},"s":{"a":0,"k":[100,100],"ix":3},"r":{"a":0,"k":0,"ix":6},"o":{"a":0,"k":100,"ix":7},"sk":{"a":0,"k":0,"ix":4},"sa":{"a":0,"k":0,"ix":5},"nm":"Transform"}],"nm":"Shape 1","np":3,"cix":2,"ix":1,"mn":"ADBE Vector Group","hd":false}],"ip":49.0000019958109,"op":66.0000026882351,"st":49.0000019958109,"bm":0},{"ddd":0,"ind":3,"ty":4,"nm":"Drop 2","parent":12,"sr":1,"ks":{"o":{"a":1,"k":[{"i":{"x":[0.4],"y":[1]},"o":{"x":[0.167],"y":[0.167]},"n":["0p4_1_0p167_0p167"],"t":46.273,"s":[100],"e":[0]},{"t":52.0912521217201}],"ix":11},"r":{"a":0,"k":0,"ix":10},"p":{"a":1,"k":[{"i":{"x":0.4,"y":1},"o":{"x":0.167,"y":0.167},"n":"0p4_1_0p167_0p167","t":39,"s":[-89.744,107.687,0],"e":[-89.744,138.687,0],"to":[0,5.16666650772095,0],"ti":[0,-5.16666650772095,0]},{"t":55.0000022401959}],"ix":2},"a":{"a":0,"k":[-10.565,-21.806,0],"ix":1},"s":{"a":0,"k":[100,100,100],"ix":6}},"ao":0,"shapes":[{"ty":"gr","it":[{"ind":0,"ty":"sh","ix":1,"ks":{"a":1,"k":[{"i":{"x":0.833,"y":0.833},"o":{"x":0.167,"y":0.167},"n":"0p833_0p833_0p167_0p167","t":39,"s":[{"i":[[0,0],[-8.764,0]],"o":[[0,0],[9.523,0]],"v":[[-10.71,-33.688],[-10.5,-14.562]],"c":true}],"e":[{"i":[[0,0],[-8.764,0]],"o":[[0,0],[9.523,0]],"v":[[-10.652,-41.023],[-10.5,-14.716]],"c":true}]},{"i":{"x":0.833,"y":0.833},"o":{"x":0.167,"y":0.167},"n":"0p833_0p833_0p167_0p167","t":43.364,"s":[{"i":[[0,0],[-8.764,0]],"o":[[0,0],[9.523,0]],"v":[[-10.652,-41.023],[-10.5,-14.716]],"c":true}],"e":[{"i":[[0,0],[-8.764,0]],"o":[[0,0],[9.523,0]],"v":[[-10.563,-25.392],[-10.5,-14.818]],"c":true}]},{"i":{"x":0.833,"y":0.833},"o":{"x":0.167,"y":0.167},"n":"0p833_0p833_0p167_0p167","t":46.273,"s":[{"i":[[0,0],[-8.764,0]],"o":[[0,0],[9.523,0]],"v":[[-10.563,-25.392],[-10.5,-14.818]],"c":true}],"e":[{"i":[[0,0],[-8.764,0]],"o":[[0,0],[9.523,0]],"v":[[-10.75,-28.5],[-10.46,-6.125]],"c":true}]},{"t":55.0000022401959}],"ix":2},"nm":"Path 1","mn":"ADBE Vector Shape - Group","hd":false},{"ty":"st","c":{"a":0,"k":[1,1,1,1],"ix":3},"o":{"a":0,"k":100,"ix":4},"w":{"a":0,"k":0,"ix":5},"lc":1,"lj":1,"ml":4,"ml2":{"a":0,"k":4,"ix":8},"nm":"Stroke 1","mn":"ADBE Vector Graphic - Stroke","hd":false},{"ty":"fl","c":{"a":0,"k":[0.984313785329,0.733333333333,0.129411764706,1],"ix":4},"o":{"a":0,"k":100,"ix":5},"r":1,"nm":"Fill 1","mn":"ADBE Vector Graphic - Fill","hd":false},{"ty":"tr","p":{"a":0,"k":[0,0],"ix":2},"a":{"a":0,"k":[0,0],"ix":1},"s":{"a":0,"k":[100,100],"ix":3},"r":{"a":0,"k":0,"ix":6},"o":{"a":0,"k":100,"ix":7},"sk":{"a":0,"k":0,"ix":4},"sa":{"a":0,"k":0,"ix":5},"nm":"Transform"}],"nm":"Shape 1","np":3,"cix":2,"ix":1,"mn":"ADBE Vector Group","hd":false}],"ip":39.0000015885026,"op":56.0000022809268,"st":39.0000015885026,"bm":0},{"ddd":0,"ind":4,"ty":4,"nm":"Drop","parent":12,"sr":1,"ks":{"o":{"a":1,"k":[{"i":{"x":[0.4],"y":[1]},"o":{"x":[0.167],"y":[0.167]},"n":["0p4_1_0p167_0p167"],"t":36.273,"s":[100],"e":[0]},{"t":42.0912517144118}],"ix":11},"r":{"a":0,"k":0,"ix":10},"p":{"a":1,"k":[{"i":{"x":0.4,"y":1},"o":{"x":0.167,"y":0.167},"n":"0p4_1_0p167_0p167","t":29,"s":[-89.744,107.687,0],"e":[-89.744,138.687,0],"to":[0,5.16666650772095,0],"ti":[0,-5.16666650772095,0]},{"t":45.0000018328876}],"ix":2},"a":{"a":0,"k":[-10.565,-21.806,0],"ix":1},"s":{"a":0,"k":[100,100,100],"ix":6}},"ao":0,"shapes":[{"ty":"gr","it":[{"ind":0,"ty":"sh","ix":1,"ks":{"a":1,"k":[{"i":{"x":0.833,"y":0.833},"o":{"x":0.167,"y":0.167},"n":"0p833_0p833_0p167_0p167","t":29,"s":[{"i":[[0,0],[-8.764,0]],"o":[[0,0],[9.523,0]],"v":[[-10.71,-33.688],[-10.5,-14.562]],"c":true}],"e":[{"i":[[0,0],[-8.764,0]],"o":[[0,0],[9.523,0]],"v":[[-10.652,-41.023],[-10.5,-14.716]],"c":true}]},{"i":{"x":0.833,"y":0.833},"o":{"x":0.167,"y":0.167},"n":"0p833_0p833_0p167_0p167","t":33.364,"s":[{"i":[[0,0],[-8.764,0]],"o":[[0,0],[9.523,0]],"v":[[-10.652,-41.023],[-10.5,-14.716]],"c":true}],"e":[{"i":[[0,0],[-8.764,0]],"o":[[0,0],[9.523,0]],"v":[[-10.563,-25.392],[-10.5,-14.818]],"c":true}]},{"i":{"x":0.833,"y":0.833},"o":{"x":0.167,"y":0.167},"n":"0p833_0p833_0p167_0p167","t":36.273,"s":[{"i":[[0,0],[-8.764,0]],"o":[[0,0],[9.523,0]],"v":[[-10.563,-25.392],[-10.5,-14.818]],"c":true}],"e":[{"i":[[0,0],[-8.764,0]],"o":[[0,0],[9.523,0]],"v":[[-10.75,-28.5],[-10.46,-6.125]],"c":true}]},{"t":45.0000018328876}],"ix":2},"nm":"Path 1","mn":"ADBE Vector Shape - Group","hd":false},{"ty":"st","c":{"a":0,"k":[1,1,1,1],"ix":3},"o":{"a":0,"k":100,"ix":4},"w":{"a":0,"k":0,"ix":5},"lc":1,"lj":1,"ml":4,"ml2":{"a":0,"k":4,"ix":8},"nm":"Stroke 1","mn":"ADBE Vector Graphic - Stroke","hd":false},{"ty":"fl","c":{"a":0,"k":[0.984313785329,0.733333333333,0.129411764706,1],"ix":4},"o":{"a":0,"k":100,"ix":5},"r":1,"nm":"Fill 1","mn":"ADBE Vector Graphic - Fill","hd":false},{"ty":"tr","p":{"a":0,"k":[0,0],"ix":2},"a":{"a":0,"k":[0,0],"ix":1},"s":{"a":0,"k":[100,100],"ix":3},"r":{"a":0,"k":0,"ix":6},"o":{"a":0,"k":100,"ix":7},"sk":{"a":0,"k":0,"ix":4},"sa":{"a":0,"k":0,"ix":5},"nm":"Transform"}],"nm":"Shape 1","np":3,"cix":2,"ix":1,"mn":"ADBE Vector Group","hd":false}],"ip":29.0000011811942,"op":46.0000018736184,"st":29.0000011811942,"bm":0},{"ddd":0,"ind":5,"ty":4,"nm":"Path","parent":12,"sr":1,"ks":{"o":{"a":0,"k":100,"ix":11},"r":{"a":0,"k":0,"ix":10},"p":{"a":0,"k":[-8.731,8.706,0],"ix":2},"a":{"a":0,"k":[0,0,0],"ix":1},"s":{"a":0,"k":[100,100,100],"ix":6}},"ao":0,"shapes":[{"ty":"gr","it":[{"ind":0,"ty":"sh","ix":1,"ks":{"a":0,"k":{"i":[[0,0],[-0.39,-0.38],[0,0],[-0.38,0.39],[0,0],[0.39,0.39],[0,0],[0.39,-0.39]],"o":[[-0.39,0.39],[0,0],[0.39,0.39],[0,0],[0.39,-0.39],[0,0],[-0.38,-0.39],[0,0]],"v":[[-3.538,-3.542],[-3.538,-2.133],[2.122,3.538],[3.533,3.538],[3.533,3.538],[3.533,2.117],[-2.128,-3.542],[-3.538,-3.542]],"c":true},"ix":2},"nm":"Path 1","mn":"ADBE Vector Shape - Group","hd":false},{"ty":"st","c":{"a":0,"k":[0,0,0,1],"ix":3},"o":{"a":0,"k":100,"ix":4},"w":{"a":0,"k":1,"ix":5},"lc":2,"lj":2,"nm":"Stroke 1","mn":"ADBE Vector Graphic - Stroke","hd":false},{"ty":"tr","p":{"a":0,"k":[0,0],"ix":2},"a":{"a":0,"k":[0,0],"ix":1},"s":{"a":0,"k":[500,500],"ix":3},"r":{"a":0,"k":0,"ix":6},"o":{"a":0,"k":100,"ix":7},"sk":{"a":0,"k":0,"ix":4},"sa":{"a":0,"k":0,"ix":5},"nm":"Transform"}],"nm":"Path","np":2,"cix":2,"ix":1,"mn":"ADBE Vector Group","hd":false}],"ip":0,"op":146.000005946702,"st":0,"bm":0},{"ddd":0,"ind":6,"ty":4,"nm":"Path","parent":12,"sr":1,"ks":{"o":{"a":0,"k":100,"ix":11},"r":{"a":0,"k":0,"ix":10},"p":{"a":0,"k":[-47.812,47.762,0],"ix":2},"a":{"a":0,"k":[0,0,0],"ix":1},"s":{"a":0,"k":[100,100,100],"ix":6}},"ao":0,"shapes":[{"ty":"gr","it":[{"ind":0,"ty":"sh","ix":1,"ks":{"a":0,"k":{"i":[[0,0],[0,0],[0.54,-0.08],[0,0],[0.39,-0.39],[0,0],[0.39,0.39],[0,0],[-0.39,0.39],[0,0],[-0.08,0.55],[0,0],[-0.39,0.39],[0,0]],"o":[[0,0],[-0.39,0.39],[0,0],[-0.54,0.08],[0,0],[-0.39,0.39],[0,0],[-0.39,-0.39],[0,0],[0.39,-0.39],[0,0],[0.08,-0.54],[0,0],[0,0]],"v":[[8.879,-5.331],[-2.561,6.109],[-4.261,6.959],[-4.761,7.029],[-6.461,7.879],[-7.171,8.589],[-8.591,8.589],[-8.591,8.589],[-8.591,7.169],[-7.881,6.459],[-7.031,4.759],[-6.961,4.259],[-6.111,2.559],[5.329,-8.881]],"c":false},"ix":2},"nm":"Path 1","mn":"ADBE Vector Shape - Group","hd":false},{"ty":"st","c":{"a":0,"k":[0,0,0,1],"ix":3},"o":{"a":0,"k":100,"ix":4},"w":{"a":0,"k":1,"ix":5},"lc":2,"lj":2,"nm":"Stroke 1","mn":"ADBE Vector Graphic - Stroke","hd":false},{"ty":"tr","p":{"a":0,"k":[0,0],"ix":2},"a":{"a":0,"k":[0,0],"ix":1},"s":{"a":0,"k":[500,500],"ix":3},"r":{"a":0,"k":0,"ix":6},"o":{"a":0,"k":100,"ix":7},"sk":{"a":0,"k":0,"ix":4},"sa":{"a":0,"k":0,"ix":5},"nm":"Transform"}],"nm":"Path","np":2,"cix":2,"ix":1,"mn":"ADBE Vector Group","hd":false}],"ip":0,"op":146.000005946702,"st":0,"bm":0},{"ddd":0,"ind":7,"ty":4,"nm":"Path","parent":12,"sr":1,"ks":{"o":{"a":0,"k":100,"ix":11},"r":{"a":0,"k":0,"ix":10},"p":{"a":0,"k":[6.931,-6.931,0],"ix":2},"a":{"a":0,"k":[0,0,0],"ix":1},"s":{"a":0,"k":[100,100,100],"ix":6}},"ao":0,"shapes":[{"ty":"gr","it":[{"ind":0,"ty":"sh","ix":1,"ks":{"a":0,"k":{"i":[[0,0],[0,0],[0.78,0.78],[0,0],[0.78,-0.77],[0,0]],"o":[[0,0],[0.78,-0.78],[0,0],[-0.78,-0.77],[0,0],[0,0]],"v":[[-0.648,4.182],[3.602,-0.068],[3.602,-2.898],[2.893,-3.607],[0.062,-3.607],[-4.188,0.643]],"c":false},"ix":2},"nm":"Path 1","mn":"ADBE Vector Shape - Group","hd":false},{"ty":"st","c":{"a":0,"k":[0,0,0,1],"ix":3},"o":{"a":0,"k":100,"ix":4},"w":{"a":0,"k":1,"ix":5},"lc":2,"lj":2,"nm":"Stroke 1","mn":"ADBE Vector Graphic - Stroke","hd":false},{"ty":"tr","p":{"a":0,"k":[0,0],"ix":2},"a":{"a":0,"k":[0,0],"ix":1},"s":{"a":0,"k":[500,500],"ix":3},"r":{"a":0,"k":0,"ix":6},"o":{"a":0,"k":100,"ix":7},"sk":{"a":0,"k":0,"ix":4},"sa":{"a":0,"k":0,"ix":5},"nm":"Transform"}],"nm":"Path","np":2,"cix":2,"ix":1,"mn":"ADBE Vector Group","hd":false}],"ip":0,"op":146.000005946702,"st":0,"bm":0},{"ddd":0,"ind":8,"ty":4,"nm":"Path","parent":12,"sr":1,"ks":{"o":{"a":0,"k":100,"ix":11},"r":{"a":0,"k":0,"ix":10},"p":{"a":0,"k":[-47.756,54.137,0],"ix":2},"a":{"a":0,"k":[0,0,0],"ix":1},"s":{"a":0,"k":[100,100,100],"ix":6}},"ao":0,"shapes":[{"ty":"gr","it":[{"ind":0,"ty":"sh","ix":1,"ks":{"a":0,"k":{"i":[[0,0],[0,0],[0.54,-0.08],[0,0],[0.39,-0.39],[0,0],[0.26,0],[-0.19,-0.2],[-0.39,0.39],[0,0],[-0.55,0.08],[0,0],[-0.39,0.39],[0,0]],"o":[[0,0],[-0.39,0.39],[0,0],[-0.54,0.08],[0,0],[-0.19,0.19],[0,0.26],[0.39,0.39],[0,0],[0.39,-0.39],[0,0],[0.54,-0.08],[0,0],[0,0]],"v":[[7.87,-7.606],[-3.57,3.834],[-5.27,4.684],[-5.77,4.754],[-7.47,5.604],[-8.18,6.314],[-8.88,6.604],[-8.59,7.314],[-7.17,7.314],[-6.46,6.604],[-4.76,5.754],[-4.26,5.684],[-2.56,4.834],[8.88,-6.606]],"c":true},"ix":2},"nm":"Path 1","mn":"ADBE Vector Shape - Group","hd":false},{"ty":"fl","c":{"a":0,"k":[0.854902029037,0.854902029037,0.854902029037,1],"ix":4},"o":{"a":0,"k":100,"ix":5},"r":1,"nm":"Fill 1","mn":"ADBE Vector Graphic - Fill","hd":false},{"ty":"tr","p":{"a":0,"k":[0,0],"ix":2},"a":{"a":0,"k":[0,0],"ix":1},"s":{"a":0,"k":[500,500],"ix":3},"r":{"a":0,"k":0,"ix":6},"o":{"a":0,"k":100,"ix":7},"sk":{"a":0,"k":0,"ix":4},"sa":{"a":0,"k":0,"ix":5},"nm":"Transform"}],"nm":"Path","np":2,"cix":2,"ix":1,"mn":"ADBE Vector Group","hd":false}],"ip":0,"op":146.000005946702,"st":0,"bm":0},{"ddd":0,"ind":9,"ty":4,"nm":"Path","parent":12,"sr":1,"ks":{"o":{"a":0,"k":100,"ix":11},"r":{"a":0,"k":0,"ix":10},"p":{"a":0,"k":[-47.787,47.813,0],"ix":2},"a":{"a":0,"k":[0,0,0],"ix":1},"s":{"a":0,"k":[100,100,100],"ix":6}},"ao":0,"shapes":[{"ty":"gr","it":[{"ind":0,"ty":"sh","ix":1,"ks":{"a":0,"k":{"i":[[0,0],[0,0],[0,0],[0.08,-0.55],[0,0],[0.39,-0.39],[0,0],[-0.39,-0.39],[0,0],[-0.39,0.39],[0,0],[-0.55,0.08],[0,0],[-0.39,0.39]],"o":[[0,0],[0,0],[-0.39,0.39],[0,0],[-0.08,0.54],[0,0],[-0.39,0.39],[0,0],[0.39,0.39],[0,0],[0.39,-0.39],[0,0],[0.54,-0.08],[0,0]],"v":[[8.874,-5.341],[5.334,-8.881],[-6.106,2.559],[-6.956,4.259],[-7.026,4.759],[-7.876,6.459],[-8.586,7.169],[-8.586,8.589],[-8.586,8.589],[-7.166,8.589],[-6.456,7.879],[-4.756,7.029],[-4.256,6.959],[-2.556,6.109]],"c":true},"ix":2},"nm":"Path 1","mn":"ADBE Vector Shape - Group","hd":false},{"ty":"fl","c":{"a":0,"k":[1,1,1,1],"ix":4},"o":{"a":0,"k":100,"ix":5},"r":1,"nm":"Fill 1","mn":"ADBE Vector Graphic - Fill","hd":false},{"ty":"tr","p":{"a":0,"k":[0,0],"ix":2},"a":{"a":0,"k":[0,0],"ix":1},"s":{"a":0,"k":[500,500],"ix":3},"r":{"a":0,"k":0,"ix":6},"o":{"a":0,"k":100,"ix":7},"sk":{"a":0,"k":0,"ix":4},"sa":{"a":0,"k":0,"ix":5},"nm":"Transform"}],"nm":"Path","np":2,"cix":2,"ix":1,"mn":"ADBE Vector Group","hd":false}],"ip":0,"op":146.000005946702,"st":0,"bm":0},{"ddd":0,"ind":10,"ty":4,"nm":"Path","parent":12,"sr":1,"ks":{"o":{"a":0,"k":100,"ix":11},"r":{"a":0,"k":0,"ix":10},"p":{"a":0,"k":[12.387,1.138,0],"ix":2},"a":{"a":0,"k":[0,0,0],"ix":1},"s":{"a":0,"k":[100,100,100],"ix":6}},"ao":0,"shapes":[{"ty":"gr","it":[{"ind":0,"ty":"sh","ix":1,"ks":{"a":0,"k":{"i":[[0.77,0.78],[0,0],[0.05,0.04],[0.73,-0.73],[0,0],[0,0],[0.39,-0.39],[0.39,0.39],[0,0],[-0.38,0.39],[0.39,0.39],[0,0],[0,0]],"o":[[0,0],[-0.05,-0.05],[0.64,0.79],[0,0],[0,0],[0.39,0.39],[-0.39,0.39],[0,0],[0.39,0.39],[0.39,-0.39],[0,0],[0,0],[0.77,-0.78]],"v":[[2.511,-4.506],[1.801,-5.216],[1.641,-5.346],[1.511,-2.676],[-2.739,1.574],[-1.679,2.634],[-1.679,4.054],[-3.089,4.054],[-2.089,5.054],[-0.679,5.054],[-0.679,3.634],[-1.739,2.574],[2.511,-1.676]],"c":true},"ix":2},"nm":"Path 1","mn":"ADBE Vector Shape - Group","hd":false},{"ty":"fl","c":{"a":0,"k":[0.894118010998,0.607842981815,0,1],"ix":4},"o":{"a":0,"k":100,"ix":5},"r":1,"nm":"Fill 1","mn":"ADBE Vector Graphic - Fill","hd":false},{"ty":"tr","p":{"a":0,"k":[0,0],"ix":2},"a":{"a":0,"k":[0,0],"ix":1},"s":{"a":0,"k":[500,500],"ix":3},"r":{"a":0,"k":0,"ix":6},"o":{"a":0,"k":100,"ix":7},"sk":{"a":0,"k":0,"ix":4},"sa":{"a":0,"k":0,"ix":5},"nm":"Transform"}],"nm":"Path","np":2,"cix":2,"ix":1,"mn":"ADBE Vector Group","hd":false}],"ip":0,"op":146.000005946702,"st":0,"bm":0},{"ddd":0,"ind":11,"ty":4,"nm":"Path","parent":12,"sr":1,"ks":{"o":{"a":0,"k":100,"ix":11},"r":{"a":0,"k":0,"ix":10},"p":{"a":0,"k":[-1.137,-12.406,0],"ix":2},"a":{"a":0,"k":[0,0,0],"ix":1},"s":{"a":0,"k":[100,100,100],"ix":6}},"ao":0,"shapes":[{"ty":"gr","it":[{"ind":0,"ty":"sh","ix":1,"ks":{"a":0,"k":{"i":[[0,0],[-0.39,0.39],[-0.39,-0.39],[0,0],[0,0],[-0.78,-0.64],[0.05,0.05],[0,0],[0.78,-0.77],[0,0],[0,0],[0.39,-0.39],[-0.39,-0.39]],"o":[[-0.39,-0.39],[0.39,-0.39],[0,0],[0,0],[0.73,-0.73],[-0.04,-0.05],[0,0],[-0.78,-0.77],[0,0],[0,0],[-0.39,-0.39],[-0.39,0.39],[0,0]],"v":[[-4.056,3.098],[-4.056,1.678],[-2.636,1.678],[-1.576,2.738],[2.674,-1.512],[5.344,-1.643],[5.214,-1.803],[4.504,-2.512],[1.674,-2.512],[-2.576,1.738],[-3.636,0.678],[-5.056,0.678],[-5.056,2.098]],"c":true},"ix":2},"nm":"Path 1","mn":"ADBE Vector Shape - Group","hd":false},{"ty":"fl","c":{"a":0,"k":[1,0.874509990215,0.262744992971,1],"ix":4},"o":{"a":0,"k":100,"ix":5},"r":1,"nm":"Fill 1","mn":"ADBE Vector Graphic - Fill","hd":false},{"ty":"tr","p":{"a":0,"k":[0,0],"ix":2},"a":{"a":0,"k":[0,0],"ix":1},"s":{"a":0,"k":[500,500],"ix":3},"r":{"a":0,"k":0,"ix":6},"o":{"a":0,"k":100,"ix":7},"sk":{"a":0,"k":0,"ix":4},"sa":{"a":0,"k":0,"ix":5},"nm":"Transform"}],"nm":"Path","np":2,"cix":2,"ix":1,"mn":"ADBE Vector Group","hd":false}],"ip":0,"op":146.000005946702,"st":0,"bm":0},{"ddd":0,"ind":12,"ty":4,"nm":"Path","parent":1,"sr":1,"ks":{"o":{"a":0,"k":100,"ix":11},"r":{"a":0,"k":0,"ix":10},"p":{"a":1,"k":[{"i":{"x":0.615,"y":0.832},"o":{"x":0.27,"y":0.093},"n":"0p615_0p832_0p27_0p093","t":0,"s":[80.087,-39.988,0],"e":[80.087,13.779,0],"to":[0,0,0],"ti":[0,0,0]},{"i":{"x":0.845,"y":0},"o":{"x":0.064,"y":1},"n":"0p845_0_0p064_1","t":5,"s":[80.087,13.779,0],"e":[80.087,16.47,0],"to":[0,0,0],"ti":[0,0,0]},{"i":{"x":0.671,"y":0.856},"o":{"x":0.323,"y":0.072},"n":"0p671_0p856_0p323_0p072","t":14,"s":[80.087,16.47,0],"e":[80.087,-87.947,0],"to":[0,0,0],"ti":[0,0,0]},{"i":{"x":0.686,"y":1},"o":{"x":0.051,"y":1},"n":"0p686_1_0p051_1","t":26,"s":[80.087,-87.947,0],"e":[80.087,-91.988,0],"to":[0,0,0],"ti":[0,0,0]},{"i":{"x":0.686,"y":0.686},"o":{"x":0.167,"y":0.167},"n":"0p686_0p686_0p167_0p167","t":47,"s":[80.087,-91.988,0],"e":[80.087,-91.988,0],"to":[0,0,0],"ti":[0,0,0]},{"i":{"x":0.445,"y":0.825},"o":{"x":0.191,"y":0},"n":"0p445_0p825_0p191_0","t":80,"s":[80.087,-91.988,0],"e":[80.087,-43.966,0],"to":[0,0,0],"ti":[0,0,0]},{"i":{"x":0.63,"y":1},"o":{"x":0.263,"y":1},"n":"0p63_1_0p263_1","t":100,"s":[80.087,-43.966,0],"e":[80.087,-39.988,0],"to":[0,0,0],"ti":[0,0,0]},{"t":120.0000048877}],"ix":2},"a":{"a":0,"k":[27.869,-27.856,0],"ix":1},"s":{"a":1,"k":[{"i":{"x":[0.628,0.628,0.628],"y":[1,1,1]},"o":{"x":[0.192,0.192,0.192],"y":[0.617,0.617,-18.519]},"n":["0p628_1_0p192_0p617","0p628_1_0p192_0p617","0p628_1_0p192_-18p519"],"t":0,"s":[100,100,100],"e":[70,70,100]},{"i":{"x":[0.833,0.833,0.833],"y":[1,1,1]},"o":{"x":[0.167,0.167,0.167],"y":[0,0,0]},"n":["0p833_1_0p167_0","0p833_1_0p167_0","0p833_1_0p167_0"],"t":45,"s":[70,70,100],"e":[70,70,100]},{"i":{"x":[0.639,0.639,0.639],"y":[0.827,0.827,1]},"o":{"x":[0.157,0.157,0.157],"y":[0,0,0]},"n":["0p639_0p827_0p157_0","0p639_0p827_0p157_0","0p639_1_0p157_0"],"t":80,"s":[70,70,100],"e":[92.948,92.948,100]},{"i":{"x":[0.809,0.809,0.809],"y":[1,1,1]},"o":{"x":[0.438,0.438,0.438],"y":[1.419,1.419,0]},"n":["0p809_1_0p438_1p419","0p809_1_0p438_1p419","0p809_1_0p438_0"],"t":93,"s":[92.948,92.948,100],"e":[100,100,100]},{"t":120.0000048877}],"ix":6}},"ao":0,"shapes":[{"ty":"gr","it":[{"ind":0,"ty":"sh","ix":1,"ks":{"a":0,"k":{"i":[[0,0],[0,0],[0.78,0.78],[0,0],[0.78,-0.77],[0,0],[0,0],[0.39,-0.39],[-0.39,-0.39],[0,0],[-0.38,0.39],[0.39,0.39]],"o":[[0,0],[0.78,-0.78],[0,0],[-0.78,-0.77],[0,0],[0,0],[-0.39,-0.39],[-0.39,0.39],[0,0],[0.39,0.39],[0.39,-0.39],[0,0]],"v":[[0.736,2.796],[4.986,-1.454],[4.986,-4.284],[4.276,-4.994],[1.446,-4.994],[-2.804,-0.744],[-3.864,-1.804],[-5.284,-1.804],[-5.284,-0.384],[0.376,5.286],[1.786,5.286],[1.786,3.866]],"c":true},"ix":2},"nm":"Path 1","mn":"ADBE Vector Shape - Group","hd":false},{"ty":"fl","c":{"a":0,"k":[0.984314024448,0.7333329916,0.129411995411,1],"ix":4},"o":{"a":0,"k":100,"ix":5},"r":1,"nm":"Fill 1","mn":"ADBE Vector Graphic - Fill","hd":false},{"ty":"tr","p":{"a":0,"k":[0,0],"ix":2},"a":{"a":0,"k":[0,0],"ix":1},"s":{"a":0,"k":[500,500],"ix":3},"r":{"a":0,"k":0,"ix":6},"o":{"a":0,"k":100,"ix":7},"sk":{"a":0,"k":0,"ix":4},"sa":{"a":0,"k":0,"ix":5},"nm":"Transform"}],"nm":"Path","np":2,"cix":2,"ix":1,"mn":"ADBE Vector Group","hd":false}],"ip":0,"op":146.000005946702,"st":0,"bm":0}],"markers":[]}