{"v":"5.5.6","fr":29.9700012207031,"ip":0,"op":131.000005335739,"w":136,"h":136,"nm":"20_Underline","ddd":0,"assets":[],"layers":[{"ddd":0,"ind":1,"ty":4,"nm":"Mask 2","td":1,"sr":1,"ks":{"o":{"a":0,"k":100,"ix":11},"r":{"a":0,"k":0,"ix":10},"p":{"a":0,"k":[68,68,0],"ix":2},"a":{"a":0,"k":[0,0,0],"ix":1},"s":{"a":0,"k":[100,100,100],"ix":6}},"ao":0,"shapes":[{"ty":"gr","it":[{"ty":"rc","d":1,"s":{"a":0,"k":[98.771,80.936],"ix":2},"p":{"a":0,"k":[0,0],"ix":3},"r":{"a":0,"k":0,"ix":4},"nm":"Rectangle Path 1","mn":"ADBE Vector Shape - Rect","hd":false},{"ty":"st","c":{"a":0,"k":[0.113724996529,0.113724996529,0.105881993911,1],"ix":3},"o":{"a":0,"k":100,"ix":4},"w":{"a":0,"k":0,"ix":5},"lc":1,"lj":1,"ml":4,"bm":0,"nm":"Stroke 1","mn":"ADBE Vector Graphic - Stroke","hd":false},{"ty":"fl","c":{"a":0,"k":[1,1,1,1],"ix":4},"o":{"a":0,"k":100,"ix":5},"r":1,"bm":0,"nm":"Fill 1","mn":"ADBE Vector Graphic - Fill","hd":false},{"ty":"tr","p":{"a":0,"k":[2.386,-6.032],"ix":2},"a":{"a":0,"k":[0,0],"ix":1},"s":{"a":0,"k":[100,100],"ix":3},"r":{"a":0,"k":0,"ix":6},"o":{"a":0,"k":100,"ix":7},"sk":{"a":0,"k":0,"ix":4},"sa":{"a":0,"k":0,"ix":5},"nm":"Transform"}],"nm":"Rectangle 1","np":3,"cix":2,"bm":0,"ix":1,"mn":"ADBE Vector Group","hd":false}],"ip":80.0000032584668,"op":131.000005335739,"st":0,"bm":0},{"ddd":0,"ind":2,"ty":4,"nm":"Path 2","tt":1,"sr":1,"ks":{"o":{"a":0,"k":100,"ix":11},"r":{"a":0,"k":0,"ix":10},"p":{"a":1,"k":[{"i":{"x":0.35,"y":0.9},"o":{"x":0.334,"y":0},"t":80,"s":[68,63.5,0],"to":[0,0.015,0],"ti":[0,0,0]},{"i":{"x":0.63,"y":1},"o":{"x":0.174,"y":1},"t":87,"s":[68,43.122,0],"to":[0,0,0],"ti":[0,0,0]},{"i":{"x":0.638,"y":0.886},"o":{"x":0.305,"y":0},"t":95,"s":[68,42.5,0],"to":[0,0,0],"ti":[0,0,0]},{"i":{"x":0.833,"y":0.833},"o":{"x":0.326,"y":0.488},"t":101,"s":[68,231.038,0],"to":[0,0,0],"ti":[0,0,0]},{"t":105.000004276738,"s":[68,257.5,0]}],"ix":2},"a":{"a":0,"k":[0,0,0],"ix":1},"s":{"a":0,"k":[100,100,100],"ix":6}},"ao":0,"shapes":[{"ty":"gr","it":[{"ind":0,"ty":"sh","ix":1,"ks":{"a":0,"k":{"i":[[0,0],[0,0],[4.42,0],[0,4.42],[0,0]],"o":[[0,0],[0,4.42],[-4.42,0],[0,0],[0,0]],"v":[[8,-10.5],[8,2.5],[0,10.5],[-8,2.5],[-8,-10.5]],"c":false},"ix":2},"nm":"Path 1","mn":"ADBE Vector Shape - Group","hd":false},{"ty":"st","c":{"a":0,"k":[0,0,0,1],"ix":3},"o":{"a":0,"k":100,"ix":4},"w":{"a":0,"k":1,"ix":5},"lc":2,"lj":2,"bm":0,"nm":"Stroke 1","mn":"ADBE Vector Graphic - Stroke","hd":false},{"ty":"tr","p":{"a":0,"k":[0,0],"ix":2},"a":{"a":0,"k":[0,0],"ix":1},"s":{"a":0,"k":[300,300],"ix":3},"r":{"a":0,"k":0,"ix":6},"o":{"a":0,"k":100,"ix":7},"sk":{"a":0,"k":0,"ix":4},"sa":{"a":0,"k":0,"ix":5},"nm":"Transform"}],"nm":"Path","np":2,"cix":2,"bm":0,"ix":1,"mn":"ADBE Vector Group","hd":false}],"ip":80.0000032584668,"op":131.000005335739,"st":0,"bm":0},{"ddd":0,"ind":3,"ty":4,"nm":"Path","sr":1,"ks":{"o":{"a":0,"k":100,"ix":11},"r":{"a":0,"k":0,"ix":10},"p":{"a":1,"k":[{"i":{"x":0.321,"y":0.952},"o":{"x":0.187,"y":0.052},"t":0,"s":[68,199.5,0],"to":[0,-21.703,0],"ti":[0,27.003,0]},{"i":{"x":0.644,"y":0.98},"o":{"x":0.312,"y":0.147},"t":9,"s":[68,52.249,0],"to":[0,-1.03,0],"ti":[0,-1.637,0]},{"i":{"x":0.659,"y":1},"o":{"x":0.326,"y":0.199},"t":15,"s":[68,66.768,0],"to":[0,0.268,0],"ti":[0,0,0]},{"t":30.0000012219251,"s":[68,63.5,0]}],"ix":2},"a":{"a":0,"k":[0,0,0],"ix":1},"s":{"a":0,"k":[100,100,100],"ix":6}},"ao":0,"shapes":[{"ty":"gr","it":[{"ind":0,"ty":"sh","ix":1,"ks":{"a":0,"k":{"i":[[0,0],[0,0],[4.42,0],[0,4.42],[0,0]],"o":[[0,0],[0,4.42],[-4.42,0],[0,0],[0,0]],"v":[[8,-10.5],[8,2.5],[0,10.5],[-8,2.5],[-8,-10.5]],"c":false},"ix":2},"nm":"Path 1","mn":"ADBE Vector Shape - Group","hd":false},{"ty":"st","c":{"a":0,"k":[0,0,0,1],"ix":3},"o":{"a":0,"k":100,"ix":4},"w":{"a":0,"k":1,"ix":5},"lc":2,"lj":2,"bm":0,"nm":"Stroke 1","mn":"ADBE Vector Graphic - Stroke","hd":false},{"ty":"tr","p":{"a":0,"k":[0,0],"ix":2},"a":{"a":0,"k":[0,0],"ix":1},"s":{"a":0,"k":[300,300],"ix":3},"r":{"a":0,"k":0,"ix":6},"o":{"a":0,"k":100,"ix":7},"sk":{"a":0,"k":0,"ix":4},"sa":{"a":0,"k":0,"ix":5},"nm":"Transform"}],"nm":"Path","np":2,"cix":2,"bm":0,"ix":1,"mn":"ADBE Vector Group","hd":false}],"ip":0,"op":80.0000032584668,"st":0,"bm":0},{"ddd":0,"ind":4,"ty":4,"nm":"Path","sr":1,"ks":{"o":{"a":0,"k":100,"ix":11},"r":{"a":0,"k":0,"ix":10},"p":{"a":0,"k":[68,104,0],"ix":2},"a":{"a":0,"k":[0,0,0],"ix":1},"s":{"a":0,"k":[100,100,100],"ix":6}},"ao":0,"shapes":[{"ty":"gr","it":[{"ind":0,"ty":"sh","ix":1,"ks":{"a":0,"k":{"i":[[0,0],[0,0]],"o":[[0,0],[0,0]],"v":[[-12,0],[12,0]],"c":false},"ix":2},"nm":"Path 1","mn":"ADBE Vector Shape - Group","hd":false},{"ty":"st","c":{"a":0,"k":[0,0,0,1],"ix":3},"o":{"a":0,"k":100,"ix":4},"w":{"a":0,"k":1,"ix":5},"lc":2,"lj":2,"bm":0,"nm":"Stroke 1","mn":"ADBE Vector Graphic - Stroke","hd":false},{"ty":"tr","p":{"a":0,"k":[0,0],"ix":2},"a":{"a":0,"k":[0,0],"ix":1},"s":{"a":0,"k":[300,300],"ix":3},"r":{"a":0,"k":0,"ix":6},"o":{"a":0,"k":100,"ix":7},"sk":{"a":0,"k":0,"ix":4},"sa":{"a":0,"k":0,"ix":5},"nm":"Transform"}],"nm":"Path","np":2,"cix":2,"bm":0,"ix":1,"mn":"ADBE Vector Group","hd":false},{"ty":"tm","s":{"a":1,"k":[{"i":{"x":[0.77],"y":[0.808]},"o":{"x":[0.774],"y":[0]},"t":14,"s":[50]},{"i":{"x":[0.417],"y":[1]},"o":{"x":[0.161],"y":[0.933]},"t":19,"s":[84.912]},{"i":{"x":[0.28],"y":[1]},"o":{"x":[0.167],"y":[0]},"t":34,"s":[100]},{"i":{"x":[0.28],"y":[1]},"o":{"x":[0.583],"y":[0]},"t":96,"s":[100]},{"t":116.000004724777,"s":[50]}],"ix":1},"e":{"a":1,"k":[{"i":{"x":[0.77],"y":[0.808]},"o":{"x":[0.774],"y":[0]},"t":14,"s":[50]},{"i":{"x":[0.417],"y":[1]},"o":{"x":[0.161],"y":[0.933]},"t":19,"s":[15.088]},{"i":{"x":[0.28],"y":[1]},"o":{"x":[0.167],"y":[0]},"t":34,"s":[0]},{"i":{"x":[0.28],"y":[1]},"o":{"x":[0.583],"y":[0]},"t":96,"s":[0]},{"t":116.000004724777,"s":[50]}],"ix":2},"o":{"a":0,"k":0,"ix":3},"m":1,"ix":2,"nm":"Trim Paths 1","mn":"ADBE Vector Filter - Trim","hd":false}],"ip":0,"op":131.000005335739,"st":0,"bm":0}],"markers":[]}