{"v":"5.5.6","fr":29.9700012207031,"ip":0,"op":121.000004928431,"w":136,"h":136,"nm":"21_Hyperlink","ddd":0,"assets":[],"layers":[{"ddd":0,"ind":1,"ty":3,"nm":"Null 3","sr":1,"ks":{"o":{"a":0,"k":0,"ix":11},"r":{"a":1,"k":[{"i":{"x":[0.321],"y":[0.945]},"o":{"x":[0.187],"y":[0.06]},"t":0,"s":[-180]},{"i":{"x":[0.648],"y":[0.774]},"o":{"x":[0.315],"y":[-0.293]},"t":10,"s":[8.7]},{"i":{"x":[0.656],"y":[1]},"o":{"x":[0.323],"y":[-1.615]},"t":17,"s":[-2.717]},{"t":30.0000012219251,"s":[0]}],"ix":10},"p":{"a":1,"k":[{"i":{"x":0.542,"y":0.981},"o":{"x":0.116,"y":0.195},"t":0,"s":[68,84,0],"to":[0,-20.419,0],"ti":[0,-0.856,0]},{"i":{"x":0.667,"y":0.87},"o":{"x":0.331,"y":0.036},"t":8,"s":[68,61.332,0],"to":[0,0.067,0],"ti":[0,-1.306,0]},{"i":{"x":0.681,"y":1},"o":{"x":0.342,"y":0.972},"t":17,"s":[68,71.326,0],"to":[0,2.011,0],"ti":[0,0.287,0]},{"t":45.0000018328876,"s":[68,68,0]}],"ix":2},"a":{"a":0,"k":[0,0,0],"ix":1},"s":{"a":1,"k":[{"i":{"x":[0.332,0.332,0.332],"y":[0.914,0.914,-7.101]},"o":{"x":[0.203,0.203,0.203],"y":[0.062,0.062,5.809]},"t":0,"s":[0,0,100]},{"i":{"x":[0.615,0.615,0.615],"y":[1,1,1]},"o":{"x":[0.285,0.285,0.285],"y":[1.433,1.433,8.638]},"t":10,"s":[93.971,93.971,100]},{"i":{"x":[0.833,0.833,0.833],"y":[1,1,1]},"o":{"x":[0.167,0.167,0.167],"y":[0,0,0]},"t":35,"s":[100,100,100]},{"i":{"x":[0.638,0.638,0.638],"y":[0.761,0.761,19.202]},"o":{"x":[0.158,0.158,0.158],"y":[0,0,0]},"t":80,"s":[100,100,100]},{"i":{"x":[0.81,0.81,0.81],"y":[1,1,1]},"o":{"x":[0.438,0.438,0.438],"y":[1.154,1.154,-27.5]},"t":88,"s":[23.821,23.821,100]},{"t":98.0000039916218,"s":[0,0,100]}],"ix":6}},"ao":0,"ip":0,"op":121.000004928431,"st":0,"bm":0},{"ddd":0,"ind":2,"ty":4,"nm":"Path","parent":1,"sr":1,"ks":{"o":{"a":0,"k":100,"ix":11},"r":{"a":1,"k":[{"i":{"x":[0.329],"y":[0.916]},"o":{"x":[0.191],"y":[0.079]},"t":0,"s":[-180]},{"i":{"x":[0.631],"y":[1]},"o":{"x":[0.299],"y":[1.648]},"t":12,"s":[-5.97]},{"t":30.0000012219251,"s":[0]}],"ix":10},"p":{"a":0,"k":[6.12,-6.105,0],"ix":2},"a":{"a":0,"k":[21.068,-21.045,0],"ix":1},"s":{"a":0,"k":[100,100,100],"ix":6}},"ao":0,"shapes":[{"ty":"gr","it":[{"ind":0,"ty":"sh","ix":1,"ks":{"a":0,"k":{"i":[[0,0],[0.71,-0.7],[-0.01,0],[1.5,1.5],[0,0],[-1.5,1.5],[0,0],[-1.5,-1.5]],"o":[[-0.06,0.92],[0,0],[-1.51,1.5],[0,0],[-1.5,-1.5],[0,0],[1.5,-1.5],[0,0]],"v":[[7.023,-2.95],[5.893,-0.44],[-0.447,5.9],[-5.887,5.9],[-5.887,5.9],[-5.887,0.46],[0.452,-5.89],[5.893,-5.89]],"c":false},"ix":2},"nm":"Path 1","mn":"ADBE Vector Shape - Group","hd":false},{"ty":"st","c":{"a":0,"k":[0,0,0,1],"ix":3},"o":{"a":0,"k":100,"ix":4},"w":{"a":0,"k":1,"ix":5},"lc":2,"lj":2,"bm":0,"nm":"Stroke 1","mn":"ADBE Vector Graphic - Stroke","hd":false},{"ty":"tr","p":{"a":0,"k":[0,0],"ix":2},"a":{"a":0,"k":[0,0],"ix":1},"s":{"a":0,"k":[300,300],"ix":3},"r":{"a":0,"k":0,"ix":6},"o":{"a":0,"k":100,"ix":7},"sk":{"a":0,"k":0,"ix":4},"sa":{"a":0,"k":0,"ix":5},"nm":"Transform"}],"nm":"Path","np":2,"cix":2,"bm":0,"ix":1,"mn":"ADBE Vector Group","hd":false},{"ty":"tm","s":{"a":0,"k":0,"ix":1},"e":{"a":1,"k":[{"i":{"x":[0.328],"y":[0.887]},"o":{"x":[0.201],"y":[0.085]},"t":80,"s":[100]},{"i":{"x":[0.618],"y":[1]},"o":{"x":[0.288],"y":[1.265]},"t":92,"s":[5.441]},{"t":110.000004480392,"s":[0]}],"ix":2},"o":{"a":1,"k":[{"i":{"x":[0.328],"y":[0.887]},"o":{"x":[0.201],"y":[0.085]},"t":80,"s":[0]},{"i":{"x":[0.618],"y":[1]},"o":{"x":[0.288],"y":[1.265]},"t":92,"s":[343.25]},{"t":110.000004480392,"s":[363]}],"ix":3},"m":1,"ix":2,"nm":"Trim Paths 1","mn":"ADBE Vector Filter - Trim","hd":false}],"ip":0,"op":121.000004928431,"st":0,"bm":0},{"ddd":0,"ind":3,"ty":4,"nm":"Path","parent":1,"sr":1,"ks":{"o":{"a":0,"k":100,"ix":11},"r":{"a":1,"k":[{"i":{"x":[0.329],"y":[0.916]},"o":{"x":[0.191],"y":[0.079]},"t":0,"s":[180]},{"i":{"x":[0.631],"y":[1]},"o":{"x":[0.299],"y":[1.648]},"t":12,"s":[5.97]},{"t":30.0000012219251,"s":[0]}],"ix":10},"p":{"a":0,"k":[-6.015,6.105,0],"ix":2},"a":{"a":0,"k":[-21.037,21.045,0],"ix":1},"s":{"a":0,"k":[100,100,100],"ix":6}},"ao":0,"shapes":[{"ty":"gr","it":[{"ind":0,"ty":"sh","ix":1,"ks":{"a":0,"k":{"i":[[0,0],[-0.7,0.69],[0,0],[-1.5,-1.5],[0,0],[1.5,-1.5],[0,0],[1.5,1.5]],"o":[[0.05,-0.92],[0,0],[1.5,-1.5],[0,0],[1.5,1.49],[0,0],[-1.5,1.5],[0,0]],"v":[[-7.012,2.96],[-5.893,0.45],[0.447,-5.89],[5.887,-5.89],[5.887,-5.89],[5.887,-0.46],[-0.452,5.89],[-5.893,5.89]],"c":false},"ix":2},"nm":"Path 1","mn":"ADBE Vector Shape - Group","hd":false},{"ty":"st","c":{"a":0,"k":[0,0,0,1],"ix":3},"o":{"a":0,"k":100,"ix":4},"w":{"a":0,"k":1,"ix":5},"lc":2,"lj":2,"bm":0,"nm":"Stroke 1","mn":"ADBE Vector Graphic - Stroke","hd":false},{"ty":"tr","p":{"a":0,"k":[0,0],"ix":2},"a":{"a":0,"k":[0,0],"ix":1},"s":{"a":0,"k":[300,300],"ix":3},"r":{"a":0,"k":0,"ix":6},"o":{"a":0,"k":100,"ix":7},"sk":{"a":0,"k":0,"ix":4},"sa":{"a":0,"k":0,"ix":5},"nm":"Transform"}],"nm":"Path","np":2,"cix":2,"bm":0,"ix":1,"mn":"ADBE Vector Group","hd":false},{"ty":"tm","s":{"a":0,"k":0,"ix":1},"e":{"a":1,"k":[{"i":{"x":[0.328],"y":[0.887]},"o":{"x":[0.201],"y":[0.085]},"t":80,"s":[100]},{"i":{"x":[0.618],"y":[1]},"o":{"x":[0.288],"y":[1.265]},"t":92,"s":[5.441]},{"t":110.000004480392,"s":[0]}],"ix":2},"o":{"a":1,"k":[{"i":{"x":[0.328],"y":[0.887]},"o":{"x":[0.201],"y":[0.085]},"t":80,"s":[0]},{"i":{"x":[0.618],"y":[1]},"o":{"x":[0.288],"y":[1.265]},"t":92,"s":[343.25]},{"t":110.000004480392,"s":[363]}],"ix":3},"m":1,"ix":2,"nm":"Trim Paths 1","mn":"ADBE Vector Filter - Trim","hd":false}],"ip":0,"op":121.000004928431,"st":0,"bm":0}],"markers":[]}