{"v":"5.3.4","fr":29.9700012207031,"ip":0,"op":150.000006109625,"w":136,"h":136,"nm":"2_Expand_page","ddd":0,"assets":[],"layers":[{"ddd":0,"ind":1,"ty":4,"nm":"Path","sr":1,"ks":{"o":{"a":0,"k":100,"ix":11},"r":{"a":0,"k":0,"ix":10},"p":{"a":0,"k":[68,68,0],"ix":2},"a":{"a":0,"k":[0,0,0],"ix":1},"s":{"a":0,"k":[60,60,100],"ix":6}},"ao":0,"shapes":[{"ty":"gr","it":[{"ind":0,"ty":"sh","ix":1,"ks":{"a":0,"k":{"i":[[0,0],[0,0]],"o":[[0,0],[0,0]],"v":[[8.75,-8.75],[-8.75,8.75]],"c":false},"ix":2},"nm":"Path 1","mn":"ADBE Vector Shape - Group","hd":false},{"ty":"st","c":{"a":0,"k":[0,0,0,1],"ix":3},"o":{"a":0,"k":100,"ix":4},"w":{"a":0,"k":1,"ix":5},"lc":2,"lj":2,"nm":"Stroke 1","mn":"ADBE Vector Graphic - Stroke","hd":false},{"ty":"tr","p":{"a":0,"k":[0,0],"ix":2},"a":{"a":0,"k":[0,0],"ix":1},"s":{"a":0,"k":[500,500],"ix":3},"r":{"a":0,"k":0,"ix":6},"o":{"a":0,"k":100,"ix":7},"sk":{"a":0,"k":0,"ix":4},"sa":{"a":0,"k":0,"ix":5},"nm":"Transform"}],"nm":"Path","np":2,"cix":2,"ix":1,"mn":"ADBE Vector Group","hd":false},{"ty":"tm","s":{"a":0,"k":0,"ix":1},"e":{"a":1,"k":[{"i":{"x":[0.38],"y":[1]},"o":{"x":[0.167],"y":[0.167]},"n":["0p38_1_0p167_0p167"],"t":10,"s":[0],"e":[100]},{"i":{"x":[0.833],"y":[1]},"o":{"x":[0.167],"y":[0]},"n":["0p833_1_0p167_0"],"t":40,"s":[100],"e":[100]},{"i":{"x":[0.833],"y":[1.167]},"o":{"x":[0.62],"y":[0]},"n":["0p833_1p167_0p62_0"],"t":80,"s":[100],"e":[0]},{"t":110.000004480392}],"ix":2},"o":{"a":1,"k":[{"i":{"x":[0.38],"y":[1]},"o":{"x":[0.167],"y":[0.167]},"n":["0p38_1_0p167_0p167"],"t":10,"s":[0],"e":[360]},{"i":{"x":[0.833],"y":[1]},"o":{"x":[0.167],"y":[0]},"n":["0p833_1_0p167_0"],"t":40,"s":[360],"e":[360]},{"i":{"x":[0.833],"y":[1.167]},"o":{"x":[0.62],"y":[0]},"n":["0p833_1p167_0p62_0"],"t":80,"s":[360],"e":[0]},{"t":110.000004480392}],"ix":3},"m":1,"ix":2,"nm":"Trim Paths 1","mn":"ADBE Vector Filter - Trim","hd":false}],"ip":10.0000004073083,"op":150.000006109625,"st":10.0000004073083,"bm":0},{"ddd":0,"ind":2,"ty":4,"nm":"Path","sr":1,"ks":{"o":{"a":0,"k":100,"ix":11},"r":{"a":0,"k":0,"ix":10},"p":{"a":0,"k":[68,68,0],"ix":2},"a":{"a":0,"k":[0,0,0],"ix":1},"s":{"a":0,"k":[60,60,100],"ix":6}},"ao":0,"shapes":[{"ty":"gr","it":[{"ind":0,"ty":"sh","ix":1,"ks":{"a":0,"k":{"i":[[0,0],[0,0]],"o":[[0,0],[0,0]],"v":[[-8.75,-8.75],[8.75,8.75]],"c":false},"ix":2},"nm":"Path 1","mn":"ADBE Vector Shape - Group","hd":false},{"ty":"st","c":{"a":0,"k":[0,0,0,1],"ix":3},"o":{"a":0,"k":100,"ix":4},"w":{"a":0,"k":1,"ix":5},"lc":2,"lj":2,"nm":"Stroke 1","mn":"ADBE Vector Graphic - Stroke","hd":false},{"ty":"tr","p":{"a":0,"k":[0,0],"ix":2},"a":{"a":0,"k":[0,0],"ix":1},"s":{"a":0,"k":[500,500],"ix":3},"r":{"a":0,"k":0,"ix":6},"o":{"a":0,"k":100,"ix":7},"sk":{"a":0,"k":0,"ix":4},"sa":{"a":0,"k":0,"ix":5},"nm":"Transform"}],"nm":"Path","np":2,"cix":2,"ix":1,"mn":"ADBE Vector Group","hd":false},{"ty":"tm","s":{"a":0,"k":0,"ix":1},"e":{"a":1,"k":[{"i":{"x":[0.38],"y":[1]},"o":{"x":[0.167],"y":[0.167]},"n":["0p38_1_0p167_0p167"],"t":10,"s":[0],"e":[100]},{"i":{"x":[0.833],"y":[1]},"o":{"x":[0.167],"y":[0]},"n":["0p833_1_0p167_0"],"t":40,"s":[100],"e":[100]},{"i":{"x":[0.833],"y":[1.167]},"o":{"x":[0.62],"y":[0]},"n":["0p833_1p167_0p62_0"],"t":80,"s":[100],"e":[0]},{"t":110.000004480392}],"ix":2},"o":{"a":1,"k":[{"i":{"x":[0.38],"y":[1]},"o":{"x":[0.167],"y":[0.167]},"n":["0p38_1_0p167_0p167"],"t":10,"s":[0],"e":[360]},{"i":{"x":[0.833],"y":[1]},"o":{"x":[0.167],"y":[0]},"n":["0p833_1_0p167_0"],"t":40,"s":[360],"e":[360]},{"i":{"x":[0.833],"y":[1.167]},"o":{"x":[0.62],"y":[0]},"n":["0p833_1p167_0p62_0"],"t":80,"s":[360],"e":[0]},{"t":110.000004480392}],"ix":3},"m":1,"ix":2,"nm":"Trim Paths 1","mn":"ADBE Vector Filter - Trim","hd":false}],"ip":10.0000004073083,"op":150.000006109625,"st":10.0000004073083,"bm":0},{"ddd":0,"ind":3,"ty":4,"nm":"Path","parent":10,"sr":1,"ks":{"o":{"a":0,"k":100,"ix":11},"r":{"a":0,"k":0,"ix":10},"p":{"a":1,"k":[{"i":{"x":0.434,"y":0.915},"o":{"x":0.195,"y":0.056},"n":"0p434_0p915_0p195_0p056","t":9,"s":[0,0,0],"e":[27.792,-27.792,0],"to":[4.4388952255249,-4.4388952255249,0],"ti":[-7.09230899810791,7.09230899810791,0]},{"i":{"x":0.624,"y":1},"o":{"x":0.192,"y":1},"n":"0p624_1_0p192_1","t":17,"s":[27.792,-27.792,0],"e":[30,-30,0],"to":[0.89651310443878,-0.89651310443878,0],"ti":[0,0,0]},{"i":{"x":0.833,"y":0.833},"o":{"x":0.167,"y":0.167},"n":"0p833_0p833_0p167_0p167","t":39,"s":[30,-30,0],"e":[30,-30,0],"to":[0,0,0],"ti":[0,0,0]},{"i":{"x":0.808,"y":0},"o":{"x":0.376,"y":0},"n":"0p808_0_0p376_0","t":81,"s":[30,-30,0],"e":[27.792,-27.792,0],"to":[0,0,0],"ti":[0.89651310443878,-0.89651310443878,0]},{"i":{"x":0.805,"y":0.944},"o":{"x":0.566,"y":0.085},"n":"0p805_0p944_0p566_0p085","t":103,"s":[27.792,-27.792,0],"e":[0,0,0],"to":[-7.09230899810791,7.09230899810791,0],"ti":[4.4388952255249,-4.4388952255249,0]},{"t":111.000004521123}],"ix":2},"a":{"a":0,"k":[0,0,0],"ix":1},"s":{"a":1,"k":[{"i":{"x":[0.434,0.434,0.434],"y":[0.915,0.915,-6.899]},"o":{"x":[0.195,0.195,0.195],"y":[0.056,0.056,5.195]},"n":["0p434_0p915_0p195_0p056","0p434_0p915_0p195_0p056","0p434_-6p899_0p195_5p195"],"t":9,"s":[0,0,100],"e":[92.638,92.638,100]},{"i":{"x":[0.624,0.624,0.624],"y":[1,1,1]},"o":{"x":[0.293,0.293,0.293],"y":[1.53,1.53,11.263]},"n":["0p624_1_0p293_1p53","0p624_1_0p293_1p53","0p624_1_0p293_11p263"],"t":17,"s":[92.638,92.638,100],"e":[100,100,100]},{"i":{"x":[0.833,0.833,0.833],"y":[1,1,1]},"o":{"x":[0.167,0.167,0.167],"y":[0,0,0]},"n":["0p833_1_0p167_0","0p833_1_0p167_0","0p833_1_0p167_0"],"t":39,"s":[100,100,100],"e":[100,100,100]},{"i":{"x":[0.707,0.707,0.707],"y":[2.53,2.53,-10.263]},"o":{"x":[0.376,0.376,0.376],"y":[0,0,0]},"n":["0p707_2p53_0p376_0","0p707_2p53_0p376_0","0p707_-10p263_0p376_0"],"t":81,"s":[100,100,100],"e":[92.638,92.638,100]},{"i":{"x":[0.805,0.805,0.805],"y":[1.056,1.056,-4.195]},"o":{"x":[0.566,0.566,0.566],"y":[0,0,7.899]},"n":["0p805_1p056_0p566_0","0p805_1p056_0p566_0","0p805_-4p195_0p566_7p899"],"t":103,"s":[92.638,92.638,100],"e":[0,0,100]},{"t":111.000004521123}],"ix":6}},"ao":0,"shapes":[{"ty":"gr","it":[{"ind":0,"ty":"sh","ix":1,"ks":{"a":0,"k":{"i":[[0,0],[0,0],[0,-0.28],[0,0]],"o":[[0,0],[0.28,0],[0,0],[0,0]],"v":[[-3,-3],[2.5,-3],[3,-2.5],[3,3]],"c":false},"ix":2},"nm":"Path 1","mn":"ADBE Vector Shape - Group","hd":false},{"ty":"st","c":{"a":0,"k":[0,0,0,1],"ix":3},"o":{"a":0,"k":100,"ix":4},"w":{"a":0,"k":1,"ix":5},"lc":2,"lj":2,"nm":"Stroke 1","mn":"ADBE Vector Graphic - Stroke","hd":false},{"ty":"tr","p":{"a":0,"k":[0,0],"ix":2},"a":{"a":0,"k":[0,0],"ix":1},"s":{"a":0,"k":[500,500],"ix":3},"r":{"a":0,"k":0,"ix":6},"o":{"a":0,"k":100,"ix":7},"sk":{"a":0,"k":0,"ix":4},"sa":{"a":0,"k":0,"ix":5},"nm":"Transform"}],"nm":"Path","np":2,"cix":2,"ix":1,"mn":"ADBE Vector Group","hd":false}],"ip":9.00000036657752,"op":150.000006109625,"st":9.00000036657752,"bm":0},{"ddd":0,"ind":4,"ty":4,"nm":"Path","parent":10,"sr":1,"ks":{"o":{"a":0,"k":100,"ix":11},"r":{"a":0,"k":0,"ix":10},"p":{"a":1,"k":[{"i":{"x":0.434,"y":0.915},"o":{"x":0.195,"y":0.056},"n":"0p434_0p915_0p195_0p056","t":6,"s":[0,0,0],"e":[-27.792,27.792,0],"to":[-4.4388952255249,4.4388952255249,0],"ti":[7.09230899810791,-7.09230899810791,0]},{"i":{"x":0.624,"y":1},"o":{"x":0.192,"y":1},"n":"0p624_1_0p192_1","t":14,"s":[-27.792,27.792,0],"e":[-30,30,0],"to":[-0.89651310443878,0.89651310443878,0],"ti":[0,0,0]},{"i":{"x":0.833,"y":0.833},"o":{"x":0.167,"y":0.167},"n":"0p833_0p833_0p167_0p167","t":36,"s":[-30,30,0],"e":[-30,30,0],"to":[0,0,0],"ti":[0,0,0]},{"i":{"x":0.808,"y":0},"o":{"x":0.376,"y":0},"n":"0p808_0_0p376_0","t":84,"s":[-30,30,0],"e":[-27.792,27.792,0],"to":[0,0,0],"ti":[-0.89651310443878,0.89651310443878,0]},{"i":{"x":0.805,"y":0.944},"o":{"x":0.566,"y":0.085},"n":"0p805_0p944_0p566_0p085","t":106,"s":[-27.792,27.792,0],"e":[0,0,0],"to":[7.09230899810791,-7.09230899810791,0],"ti":[-4.4388952255249,4.4388952255249,0]},{"t":114.000004643315}],"ix":2},"a":{"a":0,"k":[0,0,0],"ix":1},"s":{"a":1,"k":[{"i":{"x":[0.434,0.434,0.434],"y":[0.915,0.915,-6.899]},"o":{"x":[0.195,0.195,0.195],"y":[0.056,0.056,5.195]},"n":["0p434_0p915_0p195_0p056","0p434_0p915_0p195_0p056","0p434_-6p899_0p195_5p195"],"t":6,"s":[0,0,100],"e":[92.638,92.638,100]},{"i":{"x":[0.624,0.624,0.624],"y":[1,1,1]},"o":{"x":[0.293,0.293,0.293],"y":[1.53,1.53,11.263]},"n":["0p624_1_0p293_1p53","0p624_1_0p293_1p53","0p624_1_0p293_11p263"],"t":14,"s":[92.638,92.638,100],"e":[100,100,100]},{"i":{"x":[0.833,0.833,0.833],"y":[1,1,1]},"o":{"x":[0.167,0.167,0.167],"y":[0,0,0]},"n":["0p833_1_0p167_0","0p833_1_0p167_0","0p833_1_0p167_0"],"t":36,"s":[100,100,100],"e":[100,100,100]},{"i":{"x":[0.707,0.707,0.707],"y":[2.53,2.53,-10.263]},"o":{"x":[0.376,0.376,0.376],"y":[0,0,0]},"n":["0p707_2p53_0p376_0","0p707_2p53_0p376_0","0p707_-10p263_0p376_0"],"t":84,"s":[100,100,100],"e":[92.638,92.638,100]},{"i":{"x":[0.805,0.805,0.805],"y":[1.056,1.056,-4.195]},"o":{"x":[0.566,0.566,0.566],"y":[0,0,7.899]},"n":["0p805_1p056_0p566_0","0p805_1p056_0p566_0","0p805_-4p195_0p566_7p899"],"t":106,"s":[92.638,92.638,100],"e":[0,0,100]},{"t":114.000004643315}],"ix":6}},"ao":0,"shapes":[{"ty":"gr","it":[{"ind":0,"ty":"sh","ix":1,"ks":{"a":0,"k":{"i":[[0,0],[0,0],[0,0.28],[0,0]],"o":[[0,0],[-0.28,0],[0,0],[0,0]],"v":[[3,3],[-2.5,3],[-3,2.5],[-3,-3]],"c":false},"ix":2},"nm":"Path 1","mn":"ADBE Vector Shape - Group","hd":false},{"ty":"st","c":{"a":0,"k":[0,0,0,1],"ix":3},"o":{"a":0,"k":100,"ix":4},"w":{"a":0,"k":1,"ix":5},"lc":2,"lj":2,"nm":"Stroke 1","mn":"ADBE Vector Graphic - Stroke","hd":false},{"ty":"tr","p":{"a":0,"k":[0,0],"ix":2},"a":{"a":0,"k":[0,0],"ix":1},"s":{"a":0,"k":[500,500],"ix":3},"r":{"a":0,"k":0,"ix":6},"o":{"a":0,"k":100,"ix":7},"sk":{"a":0,"k":0,"ix":4},"sa":{"a":0,"k":0,"ix":5},"nm":"Transform"}],"nm":"Path","np":2,"cix":2,"ix":1,"mn":"ADBE Vector Group","hd":false}],"ip":6.00000024438501,"op":150.000006109625,"st":6.00000024438501,"bm":0},{"ddd":0,"ind":5,"ty":4,"nm":"Path","parent":10,"sr":1,"ks":{"o":{"a":0,"k":100,"ix":11},"r":{"a":0,"k":0,"ix":10},"p":{"a":1,"k":[{"i":{"x":0.434,"y":0.915},"o":{"x":0.195,"y":0.056},"n":"0p434_0p915_0p195_0p056","t":3,"s":[0,0,0],"e":[27.792,27.792,0],"to":[4.4388952255249,4.4388952255249,0],"ti":[-7.09230899810791,-7.09230899810791,0]},{"i":{"x":0.624,"y":1},"o":{"x":0.192,"y":1},"n":"0p624_1_0p192_1","t":11,"s":[27.792,27.792,0],"e":[30,30,0],"to":[0.89651310443878,0.89651310443878,0],"ti":[0,0,0]},{"i":{"x":0.833,"y":0.833},"o":{"x":0.167,"y":0.167},"n":"0p833_0p833_0p167_0p167","t":33,"s":[30,30,0],"e":[30,30,0],"to":[0,0,0],"ti":[0,0,0]},{"i":{"x":0.808,"y":0},"o":{"x":0.376,"y":0},"n":"0p808_0_0p376_0","t":87,"s":[30,30,0],"e":[27.792,27.792,0],"to":[0,0,0],"ti":[0.89651310443878,0.89651310443878,0]},{"i":{"x":0.805,"y":0.944},"o":{"x":0.566,"y":0.085},"n":"0p805_0p944_0p566_0p085","t":109,"s":[27.792,27.792,0],"e":[0,0,0],"to":[-7.09230899810791,-7.09230899810791,0],"ti":[4.4388952255249,4.4388952255249,0]},{"t":117.000004765508}],"ix":2},"a":{"a":0,"k":[0,0,0],"ix":1},"s":{"a":1,"k":[{"i":{"x":[0.434,0.434,0.434],"y":[0.915,0.915,-6.899]},"o":{"x":[0.195,0.195,0.195],"y":[0.056,0.056,5.195]},"n":["0p434_0p915_0p195_0p056","0p434_0p915_0p195_0p056","0p434_-6p899_0p195_5p195"],"t":3,"s":[0,0,100],"e":[92.638,92.638,100]},{"i":{"x":[0.624,0.624,0.624],"y":[1,1,1]},"o":{"x":[0.293,0.293,0.293],"y":[1.53,1.53,11.263]},"n":["0p624_1_0p293_1p53","0p624_1_0p293_1p53","0p624_1_0p293_11p263"],"t":11,"s":[92.638,92.638,100],"e":[100,100,100]},{"i":{"x":[0.833,0.833,0.833],"y":[1,1,1]},"o":{"x":[0.167,0.167,0.167],"y":[0,0,0]},"n":["0p833_1_0p167_0","0p833_1_0p167_0","0p833_1_0p167_0"],"t":33,"s":[100,100,100],"e":[100,100,100]},{"i":{"x":[0.707,0.707,0.707],"y":[2.53,2.53,-10.263]},"o":{"x":[0.376,0.376,0.376],"y":[0,0,0]},"n":["0p707_2p53_0p376_0","0p707_2p53_0p376_0","0p707_-10p263_0p376_0"],"t":87,"s":[100,100,100],"e":[92.638,92.638,100]},{"i":{"x":[0.805,0.805,0.805],"y":[1.056,1.056,-4.195]},"o":{"x":[0.566,0.566,0.566],"y":[0,0,7.899]},"n":["0p805_1p056_0p566_0","0p805_1p056_0p566_0","0p805_-4p195_0p566_7p899"],"t":109,"s":[92.638,92.638,100],"e":[0,0,100]},{"t":117.000004765508}],"ix":6}},"ao":0,"shapes":[{"ty":"gr","it":[{"ind":0,"ty":"sh","ix":1,"ks":{"a":0,"k":{"i":[[0,0],[0,0],[0.28,0],[0,0]],"o":[[0,0],[0,0.28],[0,0],[0,0]],"v":[[3,-3],[3,2.5],[2.5,3],[-3,3]],"c":false},"ix":2},"nm":"Path 1","mn":"ADBE Vector Shape - Group","hd":false},{"ty":"st","c":{"a":0,"k":[0,0,0,1],"ix":3},"o":{"a":0,"k":100,"ix":4},"w":{"a":0,"k":1,"ix":5},"lc":2,"lj":2,"nm":"Stroke 1","mn":"ADBE Vector Graphic - Stroke","hd":false},{"ty":"tr","p":{"a":0,"k":[0,0],"ix":2},"a":{"a":0,"k":[0,0],"ix":1},"s":{"a":0,"k":[500,500],"ix":3},"r":{"a":0,"k":0,"ix":6},"o":{"a":0,"k":100,"ix":7},"sk":{"a":0,"k":0,"ix":4},"sa":{"a":0,"k":0,"ix":5},"nm":"Transform"}],"nm":"Path","np":2,"cix":2,"ix":1,"mn":"ADBE Vector Group","hd":false}],"ip":3.00000012219251,"op":150.000006109625,"st":3.00000012219251,"bm":0},{"ddd":0,"ind":6,"ty":4,"nm":"Path","parent":10,"sr":1,"ks":{"o":{"a":0,"k":100,"ix":11},"r":{"a":0,"k":0,"ix":10},"p":{"a":1,"k":[{"i":{"x":0.434,"y":0.915},"o":{"x":0.195,"y":0.056},"n":"0p434_0p915_0p195_0p056","t":0,"s":[0,0,0],"e":[-27.792,-27.792,0],"to":[-4.43887519836426,-4.43887519836426,0],"ti":[7.09236001968384,7.09236001968384,0]},{"i":{"x":0.624,"y":1},"o":{"x":0.192,"y":1},"n":"0p624_1_0p192_1","t":8,"s":[-27.792,-27.792,0],"e":[-30,-30,0],"to":[-0.89655596017838,-0.89655596017838,0],"ti":[0,0,0]},{"i":{"x":0.833,"y":0.833},"o":{"x":0.167,"y":0.167},"n":"0p833_0p833_0p167_0p167","t":30,"s":[-30,-30,0],"e":[-30,-30,0],"to":[0,0,0],"ti":[0,0,0]},{"i":{"x":0.808,"y":0},"o":{"x":0.376,"y":0},"n":"0p808_0_0p376_0","t":90,"s":[-30,-30,0],"e":[-27.792,-27.792,0],"to":[0,0,0],"ti":[-0.89655596017838,-0.89655596017838,0]},{"i":{"x":0.805,"y":0.944},"o":{"x":0.566,"y":0.085},"n":"0p805_0p944_0p566_0p085","t":112,"s":[-27.792,-27.792,0],"e":[0,0,0],"to":[7.09236001968384,7.09236001968384,0],"ti":[-4.43887519836426,-4.43887519836426,0]},{"t":120.0000048877}],"ix":2},"a":{"a":0,"k":[0,0,0],"ix":1},"s":{"a":1,"k":[{"i":{"x":[0.434,0.434,0.434],"y":[0.915,0.915,-6.899]},"o":{"x":[0.195,0.195,0.195],"y":[0.056,0.056,5.195]},"n":["0p434_0p915_0p195_0p056","0p434_0p915_0p195_0p056","0p434_-6p899_0p195_5p195"],"t":0,"s":[0,0,100],"e":[92.638,92.638,100]},{"i":{"x":[0.624,0.624,0.624],"y":[1,1,1]},"o":{"x":[0.293,0.293,0.293],"y":[1.53,1.53,11.263]},"n":["0p624_1_0p293_1p53","0p624_1_0p293_1p53","0p624_1_0p293_11p263"],"t":8,"s":[92.638,92.638,100],"e":[100,100,100]},{"i":{"x":[0.833,0.833,0.833],"y":[1,1,1]},"o":{"x":[0.167,0.167,0.167],"y":[0,0,0]},"n":["0p833_1_0p167_0","0p833_1_0p167_0","0p833_1_0p167_0"],"t":30,"s":[100,100,100],"e":[100,100,100]},{"i":{"x":[0.707,0.707,0.707],"y":[2.53,2.53,-10.263]},"o":{"x":[0.376,0.376,0.376],"y":[0,0,0]},"n":["0p707_2p53_0p376_0","0p707_2p53_0p376_0","0p707_-10p263_0p376_0"],"t":90,"s":[100,100,100],"e":[92.638,92.638,100]},{"i":{"x":[0.805,0.805,0.805],"y":[1.056,1.056,-4.195]},"o":{"x":[0.566,0.566,0.566],"y":[0,0,7.899]},"n":["0p805_1p056_0p566_0","0p805_1p056_0p566_0","0p805_-4p195_0p566_7p899"],"t":112,"s":[92.638,92.638,100],"e":[0,0,100]},{"t":120.0000048877}],"ix":6}},"ao":0,"shapes":[{"ty":"gr","it":[{"ind":0,"ty":"sh","ix":1,"ks":{"a":0,"k":{"i":[[0,0],[0,0],[-0.28,0],[0,0]],"o":[[0,0],[0,-0.28],[0,0],[0,0]],"v":[[-3,3],[-3,-2.5],[-2.5,-3],[3,-3]],"c":false},"ix":2},"nm":"Path 1","mn":"ADBE Vector Shape - Group","hd":false},{"ty":"st","c":{"a":0,"k":[0,0,0,1],"ix":3},"o":{"a":0,"k":100,"ix":4},"w":{"a":0,"k":1,"ix":5},"lc":2,"lj":2,"nm":"Stroke 1","mn":"ADBE Vector Graphic - Stroke","hd":false},{"ty":"tr","p":{"a":0,"k":[0,0],"ix":2},"a":{"a":0,"k":[0,0],"ix":1},"s":{"a":0,"k":[500,500],"ix":3},"r":{"a":0,"k":0,"ix":6},"o":{"a":0,"k":100,"ix":7},"sk":{"a":0,"k":0,"ix":4},"sa":{"a":0,"k":0,"ix":5},"nm":"Transform"}],"nm":"Path","np":2,"cix":2,"ix":1,"mn":"ADBE Vector Group","hd":false}],"ip":0,"op":150.000006109625,"st":0,"bm":0},{"ddd":0,"ind":7,"ty":4,"nm":"Path","parent":10,"sr":1,"ks":{"o":{"a":0,"k":100,"ix":11},"r":{"a":0,"k":0,"ix":10},"p":{"a":0,"k":[0,0,0],"ix":2},"a":{"a":0,"k":[0,0,0],"ix":1},"s":{"a":1,"k":[{"i":{"x":[0.442,0.442,0.442],"y":[0.817,0.817,10.596]},"o":{"x":[0.199,0.199,0.199],"y":[0.109,0.109,-9.141]},"n":["0p442_0p817_0p199_0p109","0p442_0p817_0p199_0p109","0p442_10p596_0p199_-9p141"],"t":0,"s":[192,192,100],"e":[108.488,108.488,100]},{"i":{"x":[0.618,0.618,0.618],"y":[1,1,1]},"o":{"x":[0.288,0.288,0.288],"y":[0.93,0.93,-4.953]},"n":["0p618_1_0p288_0p93","0p618_1_0p288_0p93","0p618_1_0p288_-4p953"],"t":15,"s":[108.488,108.488,100],"e":[100,100,100]},{"i":{"x":[0.833,0.833,0.833],"y":[1,1,1]},"o":{"x":[0.167,0.167,0.167],"y":[0,0,0]},"n":["0p833_1_0p167_0","0p833_1_0p167_0","0p833_1_0p167_0"],"t":30,"s":[100,100,100],"e":[100,100,100]},{"i":{"x":[0.712,0.712,0.712],"y":[1.93,1.93,5.953]},"o":{"x":[0.382,0.382,0.382],"y":[0,0,0]},"n":["0p712_1p93_0p382_0","0p712_1p93_0p382_0","0p712_5p953_0p382_0"],"t":90,"s":[100,100,100],"e":[108.488,108.488,100]},{"i":{"x":[0.801,0.801,0.801],"y":[1.109,1.109,10.141]},"o":{"x":[0.558,0.558,0.558],"y":[0,0,-9.596]},"n":["0p801_1p109_0p558_0","0p801_1p109_0p558_0","0p801_10p141_0p558_-9p596"],"t":105,"s":[108.488,108.488,100],"e":[192,192,100]},{"t":120.0000048877}],"ix":6}},"ao":0,"shapes":[{"ty":"gr","it":[{"ind":0,"ty":"sh","ix":1,"ks":{"a":0,"k":{"i":[[0,0],[0.55,0],[0,0],[0,0.55],[0,0],[-0.55,0],[0,0],[0,-0.55]],"o":[[0,0.55],[0,0],[-0.55,0],[0,0],[0,-0.55],[0,0],[0.55,0],[0,0]],"v":[[12,11],[11,12],[-11,12],[-12,11],[-12,-11],[-11,-12],[11,-12],[12,-11]],"c":true},"ix":2},"nm":"Path 1","mn":"ADBE Vector Shape - Group","hd":false},{"ty":"st","c":{"a":0,"k":[0,0,0,1],"ix":3},"o":{"a":0,"k":100,"ix":4},"w":{"a":0,"k":1,"ix":5},"lc":2,"lj":2,"nm":"Stroke 1","mn":"ADBE Vector Graphic - Stroke","hd":false},{"ty":"tr","p":{"a":0,"k":[0,0],"ix":2},"a":{"a":0,"k":[0,0],"ix":1},"s":{"a":0,"k":[500,500],"ix":3},"r":{"a":0,"k":0,"ix":6},"o":{"a":0,"k":100,"ix":7},"sk":{"a":0,"k":0,"ix":4},"sa":{"a":0,"k":0,"ix":5},"nm":"Transform"}],"nm":"Path","np":2,"cix":2,"ix":1,"mn":"ADBE Vector Group","hd":false}],"ip":0,"op":150.000006109625,"st":0,"bm":0},{"ddd":0,"ind":8,"ty":4,"nm":"Path","parent":10,"sr":1,"ks":{"o":{"a":0,"k":100,"ix":11},"r":{"a":0,"k":0,"ix":10},"p":{"a":0,"k":[52.5,0,0],"ix":2},"a":{"a":0,"k":[0,0,0],"ix":1},"s":{"a":0,"k":[100,100,100],"ix":6}},"ao":0,"shapes":[{"ty":"gr","it":[{"ind":0,"ty":"sh","ix":1,"ks":{"a":0,"k":{"i":[[0,0.55],[0,0],[0.55,0],[0,0],[0,-0.55],[0,0],[0.55,0],[0,0]],"o":[[0,0],[0,-0.55],[0,0],[0.55,0],[0,0],[0,0.55],[0,0],[0.55,0]],"v":[[-0.5,11],[-0.5,-11],[-1.5,-12],[0.5,-12],[1.5,-11],[1.5,11],[0.5,12],[-1.5,12]],"c":true},"ix":2},"nm":"Path 1","mn":"ADBE Vector Shape - Group","hd":false},{"ty":"fl","c":{"a":0,"k":[0.894118010998,0.607842981815,0,1],"ix":4},"o":{"a":0,"k":100,"ix":5},"r":1,"nm":"Fill 1","mn":"ADBE Vector Graphic - Fill","hd":false},{"ty":"tr","p":{"a":0,"k":[0,0],"ix":2},"a":{"a":0,"k":[0,0],"ix":1},"s":{"a":0,"k":[500,500],"ix":3},"r":{"a":0,"k":0,"ix":6},"o":{"a":0,"k":100,"ix":7},"sk":{"a":0,"k":0,"ix":4},"sa":{"a":0,"k":0,"ix":5},"nm":"Transform"}],"nm":"Path","np":2,"cix":2,"ix":1,"mn":"ADBE Vector Group","hd":false}],"ip":0,"op":150.000006109625,"st":0,"bm":0},{"ddd":0,"ind":9,"ty":4,"nm":"Path","parent":10,"sr":1,"ks":{"o":{"a":0,"k":100,"ix":11},"r":{"a":0,"k":0,"ix":10},"p":{"a":0,"k":[-52.5,0,0],"ix":2},"a":{"a":0,"k":[0,0,0],"ix":1},"s":{"a":0,"k":[100,100,100],"ix":6}},"ao":0,"shapes":[{"ty":"gr","it":[{"ind":0,"ty":"sh","ix":1,"ks":{"a":0,"k":{"i":[[0,0.55],[0,0],[-0.55,0],[0,0],[0,-0.55],[0,0],[-0.55,0],[0,0]],"o":[[0,0],[0,-0.55],[0,0],[-0.55,0],[0,0],[0,0.55],[0,0],[-0.55,0]],"v":[[0.5,11],[0.5,-11],[1.5,-12],[-0.5,-12],[-1.5,-11],[-1.5,11],[-0.5,12],[1.5,12]],"c":true},"ix":2},"nm":"Path 1","mn":"ADBE Vector Shape - Group","hd":false},{"ty":"fl","c":{"a":0,"k":[1,0.874509990215,0.262744992971,1],"ix":4},"o":{"a":0,"k":100,"ix":5},"r":1,"nm":"Fill 1","mn":"ADBE Vector Graphic - Fill","hd":false},{"ty":"tr","p":{"a":0,"k":[0,0],"ix":2},"a":{"a":0,"k":[0,0],"ix":1},"s":{"a":0,"k":[500,500],"ix":3},"r":{"a":0,"k":0,"ix":6},"o":{"a":0,"k":100,"ix":7},"sk":{"a":0,"k":0,"ix":4},"sa":{"a":0,"k":0,"ix":5},"nm":"Transform"}],"nm":"Path","np":2,"cix":2,"ix":1,"mn":"ADBE Vector Group","hd":false}],"ip":0,"op":150.000006109625,"st":0,"bm":0},{"ddd":0,"ind":10,"ty":4,"nm":"Path","sr":1,"ks":{"o":{"a":0,"k":100,"ix":11},"r":{"a":0,"k":0,"ix":10},"p":{"a":0,"k":[68,68,0],"ix":2},"a":{"a":0,"k":[0,0,0],"ix":1},"s":{"a":1,"k":[{"i":{"x":[0.466,0.466,0.466],"y":[0.833,0.833,-15.266]},"o":{"x":[0.212,0.212,0.212],"y":[0.079,0.079,7.762]},"n":["0p466_0p833_0p212_0p079","0p466_0p833_0p212_0p079","0p466_-15p266_0p212_7p762"],"t":0,"s":[0,0,100],"e":[58.602,58.602,100]},{"i":{"x":[0.599,0.599,0.599],"y":[1,1,1]},"o":{"x":[0.272,0.272,0.272],"y":[6.138,6.138,14.304]},"n":["0p599_1_0p272_6p138","0p599_1_0p272_6p138","0p599_1_0p272_14p304"],"t":11,"s":[58.602,58.602,100],"e":[60,60,100]},{"i":{"x":[0.833,0.833,0.833],"y":[1,1,1]},"o":{"x":[0.167,0.167,0.167],"y":[0,0,0]},"n":["0p833_1_0p167_0","0p833_1_0p167_0","0p833_1_0p167_0"],"t":30,"s":[60,60,100],"e":[60,60,100]},{"i":{"x":[0.728,0.728,0.728],"y":[7.138,7.138,-13.304]},"o":{"x":[0.401,0.401,0.401],"y":[0,0,0]},"n":["0p728_7p138_0p401_0","0p728_7p138_0p401_0","0p728_-13p304_0p401_0"],"t":90,"s":[60,60,100],"e":[58.602,58.602,100]},{"i":{"x":[0.788,0.788,0.788],"y":[1.079,1.079,-6.762]},"o":{"x":[0.534,0.534,0.534],"y":[0,0,16.266]},"n":["0p788_1p079_0p534_0","0p788_1p079_0p534_0","0p788_-6p762_0p534_16p266"],"t":109,"s":[58.602,58.602,100],"e":[0,0,100]},{"t":120.0000048877}],"ix":6}},"ao":0,"shapes":[{"ty":"gr","it":[{"ind":0,"ty":"sh","ix":1,"ks":{"a":0,"k":{"i":[[0,0],[0.55,0],[0,0],[0,0.55],[0,0],[-0.55,0],[0,0],[0,-0.55]],"o":[[0,0.55],[0,0],[-0.55,0],[0,0],[0,-0.55],[0,0],[0.55,0],[0,0]],"v":[[12,11],[11,12],[-11,12],[-12,11],[-12,-11],[-11,-12],[11,-12],[12,-11]],"c":true},"ix":2},"nm":"Path 1","mn":"ADBE Vector Shape - Group","hd":false},{"ty":"fl","c":{"a":0,"k":[0.984314024448,0.7333329916,0.129411995411,1],"ix":4},"o":{"a":0,"k":100,"ix":5},"r":1,"nm":"Fill 1","mn":"ADBE Vector Graphic - Fill","hd":false},{"ty":"tr","p":{"a":0,"k":[0,0],"ix":2},"a":{"a":0,"k":[0,0],"ix":1},"s":{"a":0,"k":[500,500],"ix":3},"r":{"a":0,"k":0,"ix":6},"o":{"a":0,"k":100,"ix":7},"sk":{"a":0,"k":0,"ix":4},"sa":{"a":0,"k":0,"ix":5},"nm":"Transform"}],"nm":"Path","np":2,"cix":2,"ix":1,"mn":"ADBE Vector Group","hd":false}],"ip":0,"op":150.000006109625,"st":0,"bm":0}],"markers":[]}