{"v":"5.3.4","fr":29.9700012207031,"ip":0,"op":141.000005743048,"w":136,"h":136,"nm":"3_Layers","ddd":0,"assets":[{"id":"comp_0","layers":[{"ddd":0,"ind":1,"ty":4,"nm":"Path","sr":1,"ks":{"o":{"a":0,"k":100,"ix":11},"r":{"a":0,"k":0,"ix":10},"p":{"a":0,"k":[150.056,127.525,0],"ix":2},"a":{"a":0,"k":[0,0,0],"ix":1},"s":{"a":0,"k":[100,100,100],"ix":6}},"ao":0,"shapes":[{"ty":"gr","it":[{"ind":0,"ty":"sh","ix":1,"ks":{"a":0,"k":{"i":[[0,0],[0.51,0.26],[0,0],[-0.51,0.26],[0,0],[-0.51,-0.25],[0,0],[0.52,-0.26]],"o":[[-0.52,0.26],[0,0],[-0.51,-0.26],[0,0],[0.51,-0.25],[0,0],[0.52,0.26],[0,0]],"v":[[0.929,5.805],[-0.941,5.805],[-11.621,0.465],[-11.621,-0.475],[-0.941,-5.815],[0.929,-5.815],[11.609,-0.475],[11.609,0.465]],"c":true},"ix":2},"nm":"Path 1","mn":"ADBE Vector Shape - Group","hd":false},{"ty":"st","c":{"a":0,"k":[0,0,0,1],"ix":3},"o":{"a":0,"k":100,"ix":4},"w":{"a":0,"k":1,"ix":5},"lc":2,"lj":2,"nm":"Stroke 1","mn":"ADBE Vector Graphic - Stroke","hd":false},{"ty":"tr","p":{"a":0,"k":[0,0],"ix":2},"a":{"a":0,"k":[0,0],"ix":1},"s":{"a":0,"k":[500,500],"ix":3},"r":{"a":0,"k":0,"ix":6},"o":{"a":0,"k":100,"ix":7},"sk":{"a":0,"k":0,"ix":4},"sa":{"a":0,"k":0,"ix":5},"nm":"Transform"}],"nm":"Path","np":2,"cix":2,"ix":1,"mn":"ADBE Vector Group","hd":false}],"ip":0,"op":141.000005743048,"st":0,"bm":0},{"ddd":0,"ind":2,"ty":4,"nm":"Path","sr":1,"ks":{"o":{"a":0,"k":100,"ix":11},"r":{"a":0,"k":0,"ix":10},"p":{"a":0,"k":[176.194,127.525,0],"ix":2},"a":{"a":0,"k":[0,0,0],"ix":1},"s":{"a":0,"k":[100,100,100],"ix":6}},"ao":0,"shapes":[{"ty":"gr","it":[{"ind":0,"ty":"sh","ix":1,"ks":{"a":0,"k":{"i":[[0,0],[0.51,0.26],[0,0],[0,0],[-0.51,-0.25],[0,0],[0.51,-0.26],[0,0],[0.51,0.26],[0,0]],"o":[[0.51,-0.26],[0,0],[0,0],[0.52,-0.25],[0,0],[0.51,0.26],[0,0],[-0.51,0.26],[0,0],[0,0]],"v":[[3.374,0.465],[3.374,-0.475],[-6.746,-5.535],[-6.186,-5.815],[-4.316,-5.815],[6.364,-0.475],[6.364,0.465],[-4.316,5.805],[-6.186,5.805],[-6.746,5.525]],"c":true},"ix":2},"nm":"Path 1","mn":"ADBE Vector Shape - Group","hd":false},{"ty":"fl","c":{"a":0,"k":[0.827450990677,0.02352900058,0.188234999776,1],"ix":4},"o":{"a":0,"k":100,"ix":5},"r":1,"nm":"Fill 1","mn":"ADBE Vector Graphic - Fill","hd":false},{"ty":"tr","p":{"a":0,"k":[0,0],"ix":2},"a":{"a":0,"k":[0,0],"ix":1},"s":{"a":0,"k":[500,500],"ix":3},"r":{"a":0,"k":0,"ix":6},"o":{"a":0,"k":100,"ix":7},"sk":{"a":0,"k":0,"ix":4},"sa":{"a":0,"k":0,"ix":5},"nm":"Transform"}],"nm":"Path","np":2,"cix":2,"ix":1,"mn":"ADBE Vector Group","hd":false}],"ip":0,"op":141.000005743048,"st":0,"bm":0},{"ddd":0,"ind":3,"ty":4,"nm":"Path","sr":1,"ks":{"o":{"a":0,"k":100,"ix":11},"r":{"a":0,"k":0,"ix":10},"p":{"a":0,"k":[123.781,127.525,0],"ix":2},"a":{"a":0,"k":[0,0,0],"ix":1},"s":{"a":0,"k":[100,100,100],"ix":6}},"ao":0,"shapes":[{"ty":"gr","it":[{"ind":0,"ty":"sh","ix":1,"ks":{"a":0,"k":{"i":[[0,0],[-0.51,0.26],[0,0],[0,0],[0.51,-0.25],[0,0],[-0.51,-0.26],[0,0],[-0.51,0.26],[0,0]],"o":[[-0.51,-0.26],[0,0],[0,0],[-0.52,-0.25],[0,0],[-0.51,0.26],[0,0],[0.51,0.26],[0,0],[0,0]],"v":[[-3.376,0.465],[-3.376,-0.475],[6.744,-5.535],[6.184,-5.815],[4.314,-5.815],[-6.366,-0.475],[-6.366,0.465],[4.314,5.805],[6.184,5.805],[6.744,5.525]],"c":true},"ix":2},"nm":"Path 1","mn":"ADBE Vector Shape - Group","hd":false},{"ty":"fl","c":{"a":0,"k":[0.929412007332,0.419607996941,0.384314000607,1],"ix":4},"o":{"a":0,"k":100,"ix":5},"r":1,"nm":"Fill 1","mn":"ADBE Vector Graphic - Fill","hd":false},{"ty":"tr","p":{"a":0,"k":[0,0],"ix":2},"a":{"a":0,"k":[0,0],"ix":1},"s":{"a":0,"k":[500,500],"ix":3},"r":{"a":0,"k":0,"ix":6},"o":{"a":0,"k":100,"ix":7},"sk":{"a":0,"k":0,"ix":4},"sa":{"a":0,"k":0,"ix":5},"nm":"Transform"}],"nm":"Path","np":2,"cix":2,"ix":1,"mn":"ADBE Vector Group","hd":false}],"ip":0,"op":141.000005743048,"st":0,"bm":0},{"ddd":0,"ind":4,"ty":4,"nm":"Path","sr":1,"ks":{"o":{"a":0,"k":100,"ix":11},"r":{"a":0,"k":0,"ix":10},"p":{"a":0,"k":[150.056,127.525,0],"ix":2},"a":{"a":0,"k":[0,0,0],"ix":1},"s":{"a":0,"k":[100,100,100],"ix":6}},"ao":0,"shapes":[{"ty":"gr","it":[{"ind":0,"ty":"sh","ix":1,"ks":{"a":0,"k":{"i":[[0,0],[0.51,0.26],[0,0],[-0.51,0.26],[0,0],[-0.51,-0.25],[0,0],[0.52,-0.26]],"o":[[-0.52,0.26],[0,0],[-0.51,-0.26],[0,0],[0.51,-0.25],[0,0],[0.52,0.26],[0,0]],"v":[[0.929,5.805],[-0.941,5.805],[-11.621,0.465],[-11.621,-0.475],[-0.941,-5.815],[0.929,-5.815],[11.609,-0.475],[11.609,0.465]],"c":true},"ix":2},"nm":"Path 1","mn":"ADBE Vector Shape - Group","hd":false},{"ty":"fl","c":{"a":0,"k":[0.905882000923,0.203922003508,0.274509996176,1],"ix":4},"o":{"a":0,"k":100,"ix":5},"r":1,"nm":"Fill 1","mn":"ADBE Vector Graphic - Fill","hd":false},{"ty":"tr","p":{"a":0,"k":[0,0],"ix":2},"a":{"a":0,"k":[0,0],"ix":1},"s":{"a":0,"k":[500,500],"ix":3},"r":{"a":0,"k":0,"ix":6},"o":{"a":0,"k":100,"ix":7},"sk":{"a":0,"k":0,"ix":4},"sa":{"a":0,"k":0,"ix":5},"nm":"Transform"}],"nm":"Path","np":2,"cix":2,"ix":1,"mn":"ADBE Vector Group","hd":false}],"ip":0,"op":141.000005743048,"st":0,"bm":0}]},{"id":"comp_1","layers":[{"ddd":0,"ind":1,"ty":4,"nm":"Path 4","sr":1,"ks":{"o":{"a":0,"k":100,"ix":11},"r":{"a":0,"k":0,"ix":10},"p":{"a":0,"k":[150.056,148.5,0],"ix":2},"a":{"a":0,"k":[0,0,0],"ix":1},"s":{"a":0,"k":[100,100,100],"ix":6}},"ao":0,"shapes":[{"ty":"gr","it":[{"ind":0,"ty":"sh","ix":1,"ks":{"a":0,"k":{"i":[[0,0],[0.51,0.26],[0,0],[-0.51,0.26],[0,0],[-0.51,-0.25],[0,0],[0.52,-0.26]],"o":[[-0.52,0.26],[0,0],[-0.51,-0.26],[0,0],[0.51,-0.25],[0,0],[0.52,0.26],[0,0]],"v":[[0.929,5.805],[-0.941,5.805],[-11.621,0.465],[-11.621,-0.475],[-0.941,-5.815],[0.929,-5.815],[11.609,-0.475],[11.609,0.465]],"c":true},"ix":2},"nm":"Path 1","mn":"ADBE Vector Shape - Group","hd":false},{"ty":"st","c":{"a":0,"k":[0,0,0,1],"ix":3},"o":{"a":0,"k":100,"ix":4},"w":{"a":0,"k":1,"ix":5},"lc":2,"lj":2,"nm":"Stroke 1","mn":"ADBE Vector Graphic - Stroke","hd":false},{"ty":"tr","p":{"a":0,"k":[0,0],"ix":2},"a":{"a":0,"k":[0,0],"ix":1},"s":{"a":0,"k":[500,500],"ix":3},"r":{"a":0,"k":0,"ix":6},"o":{"a":0,"k":100,"ix":7},"sk":{"a":0,"k":0,"ix":4},"sa":{"a":0,"k":0,"ix":5},"nm":"Transform"}],"nm":"Path","np":2,"cix":2,"ix":1,"mn":"ADBE Vector Group","hd":false}],"ip":0,"op":150.349506123861,"st":0,"bm":0},{"ddd":0,"ind":2,"ty":4,"nm":"Path 2","sr":1,"ks":{"o":{"a":0,"k":100,"ix":11},"r":{"a":0,"k":0,"ix":10},"p":{"a":0,"k":[150.006,148.5,0],"ix":2},"a":{"a":0,"k":[0,0,0],"ix":1},"s":{"a":0,"k":[100,100,100],"ix":6}},"ao":0,"shapes":[{"ty":"gr","it":[{"ind":0,"ty":"sh","ix":1,"ks":{"a":0,"k":{"i":[[0,0],[0.51,0.26],[0,0],[-0.51,0.26],[0,0],[-0.51,-0.25],[0,0],[0.52,-0.26]],"o":[[-0.52,0.26],[0,0],[-0.51,-0.26],[0,0],[0.51,-0.25],[0,0],[0.52,0.26],[0,0]],"v":[[0.929,5.805],[-0.941,5.805],[-11.621,0.465],[-11.621,-0.475],[-0.941,-5.815],[0.929,-5.815],[11.609,-0.475],[11.609,0.465]],"c":true},"ix":2},"nm":"Path 1","mn":"ADBE Vector Shape - Group","hd":false},{"ty":"fl","c":{"a":0,"k":[0.905882000923,0.203922003508,0.274509996176,1],"ix":4},"o":{"a":0,"k":100,"ix":5},"r":1,"nm":"Fill 1","mn":"ADBE Vector Graphic - Fill","hd":false},{"ty":"tr","p":{"a":0,"k":[0,0],"ix":2},"a":{"a":0,"k":[0,0],"ix":1},"s":{"a":0,"k":[500,500],"ix":3},"r":{"a":0,"k":0,"ix":6},"o":{"a":0,"k":100,"ix":7},"sk":{"a":0,"k":0,"ix":4},"sa":{"a":0,"k":0,"ix":5},"nm":"Transform"}],"nm":"Path","np":2,"cix":2,"ix":1,"mn":"ADBE Vector Group","hd":false}],"ip":0,"op":150.349506123861,"st":0,"bm":0}]},{"id":"comp_2","layers":[{"ddd":0,"ind":1,"ty":4,"nm":"Path 5","sr":1,"ks":{"o":{"a":0,"k":100,"ix":11},"r":{"a":0,"k":0,"ix":10},"p":{"a":0,"k":[150.056,169.4,0],"ix":2},"a":{"a":0,"k":[0,0,0],"ix":1},"s":{"a":0,"k":[100,100,100],"ix":6}},"ao":0,"shapes":[{"ty":"gr","it":[{"ind":0,"ty":"sh","ix":1,"ks":{"a":0,"k":{"i":[[0,0],[0.51,0.26],[0,0],[-0.51,0.26],[0,0],[-0.51,-0.25],[0,0],[0.52,-0.26]],"o":[[-0.52,0.26],[0,0],[-0.51,-0.26],[0,0],[0.51,-0.25],[0,0],[0.52,0.26],[0,0]],"v":[[0.929,5.805],[-0.941,5.805],[-11.621,0.465],[-11.621,-0.475],[-0.941,-5.815],[0.929,-5.815],[11.609,-0.475],[11.609,0.465]],"c":true},"ix":2},"nm":"Path 1","mn":"ADBE Vector Shape - Group","hd":false},{"ty":"st","c":{"a":0,"k":[0,0,0,1],"ix":3},"o":{"a":0,"k":100,"ix":4},"w":{"a":0,"k":1,"ix":5},"lc":2,"lj":2,"nm":"Stroke 1","mn":"ADBE Vector Graphic - Stroke","hd":false},{"ty":"tr","p":{"a":0,"k":[0,0],"ix":2},"a":{"a":0,"k":[0,0],"ix":1},"s":{"a":0,"k":[500,500],"ix":3},"r":{"a":0,"k":0,"ix":6},"o":{"a":0,"k":100,"ix":7},"sk":{"a":0,"k":0,"ix":4},"sa":{"a":0,"k":0,"ix":5},"nm":"Transform"}],"nm":"Path","np":2,"cix":2,"ix":1,"mn":"ADBE Vector Group","hd":false}],"ip":0,"op":150.349506123861,"st":0,"bm":0},{"ddd":0,"ind":2,"ty":4,"nm":"Path 3","sr":1,"ks":{"o":{"a":0,"k":100,"ix":11},"r":{"a":0,"k":0,"ix":10},"p":{"a":0,"k":[150.006,169.4,0],"ix":2},"a":{"a":0,"k":[0,0,0],"ix":1},"s":{"a":0,"k":[100,100,100],"ix":6}},"ao":0,"shapes":[{"ty":"gr","it":[{"ind":0,"ty":"sh","ix":1,"ks":{"a":0,"k":{"i":[[0,0],[0.51,0.26],[0,0],[-0.51,0.26],[0,0],[-0.51,-0.25],[0,0],[0.52,-0.26]],"o":[[-0.52,0.26],[0,0],[-0.51,-0.26],[0,0],[0.51,-0.25],[0,0],[0.52,0.26],[0,0]],"v":[[0.929,5.805],[-0.941,5.805],[-11.621,0.465],[-11.621,-0.475],[-0.941,-5.815],[0.929,-5.815],[11.609,-0.475],[11.609,0.465]],"c":true},"ix":2},"nm":"Path 1","mn":"ADBE Vector Shape - Group","hd":false},{"ty":"fl","c":{"a":0,"k":[0.905882000923,0.203922003508,0.274509996176,1],"ix":4},"o":{"a":0,"k":100,"ix":5},"r":1,"nm":"Fill 1","mn":"ADBE Vector Graphic - Fill","hd":false},{"ty":"tr","p":{"a":0,"k":[0,0],"ix":2},"a":{"a":0,"k":[0,0],"ix":1},"s":{"a":0,"k":[500,500],"ix":3},"r":{"a":0,"k":0,"ix":6},"o":{"a":0,"k":100,"ix":7},"sk":{"a":0,"k":0,"ix":4},"sa":{"a":0,"k":0,"ix":5},"nm":"Transform"}],"nm":"Path","np":2,"cix":2,"ix":1,"mn":"ADBE Vector Group","hd":false}],"ip":0,"op":150.349506123861,"st":0,"bm":0}]}],"layers":[{"ddd":0,"ind":1,"ty":0,"nm":"Layers 1","refId":"comp_0","sr":1,"ks":{"o":{"a":1,"k":[{"i":{"x":[0.833],"y":[0.833]},"o":{"x":[0.167],"y":[0.167]},"n":["0p833_0p833_0p167_0p167"],"t":0,"s":[0],"e":[100]},{"i":{"x":[0.833],"y":[0.833]},"o":{"x":[0.167],"y":[0.167]},"n":["0p833_0p833_0p167_0p167"],"t":3,"s":[100],"e":[100]},{"i":{"x":[0.833],"y":[0.833]},"o":{"x":[0.167],"y":[0.167]},"n":["0p833_0p833_0p167_0p167"],"t":109,"s":[100],"e":[0]},{"t":112.000004561854}],"ix":11},"r":{"a":0,"k":0,"ix":10},"p":{"a":1,"k":[{"i":{"x":0.319,"y":0.839},"o":{"x":0.213,"y":0.103},"n":"0p319_0p839_0p213_0p103","t":0,"s":[68,101.6,0],"e":[68,62.865,0],"to":[0,-4.93176651000977,0],"ti":[0,8.04139423370361,0]},{"i":{"x":0.674,"y":0.884},"o":{"x":0.302,"y":0.197},"n":"0p674_0p884_0p302_0p197","t":10,"s":[68,62.865,0],"e":[68,75.473,0],"to":[0,-0.69277566671371,0],"ti":[0,-0.82831907272339,0]},{"i":{"x":0.651,"y":1},"o":{"x":0.304,"y":0.218},"n":"0p651_1_0p304_0p218","t":19,"s":[68,75.473,0],"e":[68,68,0],"to":[0,1.01143908500671,0],"ti":[0,0.08554448187351,0]},{"i":{"x":0.833,"y":0.833},"o":{"x":0.152,"y":0.152},"n":"0p833_0p833_0p152_0p152","t":30,"s":[68,68,0],"e":[68,68,0],"to":[0,0,0],"ti":[0,0,0]},{"i":{"x":0.858,"y":0.718},"o":{"x":0.326,"y":0},"n":"0p858_0p718_0p326_0","t":90,"s":[68,68,0],"e":[68,80.316,0],"to":[0,0.04366846755147,0],"ti":[0,0,0]},{"i":{"x":0.67,"y":0.452},"o":{"x":0.272,"y":1},"n":"0p67_0p452_0p272_1","t":96,"s":[68,80.316,0],"e":[68,88.086,0],"to":[0,0,0],"ti":[0,0,0]},{"i":{"x":0.685,"y":0.952},"o":{"x":0.347,"y":0.102},"n":"0p685_0p952_0p347_0p102","t":103,"s":[68,88.086,0],"e":[68,0.433,0],"to":[0,0,0],"ti":[0,0,0]},{"t":117.000004765508}],"ix":2},"a":{"a":0,"k":[150,150,0],"ix":1},"s":{"a":0,"k":[60,60,100],"ix":6}},"ao":0,"w":300,"h":300,"ip":0,"op":141.000005743048,"st":0,"bm":0},{"ddd":0,"ind":2,"ty":0,"nm":"Layer 2","refId":"comp_1","sr":1,"ks":{"o":{"a":1,"k":[{"i":{"x":[0.833],"y":[0.833]},"o":{"x":[0.167],"y":[0.167]},"n":["0p833_0p833_0p167_0p167"],"t":3,"s":[0],"e":[100]},{"i":{"x":[0.833],"y":[0.833]},"o":{"x":[0.167],"y":[0.167]},"n":["0p833_0p833_0p167_0p167"],"t":6,"s":[100],"e":[100]},{"i":{"x":[0.833],"y":[0.833]},"o":{"x":[0.167],"y":[0.167]},"n":["0p833_0p833_0p167_0p167"],"t":112,"s":[100],"e":[0]},{"t":115.000004684046}],"ix":11},"r":{"a":0,"k":0,"ix":10},"p":{"a":1,"k":[{"i":{"x":0.319,"y":0.839},"o":{"x":0.213,"y":0.103},"n":"0p319_0p839_0p213_0p103","t":3,"s":[68,101.6,0],"e":[68,62.865,0],"to":[0,-4.93176651000977,0],"ti":[0,8.04139423370361,0]},{"i":{"x":0.674,"y":0.884},"o":{"x":0.302,"y":0.198},"n":"0p674_0p884_0p302_0p198","t":13,"s":[68,62.865,0],"e":[68,75.473,0],"to":[0,-0.69277566671371,0],"ti":[0,-0.7306712269783,0]},{"i":{"x":0.653,"y":1},"o":{"x":0.304,"y":0.218},"n":"0p653_1_0p304_0p218","t":22,"s":[68,75.473,0],"e":[68,68,0],"to":[0,1.01143908500671,0],"ti":[0,0.06722763180733,0]},{"i":{"x":0.833,"y":0.833},"o":{"x":0.152,"y":0.152},"n":"0p833_0p833_0p152_0p152","t":33,"s":[68,68,0],"e":[68,68,0],"to":[0,0,0],"ti":[0,0,0]},{"i":{"x":0.858,"y":0.718},"o":{"x":0.326,"y":0},"n":"0p858_0p718_0p326_0","t":93,"s":[68,68,0],"e":[68,80.316,0],"to":[0,0.04366846755147,0],"ti":[0,0,0]},{"i":{"x":0.67,"y":0.452},"o":{"x":0.272,"y":1},"n":"0p67_0p452_0p272_1","t":99,"s":[68,80.316,0],"e":[68,88.086,0],"to":[0,0,0],"ti":[0,0,0]},{"i":{"x":0.684,"y":0.952},"o":{"x":0.347,"y":0.102},"n":"0p684_0p952_0p347_0p102","t":106,"s":[68,88.086,0],"e":[68,0.433,0],"to":[0,0,0],"ti":[0,0,0]},{"t":120.0000048877}],"ix":2},"a":{"a":0,"k":[150,150,0],"ix":1},"s":{"a":0,"k":[60,60,100],"ix":6}},"ao":0,"w":300,"h":300,"ip":0,"op":141.000005743048,"st":0,"bm":0},{"ddd":0,"ind":3,"ty":0,"nm":"Layer 3","refId":"comp_2","sr":1,"ks":{"o":{"a":1,"k":[{"i":{"x":[0.833],"y":[0.833]},"o":{"x":[0.167],"y":[0.167]},"n":["0p833_0p833_0p167_0p167"],"t":6,"s":[0],"e":[100]},{"i":{"x":[0.833],"y":[0.833]},"o":{"x":[0.167],"y":[0.167]},"n":["0p833_0p833_0p167_0p167"],"t":9,"s":[100],"e":[100]},{"i":{"x":[0.833],"y":[0.833]},"o":{"x":[0.167],"y":[0.167]},"n":["0p833_0p833_0p167_0p167"],"t":115,"s":[100],"e":[0]},{"t":118.000004806239}],"ix":11},"r":{"a":0,"k":0,"ix":10},"p":{"a":1,"k":[{"i":{"x":0.319,"y":0.839},"o":{"x":0.213,"y":0.103},"n":"0p319_0p839_0p213_0p103","t":6,"s":[68,101.6,0],"e":[68,62.865,0],"to":[0,-4.93176651000977,0],"ti":[0,8.04139423370361,0]},{"i":{"x":0.674,"y":0.885},"o":{"x":0.302,"y":0.198},"n":"0p674_0p885_0p302_0p198","t":16,"s":[68,62.865,0],"e":[68,75.473,0],"to":[0,-0.69277566671371,0],"ti":[0,-0.66020280122757,0]},{"i":{"x":0.655,"y":1},"o":{"x":0.304,"y":0.218},"n":"0p655_1_0p304_0p218","t":25,"s":[68,75.473,0],"e":[68,68,0],"to":[0,1.01143908500671,0],"ti":[0,0.0524665415287,0]},{"i":{"x":0.831,"y":0.831},"o":{"x":0.152,"y":0.152},"n":"0p831_0p831_0p152_0p152","t":36,"s":[68,68,0],"e":[68,68,0],"to":[0,0,0],"ti":[0,0,0]},{"i":{"x":0.858,"y":0.718},"o":{"x":0.326,"y":0},"n":"0p858_0p718_0p326_0","t":96,"s":[68,68,0],"e":[68,80.316,0],"to":[0,0.04366846755147,0],"ti":[0,0,0]},{"i":{"x":0.67,"y":0.451},"o":{"x":0.272,"y":1},"n":"0p67_0p451_0p272_1","t":102,"s":[68,80.316,0],"e":[68,88.086,0],"to":[0,0,0],"ti":[0,0,0]},{"i":{"x":0.683,"y":0.952},"o":{"x":0.347,"y":0.102},"n":"0p683_0p952_0p347_0p102","t":109,"s":[68,88.086,0],"e":[68,0.433,0],"to":[0,0,0],"ti":[0,0,0]},{"t":123.000005009893}],"ix":2},"a":{"a":0,"k":[150,150,0],"ix":1},"s":{"a":0,"k":[60,60,100],"ix":6}},"ao":0,"w":300,"h":300,"ip":0,"op":141.000005743048,"st":0,"bm":0}],"markers":[]}