{"v":"5.3.4","fr":29.9700012207031,"ip":0,"op":141.000005743048,"w":136,"h":136,"nm":"8_Upload_to_cloud","ddd":0,"assets":[],"layers":[{"ddd":0,"ind":1,"ty":3,"nm":"Null 1","sr":1,"ks":{"o":{"a":0,"k":0,"ix":11},"r":{"a":0,"k":0,"ix":10},"p":{"a":1,"k":[{"i":{"x":0.469,"y":0.818},"o":{"x":0.195,"y":0.108},"n":"0p469_0p818_0p195_0p108","t":0,"s":[56,-76,0],"e":[56,51.925,0],"to":[0,18.9750270843506,0],"ti":[0,-32.4768447875977,0]},{"i":{"x":0.625,"y":1},"o":{"x":0.055,"y":1},"n":"0p625_1_0p055_1","t":9,"s":[56,51.925,0],"e":[56,56,0],"to":[0,5.17741394042969,0],"ti":[0,0,0]},{"i":{"x":0.833,"y":0.833},"o":{"x":0.167,"y":0.167},"n":"0p833_0p833_0p167_0p167","t":25,"s":[56,56,0],"e":[56,56,0],"to":[0,0,0],"ti":[0,0,0]},{"i":{"x":0.67,"y":1},"o":{"x":0.322,"y":0},"n":"0p67_1_0p322_0","t":80,"s":[56,56,0],"e":[56,40,0],"to":[0,0,0],"ti":[0,0,0]},{"i":{"x":0.721,"y":0.115},"o":{"x":0.371,"y":0},"n":"0p721_0p115_0p371_0","t":100,"s":[56,40,0],"e":[56,-41.071,0],"to":[0,0,0],"ti":[0,43.0702209472656,0]},{"i":{"x":0.76,"y":1},"o":{"x":0.332,"y":1},"n":"0p76_1_0p332_1","t":118,"s":[56,-41.071,0],"e":[56,-93.4,0],"to":[0,-28.569055557251,0],"ti":[0,0,0]},{"t":129.000005254278}],"ix":2},"a":{"a":0,"k":[0,0,0],"ix":1},"s":{"a":0,"k":[60,60,100],"ix":6}},"ao":0,"ip":0,"op":141.000005743048,"st":0,"bm":0},{"ddd":0,"ind":2,"ty":4,"nm":"Path","parent":3,"sr":1,"ks":{"o":{"a":0,"k":100,"ix":11},"r":{"a":0,"k":0,"ix":10},"p":{"a":0,"k":[0,-20,0],"ix":2},"a":{"a":0,"k":[0,0,0],"ix":1},"s":{"a":0,"k":[100,100,100],"ix":6}},"ao":0,"shapes":[{"ty":"gr","it":[{"ind":0,"ty":"sh","ix":1,"ks":{"a":0,"k":{"i":[[0,0],[0,0],[0,0]],"o":[[0,0],[0,0],[0,0]],"v":[[2,1],[0,-1],[-2,1]],"c":false},"ix":2},"nm":"Path 1","mn":"ADBE Vector Shape - Group","hd":false},{"ty":"st","c":{"a":0,"k":[0,0,0,1],"ix":3},"o":{"a":0,"k":100,"ix":4},"w":{"a":0,"k":1,"ix":5},"lc":2,"lj":2,"nm":"Stroke 1","mn":"ADBE Vector Graphic - Stroke","hd":false},{"ty":"tr","p":{"a":0,"k":[0,0],"ix":2},"a":{"a":0,"k":[0,0],"ix":1},"s":{"a":0,"k":[500,500],"ix":3},"r":{"a":0,"k":0,"ix":6},"o":{"a":0,"k":100,"ix":7},"sk":{"a":0,"k":0,"ix":4},"sa":{"a":0,"k":0,"ix":5},"nm":"Transform"}],"nm":"Path","np":2,"cix":2,"ix":1,"mn":"ADBE Vector Group","hd":false}],"ip":0,"op":141.000005743048,"st":0,"bm":0},{"ddd":0,"ind":3,"ty":4,"nm":"Path","parent":7,"sr":1,"ks":{"o":{"a":0,"k":100,"ix":11},"r":{"a":0,"k":0,"ix":10},"p":{"a":1,"k":[{"i":{"x":0.607,"y":1},"o":{"x":0.292,"y":0.263},"n":"0p607_1_0p292_0p263","t":0,"s":[0,328.65,0],"e":[0,5.001,0],"to":[0,50.6619758605957,0],"ti":[0,0.01189508195966,0]},{"i":{"x":0.681,"y":0.411},"o":{"x":0.345,"y":0},"n":"0p681_0p411_0p345_0","t":19,"s":[0,5.001,0],"e":[0,41.866,0],"to":[0,-0.00012771050388,0],"ti":[0,-10.857349395752,0]},{"i":{"x":0.686,"y":1},"o":{"x":0.067,"y":1},"n":"0p686_1_0p067_1","t":27,"s":[0,41.866,0],"e":[0,45,0],"to":[0,8.95884132385254,0],"ti":[0,0,0]},{"i":{"x":0.833,"y":0.833},"o":{"x":0.167,"y":0.167},"n":"0p833_0p833_0p167_0p167","t":39,"s":[0,45,0],"e":[0,45,0],"to":[0,0,0],"ti":[0,0,0]},{"i":{"x":0.655,"y":0.789},"o":{"x":0.312,"y":0},"n":"0p655_0p789_0p312_0","t":80,"s":[0,45,0],"e":[0,76.698,0],"to":[0,0,0],"ti":[0,0,0]},{"i":{"x":0.669,"y":1},"o":{"x":0.285,"y":1},"n":"0p669_1_0p285_1","t":88,"s":[0,76.698,0],"e":[0,85,0],"to":[0,0,0],"ti":[0,0,0]},{"i":{"x":0.718,"y":0.647},"o":{"x":0.322,"y":0},"n":"0p718_0p647_0p322_0","t":100,"s":[0,85,0],"e":[0,-110.328,0],"to":[0,0,0],"ti":[0,77.5938568115234,0]},{"i":{"x":0.769,"y":1},"o":{"x":0.279,"y":1},"n":"0p769_1_0p279_1","t":116,"s":[0,-110.328,0],"e":[0,-204,0],"to":[0,-51.4043350219727,0],"ti":[0,0,0]},{"t":138.000005620855}],"ix":2},"a":{"a":0,"k":[0,0,0],"ix":1},"s":{"a":0,"k":[100,100,100],"ix":6}},"ao":0,"shapes":[{"ty":"gr","it":[{"ind":0,"ty":"sh","ix":1,"ks":{"a":0,"k":{"i":[[0,0],[0,0]],"o":[[0,0],[0,0]],"v":[[0,-5],[0,5]],"c":false},"ix":2},"nm":"Path 1","mn":"ADBE Vector Shape - Group","hd":false},{"ty":"st","c":{"a":0,"k":[0,0,0,1],"ix":3},"o":{"a":0,"k":100,"ix":4},"w":{"a":0,"k":1,"ix":5},"lc":2,"lj":2,"nm":"Stroke 1","mn":"ADBE Vector Graphic - Stroke","hd":false},{"ty":"tr","p":{"a":0,"k":[0,0],"ix":2},"a":{"a":0,"k":[0,0],"ix":1},"s":{"a":0,"k":[500,500],"ix":3},"r":{"a":0,"k":0,"ix":6},"o":{"a":0,"k":100,"ix":7},"sk":{"a":0,"k":0,"ix":4},"sa":{"a":0,"k":0,"ix":5},"nm":"Transform"}],"nm":"Path","np":2,"cix":2,"ix":1,"mn":"ADBE Vector Group","hd":false}],"ip":0,"op":141.000005743048,"st":0,"bm":0},{"ddd":0,"ind":4,"ty":4,"nm":"Path","parent":7,"sr":1,"ks":{"o":{"a":0,"k":100,"ix":11},"r":{"a":0,"k":0,"ix":10},"p":{"a":0,"k":[0,0,0],"ix":2},"a":{"a":0,"k":[0,0,0],"ix":1},"s":{"a":0,"k":[100,100,100],"ix":6}},"ao":0,"shapes":[{"ty":"gr","it":[{"ind":0,"ty":"sh","ix":1,"ks":{"a":0,"k":{"i":[[0,0],[0,3.31],[3.31,0],[3.31,0],[0,-3.31],[0,-3.31],[-3.31,0]],"o":[[3.31,0],[0,-3.31],[0,-3.31],[-3.31,0],[-3.31,0],[0,3.31],[0,0]],"v":[[6,9],[12,3],[6,-3],[0,-9],[-6,-3],[-12,3],[-6,9]],"c":true},"ix":2},"nm":"Path 1","mn":"ADBE Vector Shape - Group","hd":false},{"ty":"st","c":{"a":0,"k":[0,0,0,1],"ix":3},"o":{"a":0,"k":100,"ix":4},"w":{"a":0,"k":1,"ix":5},"lc":2,"lj":2,"nm":"Stroke 1","mn":"ADBE Vector Graphic - Stroke","hd":false},{"ty":"tr","p":{"a":0,"k":[0,0],"ix":2},"a":{"a":0,"k":[0,0],"ix":1},"s":{"a":0,"k":[500,500],"ix":3},"r":{"a":0,"k":0,"ix":6},"o":{"a":0,"k":100,"ix":7},"sk":{"a":0,"k":0,"ix":4},"sa":{"a":0,"k":0,"ix":5},"nm":"Transform"}],"nm":"Path","np":2,"cix":2,"ix":1,"mn":"ADBE Vector Group","hd":false}],"ip":0,"op":141.000005743048,"st":0,"bm":0},{"ddd":0,"ind":5,"ty":4,"nm":"Path","parent":7,"sr":1,"ks":{"o":{"a":0,"k":100,"ix":11},"r":{"a":0,"k":0,"ix":10},"p":{"a":0,"k":[27.5,0,0],"ix":2},"a":{"a":0,"k":[0,0,0],"ix":1},"s":{"a":0,"k":[100,100,100],"ix":6}},"ao":0,"shapes":[{"ty":"gr","it":[{"ind":0,"ty":"sh","ix":1,"ks":{"a":0,"k":{"i":[[0,3.31],[3.31,0],[2.84,0.48],[-0.34,0],[0,-3.31],[0,-3.31],[3.31,0],[0,0]],"o":[[0,-3.31],[0,-2.97],[0.33,-0.05],[3.31,0],[3.31,0],[0,3.31],[0,0],[3.31,0]],"v":[[4.5,3],[-1.5,-3],[-6.5,-8.91],[-5.5,-9],[0.5,-3],[6.5,3],[0.5,9],[-1.5,9]],"c":true},"ix":2},"nm":"Path 1","mn":"ADBE Vector Shape - Group","hd":false},{"ty":"fl","c":{"a":0,"k":[0,0.607842981815,0.839215993881,1],"ix":4},"o":{"a":0,"k":100,"ix":5},"r":1,"nm":"Fill 1","mn":"ADBE Vector Graphic - Fill","hd":false},{"ty":"tr","p":{"a":0,"k":[0,0],"ix":2},"a":{"a":0,"k":[0,0],"ix":1},"s":{"a":0,"k":[500,500],"ix":3},"r":{"a":0,"k":0,"ix":6},"o":{"a":0,"k":100,"ix":7},"sk":{"a":0,"k":0,"ix":4},"sa":{"a":0,"k":0,"ix":5},"nm":"Transform"}],"nm":"Path","np":2,"cix":2,"ix":1,"mn":"ADBE Vector Group","hd":false}],"ip":0,"op":141.000005743048,"st":0,"bm":0},{"ddd":0,"ind":6,"ty":4,"nm":"Path","parent":7,"sr":1,"ks":{"o":{"a":0,"k":100,"ix":11},"r":{"a":0,"k":0,"ix":10},"p":{"a":0,"k":[-27.5,0,0],"ix":2},"a":{"a":0,"k":[0,0,0],"ix":1},"s":{"a":0,"k":[100,100,100],"ix":6}},"ao":0,"shapes":[{"ty":"gr","it":[{"ind":0,"ty":"sh","ix":1,"ks":{"a":0,"k":{"i":[[0,3.31],[-3.31,0],[-2.84,0.48],[0.34,0],[0,-3.31],[0,-3.31],[-3.31,0],[0,0]],"o":[[0,-3.31],[0,-2.97],[-0.33,-0.05],[-3.31,0],[-3.31,0],[0,3.31],[0,0],[-3.31,0]],"v":[[-4.5,3],[1.5,-3],[6.5,-8.91],[5.5,-9],[-0.5,-3],[-6.5,3],[-0.5,9],[1.5,9]],"c":true},"ix":2},"nm":"Path 1","mn":"ADBE Vector Shape - Group","hd":false},{"ty":"fl","c":{"a":0,"k":[0.631372988224,0.854902029037,0.972549021244,1],"ix":4},"o":{"a":0,"k":100,"ix":5},"r":1,"nm":"Fill 1","mn":"ADBE Vector Graphic - Fill","hd":false},{"ty":"tr","p":{"a":0,"k":[0,0],"ix":2},"a":{"a":0,"k":[0,0],"ix":1},"s":{"a":0,"k":[500,500],"ix":3},"r":{"a":0,"k":0,"ix":6},"o":{"a":0,"k":100,"ix":7},"sk":{"a":0,"k":0,"ix":4},"sa":{"a":0,"k":0,"ix":5},"nm":"Transform"}],"nm":"Path","np":2,"cix":2,"ix":1,"mn":"ADBE Vector Group","hd":false}],"ip":0,"op":141.000005743048,"st":0,"bm":0},{"ddd":0,"ind":7,"ty":4,"nm":"Path","parent":1,"sr":1,"ks":{"o":{"a":0,"k":100,"ix":11},"r":{"a":0,"k":0,"ix":10},"p":{"a":1,"k":[{"i":{"x":0.627,"y":0.939},"o":{"x":0.285,"y":0.023},"n":"0p627_0p939_0p285_0p023","t":0,"s":[20,521.5,0],"e":[20,23.866,0],"to":[0,-6.70141410827637,0],"ti":[0,72.4581527709961,0]},{"i":{"x":0.556,"y":0.908},"o":{"x":0.112,"y":0.882},"n":"0p556_0p908_0p112_0p882","t":12,"s":[20,23.866,0],"e":[20,28.61,0],"to":[0,-11.6649179458618,0],"ti":[0,0.98984313011169,0]},{"i":{"x":0.678,"y":0.732},"o":{"x":0.339,"y":0.015},"n":"0p678_0p732_0p339_0p015","t":27,"s":[20,28.61,0],"e":[20,-0.165,0],"to":[0,-0.3668464422226,0],"ti":[0,5.48049116134644,0]},{"i":{"x":0.692,"y":1},"o":{"x":0.263,"y":1},"n":"0p692_1_0p263_1","t":34,"s":[20,-0.165,0],"e":[20,7.5,0],"to":[0,-4.84179878234863,0],"ti":[0,0,0]},{"i":{"x":0.833,"y":0.833},"o":{"x":0.167,"y":0.167},"n":"0p833_0p833_0p167_0p167","t":45,"s":[20,7.5,0],"e":[20,7.5,0],"to":[0,0,0],"ti":[0,0,0]},{"i":{"x":0.655,"y":0.745},"o":{"x":0.305,"y":0},"n":"0p655_0p745_0p305_0","t":80,"s":[20,7.5,0],"e":[20,23.3,0],"to":[0,0,0],"ti":[0,-6.74280595779419,0]},{"i":{"x":0.675,"y":0.561},"o":{"x":0.339,"y":0.821},"n":"0p675_0p561_0p339_0p821","t":88,"s":[20,23.3,0],"e":[20,30.432,0],"to":[0,4.28617286682129,0],"ti":[0,0.50544077157974,0]},{"i":{"x":0.717,"y":0.758},"o":{"x":0.361,"y":0.016},"n":"0p717_0p758_0p361_0p016","t":100,"s":[20,30.432,0],"e":[20,-147.828,0],"to":[0,-5.28684711456299,0],"ti":[0,77.5820465087891,0]},{"i":{"x":0.77,"y":1},"o":{"x":0.384,"y":1},"n":"0p77_1_0p384_1","t":110,"s":[20,-147.828,0],"e":[20,-241.5,0],"to":[0,-51.4037170410156,0],"ti":[0,0,0]},{"t":126.000005132085}],"ix":2},"a":{"a":0,"k":[0,0,0],"ix":1},"s":{"a":0,"k":[100,100,100],"ix":6}},"ao":0,"shapes":[{"ty":"gr","it":[{"ind":0,"ty":"sh","ix":1,"ks":{"a":0,"k":{"i":[[0,0],[0,3.31],[3.31,0],[3.31,0],[0,-3.31],[0,-3.31],[-3.31,0]],"o":[[3.31,0],[0,-3.31],[0,-3.31],[-3.31,0],[-3.31,0],[0,3.31],[0,0]],"v":[[6,9],[12,3],[6,-3],[0,-9],[-6,-3],[-12,3],[-6,9]],"c":true},"ix":2},"nm":"Path 1","mn":"ADBE Vector Shape - Group","hd":false},{"ty":"fl","c":{"a":0,"k":[0.043136999011,0.7333329916,0.93725502491,1],"ix":4},"o":{"a":0,"k":100,"ix":5},"r":1,"nm":"Fill 1","mn":"ADBE Vector Graphic - Fill","hd":false},{"ty":"tr","p":{"a":0,"k":[0,0],"ix":2},"a":{"a":0,"k":[0,0],"ix":1},"s":{"a":0,"k":[500,500],"ix":3},"r":{"a":0,"k":0,"ix":6},"o":{"a":0,"k":100,"ix":7},"sk":{"a":0,"k":0,"ix":4},"sa":{"a":0,"k":0,"ix":5},"nm":"Transform"}],"nm":"Path","np":2,"cix":2,"ix":1,"mn":"ADBE Vector Group","hd":false}],"ip":0,"op":141.000005743048,"st":0,"bm":0}],"markers":[]}