{"v":"5.3.4","fr":29.9700012207031,"ip":0,"op":150.000006109625,"w":136,"h":136,"nm":"9_Zoom_in","ddd":0,"assets":[],"layers":[{"ddd":0,"ind":1,"ty":3,"nm":"Null 1","sr":1,"ks":{"o":{"a":0,"k":0,"ix":11},"r":{"a":0,"k":0,"ix":10},"p":{"a":1,"k":[{"i":{"x":0.436,"y":0.877},"o":{"x":0.181,"y":0.128},"n":"0p436_0p877_0p181_0p128","t":0,"s":[207.2,56,0],"e":[80.545,31.994,0],"to":[-24.9826278686523,18.1171722412109,0],"ti":[31.6238536834717,-22.93332862854,0]},{"i":{"x":0.661,"y":0.781},"o":{"x":0.328,"y":0.193},"n":"0p661_0p781_0p328_0p193","t":10,"s":[80.545,31.994,0],"e":[52.113,65.477,0],"to":[-0.61036974191666,0.44263452291489,0],"ti":[-1.25802195072174,5.27783346176147,0]},{"i":{"x":0.651,"y":1},"o":{"x":0.214,"y":1},"n":"0p651_1_0p214_1","t":19,"s":[52.113,65.477,0],"e":[56,56,0],"to":[1.91808593273163,-8.04702758789062,0],"ti":[0,0,0]},{"i":{"x":0.41,"y":0.41},"o":{"x":0.167,"y":0.167},"n":"0p41_0p41_0p167_0p167","t":34,"s":[56,56,0],"e":[56,56,0],"to":[0,0,0],"ti":[0,0,0]},{"i":{"x":0.527,"y":0.527},"o":{"x":0.395,"y":0.395},"n":"0p527_0p527_0p395_0p395","t":87,"s":[56,56,0],"e":[56,56,0],"to":[0,0,0],"ti":[0,0,0]},{"i":{"x":0.606,"y":0.606},"o":{"x":0.279,"y":0.279},"n":"0p606_0p606_0p279_0p279","t":98,"s":[56,56,0],"e":[56,56,0],"to":[0,0,0],"ti":[0,0,0]},{"t":115.000004684046}],"ix":2},"a":{"a":0,"k":[0,0,0],"ix":1},"s":{"a":0,"k":[60,60,100],"ix":6}},"ao":0,"ip":0,"op":150.000006109625,"st":0,"bm":0},{"ddd":0,"ind":2,"ty":4,"nm":"Path 5","parent":1,"sr":1,"ks":{"o":{"a":0,"k":100,"ix":11},"r":{"a":1,"k":[{"i":{"x":[0.452],"y":[0.869]},"o":{"x":[0.19],"y":[0.093]},"n":["0p452_0p869_0p19_0p093"],"t":0,"s":[-346],"e":[31.493]},{"i":{"x":[0.645],"y":[0.413]},"o":{"x":[0.312],"y":[-0.768]},"n":["0p645_0p413_0p312_-0p768"],"t":16,"s":[31.493],"e":[3.988]},{"i":{"x":[0.654],"y":[1]},"o":{"x":[0.321],"y":[5.189]},"n":["0p654_1_0p321_5p189"],"t":28,"s":[3.988],"e":[0]},{"i":{"x":[0.41],"y":[1]},"o":{"x":[0.167],"y":[0]},"n":["0p41_1_0p167_0"],"t":45,"s":[0],"e":[0]},{"i":{"x":[0.525],"y":[0.848]},"o":{"x":[0.392],"y":[0]},"n":["0p525_0p848_0p392_0"],"t":87,"s":[0],"e":[332.971]},{"i":{"x":[0.606],"y":[1]},"o":{"x":[0.279],"y":[1.314]},"n":["0p606_1_0p279_1p314"],"t":98,"s":[332.971],"e":[368]},{"t":115.000004684046}],"ix":10},"p":{"a":1,"k":[{"i":{"x":0.478,"y":0.815},"o":{"x":0.204,"y":0.092},"n":"0p478_0p815_0p204_0p092","t":0,"s":[-4,49,0],"e":[67.664,117.448,0],"to":[11.273886680603,4.1606011390686,0],"ti":[-21.8807373046875,-8.07503414154053,0]},{"i":{"x":0.629,"y":0.83},"o":{"x":0.298,"y":0.173},"n":"0p629_0p83_0p298_0p173","t":15,"s":[67.664,117.448,0],"e":[77.328,66.149,0],"to":[3.79898452758789,1.40200614929199,0],"ti":[-2.56685376167297,11.264274597168,0]},{"i":{"x":0.648,"y":1},"o":{"x":0.315,"y":0.301},"n":"0p648_1_0p315_0p301","t":28,"s":[77.328,66.149,0],"e":[80,80,0],"to":[1.0080623626709,-4.42373895645142,0],"ti":[0,0,0]},{"i":{"x":0.41,"y":0.41},"o":{"x":0.167,"y":0.167},"n":"0p41_0p41_0p167_0p167","t":36,"s":[80,80,0],"e":[80,80,0],"to":[0,0,0],"ti":[0,0,0]},{"i":{"x":0.528,"y":0.528},"o":{"x":0.398,"y":0.398},"n":"0p528_0p528_0p398_0p398","t":87,"s":[80,80,0],"e":[80,80,0],"to":[0,0,0],"ti":[0,0,0]},{"i":{"x":0.605,"y":0.605},"o":{"x":0.279,"y":0.279},"n":"0p605_0p605_0p279_0p279","t":98,"s":[80,80,0],"e":[80,80,0],"to":[0,0,0],"ti":[0,0,0]},{"t":115.000004684046}],"ix":2},"a":{"a":0,"k":[25.85,25.85,0],"ix":1},"s":{"a":0,"k":[100,100,100],"ix":6}},"ao":0,"shapes":[{"ty":"gr","it":[{"ind":0,"ty":"sh","ix":1,"ks":{"a":0,"k":{"i":[[0,0],[0,0]],"o":[[0,0],[0,0]],"v":[[-5.17,-5.17],[5.17,5.17]],"c":false},"ix":2},"nm":"Path 1","mn":"ADBE Vector Shape - Group","hd":false},{"ty":"st","c":{"a":0,"k":[0,0,0,1],"ix":3},"o":{"a":0,"k":100,"ix":4},"w":{"a":0,"k":1,"ix":5},"lc":2,"lj":2,"nm":"Stroke 1","mn":"ADBE Vector Graphic - Stroke","hd":false},{"ty":"tr","p":{"a":0,"k":[0,0],"ix":2},"a":{"a":0,"k":[0,0],"ix":1},"s":{"a":0,"k":[500,500],"ix":3},"r":{"a":0,"k":0,"ix":6},"o":{"a":0,"k":100,"ix":7},"sk":{"a":0,"k":0,"ix":4},"sa":{"a":0,"k":0,"ix":5},"nm":"Transform"}],"nm":"Path","np":2,"cix":2,"ix":1,"mn":"ADBE Vector Group","hd":false},{"ty":"tm","s":{"a":1,"k":[{"i":{"x":[0.41],"y":[1]},"o":{"x":[0.167],"y":[0.259]},"n":["0p41_1_0p167_0p259"],"t":87,"s":[0],"e":[100]},{"t":115.000004684046}],"ix":1},"e":{"a":0,"k":100,"ix":2},"o":{"a":0,"k":0,"ix":3},"m":1,"ix":2,"nm":"Trim Paths 1","mn":"ADBE Vector Filter - Trim","hd":false}],"ip":0,"op":150.000006109625,"st":0,"bm":0},{"ddd":0,"ind":3,"ty":4,"nm":"Path 6","parent":8,"sr":1,"ks":{"o":{"a":0,"k":100,"ix":11},"r":{"a":0,"k":90,"ix":10},"p":{"a":0,"k":[0,0,0],"ix":2},"a":{"a":0,"k":[0,0,0],"ix":1},"s":{"a":1,"k":[{"i":{"x":[0.588,0.588,0.588],"y":[0.828,1.539,3.417]},"o":{"x":[0.202,0.202,0.202],"y":[0.082,1.62,7.272]},"n":["0p588_0p828_0p202_0p082","0p588_1p539_0p202_1p62","0p588_3p417_0p202_7p272"],"t":17,"s":[0,100,100],"e":[89.132,104.488,100]},{"i":{"x":[0.681,0.681,0.681],"y":[1,1,1]},"o":{"x":[0.335,0.335,0.335],"y":[2.036,0.778,-3.491]},"n":["0p681_1_0p335_2p036","0p681_1_0p335_0p778","0p681_1_0p335_-3p491"],"t":26,"s":[89.132,104.488,100],"e":[100,100,100]},{"i":{"x":[0.515,0.515,0.515],"y":[1,1,1]},"o":{"x":[0.167,0.167,0.167],"y":[0,0,0]},"n":["0p515_1_0p167_0","0p515_1_0p167_0","0p515_1_0p167_0"],"t":42,"s":[100,100,100],"e":[100,100,100]},{"i":{"x":[0.61,0.61,0.61],"y":[1,1,1]},"o":{"x":[0.282,0.282,0.282],"y":[0,0,0]},"n":["0p61_1_0p282_0","0p61_1_0p282_0","0p61_1_0p282_0"],"t":98,"s":[100,100,100],"e":[0,0,100]},{"t":115.000004684046}],"ix":6}},"ao":0,"shapes":[{"ty":"gr","it":[{"ind":0,"ty":"sh","ix":1,"ks":{"a":0,"k":{"i":[[0,0],[0,0]],"o":[[0,0],[0,0]],"v":[[-3.5,0],[3.5,0]],"c":false},"ix":2},"nm":"Path 1","mn":"ADBE Vector Shape - Group","hd":false},{"ty":"st","c":{"a":0,"k":[0,0,0,1],"ix":3},"o":{"a":0,"k":100,"ix":4},"w":{"a":0,"k":1,"ix":5},"lc":2,"lj":2,"nm":"Stroke 1","mn":"ADBE Vector Graphic - Stroke","hd":false},{"ty":"tr","p":{"a":0,"k":[0,0],"ix":2},"a":{"a":0,"k":[0,0],"ix":1},"s":{"a":0,"k":[500,500],"ix":3},"r":{"a":0,"k":0,"ix":6},"o":{"a":0,"k":100,"ix":7},"sk":{"a":0,"k":0,"ix":4},"sa":{"a":0,"k":0,"ix":5},"nm":"Transform"}],"nm":"Path","np":2,"cix":2,"ix":1,"mn":"ADBE Vector Group","hd":false}],"ip":0,"op":150.000006109625,"st":0,"bm":0},{"ddd":0,"ind":4,"ty":4,"nm":"Path 4","parent":8,"sr":1,"ks":{"o":{"a":0,"k":100,"ix":11},"r":{"a":0,"k":0,"ix":10},"p":{"a":0,"k":[0,0,0],"ix":2},"a":{"a":0,"k":[0,0,0],"ix":1},"s":{"a":1,"k":[{"i":{"x":[0.588,0.588,0.588],"y":[0.828,1.539,3.417]},"o":{"x":[0.202,0.202,0.202],"y":[0.082,1.62,7.272]},"n":["0p588_0p828_0p202_0p082","0p588_1p539_0p202_1p62","0p588_3p417_0p202_7p272"],"t":17,"s":[0,100,100],"e":[89.132,104.488,100]},{"i":{"x":[0.681,0.681,0.681],"y":[1,1,1]},"o":{"x":[0.335,0.335,0.335],"y":[2.036,0.778,-3.491]},"n":["0p681_1_0p335_2p036","0p681_1_0p335_0p778","0p681_1_0p335_-3p491"],"t":26,"s":[89.132,104.488,100],"e":[100,100,100]},{"i":{"x":[0.515,0.515,0.515],"y":[1,1,1]},"o":{"x":[0.167,0.167,0.167],"y":[0,0,0]},"n":["0p515_1_0p167_0","0p515_1_0p167_0","0p515_1_0p167_0"],"t":42,"s":[100,100,100],"e":[100,100,100]},{"i":{"x":[0.61,0.61,0.61],"y":[1,1,1]},"o":{"x":[0.282,0.282,0.282],"y":[0,0,0]},"n":["0p61_1_0p282_0","0p61_1_0p282_0","0p61_1_0p282_0"],"t":98,"s":[100,100,100],"e":[0,0,100]},{"t":115.000004684046}],"ix":6}},"ao":0,"shapes":[{"ty":"gr","it":[{"ind":0,"ty":"sh","ix":1,"ks":{"a":0,"k":{"i":[[0,0],[0,0]],"o":[[0,0],[0,0]],"v":[[-3.5,0],[3.5,0]],"c":false},"ix":2},"nm":"Path 1","mn":"ADBE Vector Shape - Group","hd":false},{"ty":"st","c":{"a":0,"k":[0,0,0,1],"ix":3},"o":{"a":0,"k":100,"ix":4},"w":{"a":0,"k":1,"ix":5},"lc":2,"lj":2,"nm":"Stroke 1","mn":"ADBE Vector Graphic - Stroke","hd":false},{"ty":"tr","p":{"a":0,"k":[0,0],"ix":2},"a":{"a":0,"k":[0,0],"ix":1},"s":{"a":0,"k":[500,500],"ix":3},"r":{"a":0,"k":0,"ix":6},"o":{"a":0,"k":100,"ix":7},"sk":{"a":0,"k":0,"ix":4},"sa":{"a":0,"k":0,"ix":5},"nm":"Transform"}],"nm":"Path","np":2,"cix":2,"ix":1,"mn":"ADBE Vector Group","hd":false}],"ip":0,"op":150.000006109625,"st":0,"bm":0},{"ddd":0,"ind":5,"ty":4,"nm":"Oval 2","parent":8,"sr":1,"ks":{"o":{"a":0,"k":100,"ix":11},"r":{"a":0,"k":0,"ix":10},"p":{"a":0,"k":[0,0,0],"ix":2},"a":{"a":0,"k":[0,0,0],"ix":1},"s":{"a":0,"k":[100,100,100],"ix":6}},"ao":0,"shapes":[{"ty":"gr","it":[{"d":1,"ty":"el","s":{"a":0,"k":[16,16],"ix":2},"p":{"a":0,"k":[0,0],"ix":3},"nm":"Ellipse Path 1","mn":"ADBE Vector Shape - Ellipse","hd":false},{"ty":"st","c":{"a":0,"k":[0,0,0,1],"ix":3},"o":{"a":0,"k":100,"ix":4},"w":{"a":0,"k":1,"ix":5},"lc":2,"lj":2,"nm":"Stroke 1","mn":"ADBE Vector Graphic - Stroke","hd":false},{"ty":"tr","p":{"a":0,"k":[0,0],"ix":2},"a":{"a":0,"k":[0,0],"ix":1},"s":{"a":0,"k":[500,500],"ix":3},"r":{"a":0,"k":0,"ix":6},"o":{"a":0,"k":100,"ix":7},"sk":{"a":0,"k":0,"ix":4},"sa":{"a":0,"k":0,"ix":5},"nm":"Transform"}],"nm":"Oval","np":2,"cix":2,"ix":1,"mn":"ADBE Vector Group","hd":false}],"ip":0,"op":150.000006109625,"st":0,"bm":0},{"ddd":0,"ind":6,"ty":4,"nm":"Path 2","parent":8,"sr":1,"ks":{"o":{"a":0,"k":100,"ix":11},"r":{"a":0,"k":0,"ix":10},"p":{"a":0,"k":[-17.5,0,0],"ix":2},"a":{"a":0,"k":[0,0,0],"ix":1},"s":{"a":0,"k":[100,100,100],"ix":6}},"ao":0,"shapes":[{"ty":"gr","it":[{"ind":0,"ty":"sh","ix":1,"ks":{"a":0,"k":{"i":[[-4.42,0],[-0.33,-0.04],[0,-4.08],[-3.95,-0.49],[0.34,0],[0,4.42]],"o":[[0.34,0],[-3.95,0.49],[0,4.08],[-0.33,0.04],[-4.42,0],[0,-4.42]],"v":[[3.5,-8],[4.5,-7.93],[-2.5,0],[4.5,7.93],[3.5,8],[-4.5,0]],"c":true},"ix":2},"nm":"Path 1","mn":"ADBE Vector Shape - Group","hd":false},{"ty":"fl","c":{"a":0,"k":[0.631372988224,0.854902029037,0.972549021244,1],"ix":4},"o":{"a":0,"k":100,"ix":5},"r":1,"nm":"Fill 1","mn":"ADBE Vector Graphic - Fill","hd":false},{"ty":"tr","p":{"a":0,"k":[0,0],"ix":2},"a":{"a":0,"k":[0,0],"ix":1},"s":{"a":0,"k":[500,500],"ix":3},"r":{"a":0,"k":0,"ix":6},"o":{"a":0,"k":100,"ix":7},"sk":{"a":0,"k":0,"ix":4},"sa":{"a":0,"k":0,"ix":5},"nm":"Transform"}],"nm":"Path","np":2,"cix":2,"ix":1,"mn":"ADBE Vector Group","hd":false}],"ip":0,"op":150.000006109625,"st":0,"bm":0},{"ddd":0,"ind":7,"ty":4,"nm":"Path","parent":8,"sr":1,"ks":{"o":{"a":0,"k":100,"ix":11},"r":{"a":0,"k":0,"ix":10},"p":{"a":0,"k":[17.5,0,0],"ix":2},"a":{"a":0,"k":[0,0,0],"ix":1},"s":{"a":0,"k":[100,100,100],"ix":6}},"ao":0,"shapes":[{"ty":"gr","it":[{"ind":0,"ty":"sh","ix":1,"ks":{"a":0,"k":{"i":[[4.42,0],[0.33,-0.04],[0,-4.08],[3.95,-0.49],[-0.34,0],[0,4.42]],"o":[[-0.34,0],[3.95,0.49],[0,4.08],[0.33,0.04],[4.42,0],[0,-4.42]],"v":[[-3.5,-8],[-4.5,-7.93],[2.5,0],[-4.5,7.93],[-3.5,8],[4.5,0]],"c":true},"ix":2},"nm":"Path 1","mn":"ADBE Vector Shape - Group","hd":false},{"ty":"fl","c":{"a":0,"k":[0,0.607842981815,0.839215993881,1],"ix":4},"o":{"a":0,"k":100,"ix":5},"r":1,"nm":"Fill 1","mn":"ADBE Vector Graphic - Fill","hd":false},{"ty":"tr","p":{"a":0,"k":[0,0],"ix":2},"a":{"a":0,"k":[0,0],"ix":1},"s":{"a":0,"k":[500,500],"ix":3},"r":{"a":0,"k":0,"ix":6},"o":{"a":0,"k":100,"ix":7},"sk":{"a":0,"k":0,"ix":4},"sa":{"a":0,"k":0,"ix":5},"nm":"Transform"}],"nm":"Path","np":2,"cix":2,"ix":1,"mn":"ADBE Vector Group","hd":false}],"ip":0,"op":150.000006109625,"st":0,"bm":0},{"ddd":0,"ind":8,"ty":4,"nm":"Oval","parent":2,"sr":1,"ks":{"o":{"a":0,"k":100,"ix":11},"r":{"a":0,"k":0,"ix":10},"p":{"a":1,"k":[{"i":{"x":0.41,"y":1},"o":{"x":0.167,"y":0.109},"n":"0p41_1_0p167_0p109","t":88,"s":[-25.85,-25.85,0],"e":[25.85,25.85,0],"to":[8.61666393280029,8.61666393280029,0],"ti":[-8.61666393280029,-8.61666393280029,0]},{"t":115.000004684046}],"ix":2},"a":{"a":0,"k":[28.3,28.3,0],"ix":1},"s":{"a":1,"k":[{"i":{"x":[0.41,0.41,0.41],"y":[1,1,1]},"o":{"x":[0.167,0.167,0.167],"y":[0.265,0.265,-26.471]},"n":["0p41_1_0p167_0p265","0p41_1_0p167_0p265","0p41_1_0p167_-26p471"],"t":88,"s":[100,100,100],"e":[0,0,100]},{"t":115.000004684046}],"ix":6}},"ao":0,"shapes":[{"ty":"gr","it":[{"d":1,"ty":"el","s":{"a":0,"k":[16,16],"ix":2},"p":{"a":0,"k":[0,0],"ix":3},"nm":"Ellipse Path 1","mn":"ADBE Vector Shape - Ellipse","hd":false},{"ty":"fl","c":{"a":0,"k":[0.043136999011,0.7333329916,0.93725502491,1],"ix":4},"o":{"a":0,"k":100,"ix":5},"r":1,"nm":"Fill 1","mn":"ADBE Vector Graphic - Fill","hd":false},{"ty":"tr","p":{"a":0,"k":[0,0],"ix":2},"a":{"a":0,"k":[0,0],"ix":1},"s":{"a":0,"k":[500,500],"ix":3},"r":{"a":0,"k":0,"ix":6},"o":{"a":0,"k":100,"ix":7},"sk":{"a":0,"k":0,"ix":4},"sa":{"a":0,"k":0,"ix":5},"nm":"Transform"}],"nm":"Oval","np":2,"cix":2,"ix":1,"mn":"ADBE Vector Group","hd":false}],"ip":0,"op":150.000006109625,"st":0,"bm":0}],"markers":[]}