{"v":"5.3.4","fr":29.9700012207031,"ip":0,"op":141.000005743048,"w":136,"h":136,"nm":"15_Hand_with_money","ddd":0,"assets":[],"layers":[{"ddd":0,"ind":1,"ty":4,"nm":"Stroke 549","parent":4,"sr":1,"ks":{"o":{"a":1,"k":[{"i":{"x":[0.26],"y":[1]},"o":{"x":[0.167],"y":[0.167]},"n":["0p26_1_0p167_0p167"],"t":105,"s":[100],"e":[0]},{"t":113.000004602584}],"ix":11},"r":{"a":0,"k":0,"ix":10},"p":{"a":0,"k":[0,0,0],"ix":2},"a":{"a":0,"k":[0,0,0],"ix":1},"s":{"a":0,"k":[100,100,100],"ix":6}},"ao":0,"shapes":[{"ty":"gr","it":[{"ind":0,"ty":"sh","ix":1,"ks":{"a":0,"k":{"i":[[0,0],[0,0],[0,0],[0.81,0],[0,0],[0,-0.55],[0,0],[-0.5,-0.21],[0,0],[0,0],[-0.81,0],[-1.41,1.33],[0,0],[0,0.58],[0.66,-0.65],[0,0],[0.51,0.2],[0,0],[0,0],[0,0.42],[-0.55,0],[-0.11,-0.05],[0,0],[0,0],[0,0],[-0.2,0],[0,0.83],[0.55,0.23]],"o":[[0,0],[0,0],[-0.7,-0.29],[0,0],[-0.55,0],[0,0],[0,0.55],[0,0],[0,0],[0.71,0.3],[2.03,0],[0,0],[0.27,-0.27],[0,-1.49],[0,0],[-0.39,0.39],[0,0],[0,0],[-0.36,-0.15],[0,-0.55],[0.13,0],[0,0],[0,0],[0,0],[0.17,0.07],[0.83,0],[0,-0.63],[0,0]],"v":[[2.299,-3.47],[-2.701,-5.54],[-2.711,-5.55],[-5.001,-6],[-11.001,-6],[-12.001,-5],[-12.001,0.52],[-11.081,1.91],[-2.291,5.54],[-2.301,5.54],[-0.001,6],[4.919,3.44],[11.019,-2.64],[11.999,-4.05],[9.639,-5.28],[3.089,1.27],[1.459,1.6],[-3.921,-0.59],[-3.921,-0.59],[-4.541,-1.51],[-3.541,-2.51],[-3.161,-2.44],[-3.161,-2.44],[1.149,-0.7],[1.149,-0.7],[1.719,-0.59],[3.219,-2.09],[2.289,-3.48]],"c":false},"ix":2},"nm":"Path 1","mn":"ADBE Vector Shape - Group","hd":false},{"ty":"st","c":{"a":0,"k":[0.113609999418,0.112988002598,0.1074699983,1],"ix":3},"o":{"a":0,"k":100,"ix":4},"w":{"a":0,"k":1,"ix":5},"lc":2,"lj":2,"nm":"Stroke 1","mn":"ADBE Vector Graphic - Stroke","hd":false},{"ty":"tr","p":{"a":0,"k":[0,0],"ix":2},"a":{"a":0,"k":[0,0],"ix":1},"s":{"a":0,"k":[500,500],"ix":3},"r":{"a":0,"k":0,"ix":6},"o":{"a":0,"k":100,"ix":7},"sk":{"a":0,"k":0,"ix":4},"sa":{"a":0,"k":0,"ix":5},"nm":"Transform"}],"nm":"Stroke 549","np":2,"cix":2,"ix":1,"mn":"ADBE Vector Group","hd":false}],"ip":0,"op":141.000005743048,"st":0,"bm":0},{"ddd":0,"ind":2,"ty":4,"nm":"Fill 548","parent":4,"sr":1,"ks":{"o":{"a":1,"k":[{"i":{"x":[0.26],"y":[1]},"o":{"x":[0.167],"y":[0.167]},"n":["0p26_1_0p167_0p167"],"t":105,"s":[100],"e":[0]},{"t":113.000004602584}],"ix":11},"r":{"a":0,"k":0,"ix":10},"p":{"a":0,"k":[27.329,1.041,0],"ix":2},"a":{"a":0,"k":[0,0,0],"ix":1},"s":{"a":0,"k":[100,100,100],"ix":6}},"ao":0,"shapes":[{"ty":"gr","it":[{"ind":0,"ty":"sh","ix":1,"ks":{"a":0,"k":{"i":[[0,0],[0,0],[0,-0.5],[0.28,-0.28],[0,0],[1.57,-0.3],[-0.37,0],[-1.4,1.33],[0,0],[0,0.57],[0.66,-0.66]],"o":[[0,0],[0.27,0.26],[0,0.57],[0,0],[-1.18,1.12],[0.35,0.07],[2.03,0],[0,0],[0.28,-0.28],[0,-1.5],[0,0]],"v":[[4.175,-5.481],[4.065,-5.371],[4.535,-4.251],[3.545,-2.841],[-2.555,3.229],[-6.535,5.689],[-5.465,5.789],[-0.555,3.229],[5.545,-2.841],[6.535,-4.251],[4.175,-5.481]],"c":false},"ix":2},"nm":"Path 1","mn":"ADBE Vector Shape - Group","hd":false},{"ty":"fl","c":{"a":0,"k":[0.914300024509,0.768181025982,0.52692002058,1],"ix":4},"o":{"a":0,"k":100,"ix":5},"r":1,"nm":"Fill 1","mn":"ADBE Vector Graphic - Fill","hd":false},{"ty":"tr","p":{"a":0,"k":[0,0],"ix":2},"a":{"a":0,"k":[0,0],"ix":1},"s":{"a":0,"k":[500,500],"ix":3},"r":{"a":0,"k":0,"ix":6},"o":{"a":0,"k":100,"ix":7},"sk":{"a":0,"k":0,"ix":4},"sa":{"a":0,"k":0,"ix":5},"nm":"Transform"}],"nm":"Fill 548","np":2,"cix":2,"ix":1,"mn":"ADBE Vector Group","hd":false}],"ip":0,"op":141.000005743048,"st":0,"bm":0},{"ddd":0,"ind":3,"ty":4,"nm":"Fill 547","parent":4,"sr":1,"ks":{"o":{"a":1,"k":[{"i":{"x":[0.26],"y":[1]},"o":{"x":[0.167],"y":[0.167]},"n":["0p26_1_0p167_0p167"],"t":105,"s":[100],"e":[0]},{"t":113.000004602584}],"ix":11},"r":{"a":0,"k":0,"ix":10},"p":{"a":0,"k":[-27.676,-0.002,0],"ix":2},"a":{"a":0,"k":[0,0,0],"ix":1},"s":{"a":0,"k":[100,100,100],"ix":6}},"ao":0,"shapes":[{"ty":"gr","it":[{"ind":0,"ty":"sh","ix":1,"ks":{"a":0,"k":{"i":[[0,0],[0,0],[0,0],[0,0.55],[0,0],[-0.55,0],[0,0],[0,-0.55],[0,0],[-0.5,-0.21],[0,0],[0,0],[-0.82,0],[-0.3,0.06],[0.39,0.16]],"o":[[0,0],[0,0],[-0.5,-0.21],[0,0],[0,-0.55],[0,0],[-0.55,0],[0,0],[0,0.55],[0,0],[0,0],[0.71,0.3],[0.32,0],[-0.43,-0.08],[0,0]],"v":[[5.234,5.54],[5.234,5.54],[-3.546,1.91],[-4.465,0.52],[-4.465,-5],[-3.465,-6],[-5.465,-6],[-6.465,-5],[-6.465,0.52],[-5.546,1.91],[3.234,5.54],[3.234,5.54],[5.535,6],[6.464,5.9],[5.234,5.54]],"c":false},"ix":2},"nm":"Path 1","mn":"ADBE Vector Shape - Group","hd":false},{"ty":"fl","c":{"a":0,"k":[1,0.981198012829,0.857365012169,1],"ix":4},"o":{"a":0,"k":100,"ix":5},"r":1,"nm":"Fill 1","mn":"ADBE Vector Graphic - Fill","hd":false},{"ty":"tr","p":{"a":0,"k":[0,0],"ix":2},"a":{"a":0,"k":[0,0],"ix":1},"s":{"a":0,"k":[500,500],"ix":3},"r":{"a":0,"k":0,"ix":6},"o":{"a":0,"k":100,"ix":7},"sk":{"a":0,"k":0,"ix":4},"sa":{"a":0,"k":0,"ix":5},"nm":"Transform"}],"nm":"Fill 547","np":2,"cix":2,"ix":1,"mn":"ADBE Vector Group","hd":false}],"ip":0,"op":141.000005743048,"st":0,"bm":0},{"ddd":0,"ind":4,"ty":4,"nm":"Fill 546","sr":1,"ks":{"o":{"a":1,"k":[{"i":{"x":[0.26],"y":[1]},"o":{"x":[0.167],"y":[0.167]},"n":["0p26_1_0p167_0p167"],"t":105,"s":[100],"e":[0]},{"t":113.000004602584}],"ix":11},"r":{"a":0,"k":0,"ix":10},"p":{"a":1,"k":[{"i":{"x":0.337,"y":0.897},"o":{"x":0.201,"y":0.076},"n":"0p337_0p897_0p201_0p076","t":0,"s":[68.003,258.801,0],"e":[68.003,79.126,0],"to":[0,-15.5753393173218,0],"ti":[0,23.164737701416,0]},{"i":{"x":0.677,"y":1},"o":{"x":0.154,"y":0.889},"n":"0p677_1_0p154_0p889","t":12,"s":[68.003,79.126,0],"e":[68.003,86.001,0],"to":[0,-1.54136991500854,0],"ti":[0,0,0]},{"i":{"x":0.677,"y":0.677},"o":{"x":0.167,"y":0.167},"n":"0p677_0p677_0p167_0p167","t":30,"s":[68.003,86.001,0],"e":[68.003,86.001,0],"to":[0,0,0],"ti":[0,0,0]},{"i":{"x":0.61,"y":1},"o":{"x":0.17,"y":0},"n":"0p61_1_0p17_0","t":97,"s":[68.003,86.001,0],"e":[68.003,96.801,0],"to":[0,0,0],"ti":[0,0,0]},{"i":{"x":0.679,"y":0.925},"o":{"x":0.343,"y":0},"n":"0p679_0p925_0p343_0","t":104,"s":[68.003,96.801,0],"e":[68.003,57.761,0],"to":[0,0,0],"ti":[0,0,0]},{"i":{"x":0.684,"y":1},"o":{"x":0.349,"y":0.86},"n":"0p684_1_0p349_0p86","t":109,"s":[68.003,57.761,0],"e":[68.003,54.801,0],"to":[0,0,0],"ti":[0,0,0]},{"t":113.000004602584}],"ix":2},"a":{"a":0,"k":[0,0,0],"ix":1},"s":{"a":0,"k":[60,60,100],"ix":6}},"ao":0,"shapes":[{"ty":"gr","it":[{"ind":0,"ty":"sh","ix":1,"ks":{"a":0,"k":{"i":[[0,0],[0,0],[0,0],[0.81,0],[0,0],[0,-0.55],[0,0],[-0.5,-0.21],[0,0],[0,0],[-0.81,0],[-1.41,1.33],[0,0],[0,0.58],[0.66,-0.65],[0,0],[0.51,0.2],[0,0],[0,0],[0,0.42],[-0.55,0],[-0.11,-0.05],[0,0],[0,0],[0,0],[-0.2,0],[0,0.83],[0.55,0.23]],"o":[[0,0],[0,0],[-0.7,-0.29],[0,0],[-0.55,0],[0,0],[0,0.55],[0,0],[0,0],[0.71,0.3],[2.03,0],[0,0],[0.27,-0.27],[0,-1.49],[0,0],[-0.39,0.39],[0,0],[0,0],[-0.36,-0.15],[0,-0.55],[0.13,0],[0,0],[0,0],[0,0],[0.17,0.07],[0.83,0],[0,-0.63],[0,0]],"v":[[2.299,-3.47],[-2.701,-5.54],[-2.711,-5.55],[-5.001,-6],[-11.001,-6],[-12.001,-5],[-12.001,0.52],[-11.081,1.91],[-2.291,5.54],[-2.301,5.54],[-0.001,6],[4.919,3.44],[11.019,-2.64],[11.999,-4.05],[9.639,-5.28],[3.089,1.27],[1.459,1.6],[-3.921,-0.59],[-3.921,-0.59],[-4.541,-1.51],[-3.541,-2.51],[-3.161,-2.44],[-3.161,-2.44],[1.149,-0.7],[1.149,-0.7],[1.719,-0.59],[3.219,-2.09],[2.289,-3.48]],"c":false},"ix":2},"nm":"Path 1","mn":"ADBE Vector Shape - Group","hd":false},{"ty":"fl","c":{"a":0,"k":[0.998941004276,0.90054500103,0.671379983425,1],"ix":4},"o":{"a":0,"k":100,"ix":5},"r":1,"nm":"Fill 1","mn":"ADBE Vector Graphic - Fill","hd":false},{"ty":"tr","p":{"a":0,"k":[0,0],"ix":2},"a":{"a":0,"k":[0,0],"ix":1},"s":{"a":0,"k":[500,500],"ix":3},"r":{"a":0,"k":0,"ix":6},"o":{"a":0,"k":100,"ix":7},"sk":{"a":0,"k":0,"ix":4},"sa":{"a":0,"k":0,"ix":5},"nm":"Transform"}],"nm":"Fill 546","np":2,"cix":2,"ix":1,"mn":"ADBE Vector Group","hd":false}],"ip":0,"op":141.000005743048,"st":0,"bm":0},{"ddd":0,"ind":5,"ty":4,"nm":"Stroke 544","parent":7,"sr":1,"ks":{"o":{"a":0,"k":100,"ix":11},"r":{"a":0,"k":0,"ix":10},"p":{"a":0,"k":[0,21.25,0],"ix":2},"a":{"a":0,"k":[0,0,0],"ix":1},"s":{"a":0,"k":[100,100,100],"ix":6}},"ao":0,"shapes":[{"ty":"gr","it":[{"ind":0,"ty":"sh","ix":1,"ks":{"a":0,"k":{"i":[[0,0],[0,0]],"o":[[0,0],[0,0]],"v":[[0,-0.75],[0,0.75]],"c":false},"ix":2},"nm":"Path 1","mn":"ADBE Vector Shape - Group","hd":false},{"ty":"st","c":{"a":0,"k":[0.113609999418,0.112988002598,0.1074699983,1],"ix":3},"o":{"a":0,"k":100,"ix":4},"w":{"a":0,"k":1,"ix":5},"lc":2,"lj":2,"nm":"Stroke 1","mn":"ADBE Vector Graphic - Stroke","hd":false},{"ty":"tr","p":{"a":0,"k":[0,0],"ix":2},"a":{"a":0,"k":[0,0],"ix":1},"s":{"a":0,"k":[500,500],"ix":3},"r":{"a":0,"k":0,"ix":6},"o":{"a":0,"k":100,"ix":7},"sk":{"a":0,"k":0,"ix":4},"sa":{"a":0,"k":0,"ix":5},"nm":"Transform"}],"nm":"Stroke 544","np":2,"cix":2,"ix":1,"mn":"ADBE Vector Group","hd":false},{"ty":"tm","s":{"a":1,"k":[{"i":{"x":[0.27],"y":[1]},"o":{"x":[0.167],"y":[0.167]},"n":["0p27_1_0p167_0p167"],"t":95,"s":[0],"e":[100]},{"t":99.0000040323527}],"ix":1},"e":{"a":1,"k":[{"i":{"x":[0.27],"y":[1]},"o":{"x":[0.167],"y":[0.167]},"n":["0p27_1_0p167_0p167"],"t":9,"s":[0],"e":[100]},{"t":25.0000010182709}],"ix":2},"o":{"a":0,"k":0,"ix":3},"m":1,"ix":2,"nm":"Trim Paths 1","mn":"ADBE Vector Filter - Trim","hd":false}],"ip":9.00000036657752,"op":141.000005743048,"st":9.00000036657752,"bm":0},{"ddd":0,"ind":6,"ty":4,"nm":"Stroke 543","parent":7,"sr":1,"ks":{"o":{"a":0,"k":100,"ix":11},"r":{"a":0,"k":0,"ix":10},"p":{"a":0,"k":[0,-21.25,0],"ix":2},"a":{"a":0,"k":[0,0,0],"ix":1},"s":{"a":0,"k":[100,100,100],"ix":6}},"ao":0,"shapes":[{"ty":"gr","it":[{"ind":0,"ty":"sh","ix":1,"ks":{"a":0,"k":{"i":[[0,0],[0,0]],"o":[[0,0],[0,0]],"v":[[0,0.75],[0,-0.75]],"c":false},"ix":2},"nm":"Path 1","mn":"ADBE Vector Shape - Group","hd":false},{"ty":"st","c":{"a":0,"k":[0.113609999418,0.112988002598,0.1074699983,1],"ix":3},"o":{"a":0,"k":100,"ix":4},"w":{"a":0,"k":1,"ix":5},"lc":2,"lj":2,"nm":"Stroke 1","mn":"ADBE Vector Graphic - Stroke","hd":false},{"ty":"tr","p":{"a":0,"k":[0,0],"ix":2},"a":{"a":0,"k":[0,0],"ix":1},"s":{"a":0,"k":[500,500],"ix":3},"r":{"a":0,"k":0,"ix":6},"o":{"a":0,"k":100,"ix":7},"sk":{"a":0,"k":0,"ix":4},"sa":{"a":0,"k":0,"ix":5},"nm":"Transform"}],"nm":"Stroke 543","np":2,"cix":2,"ix":1,"mn":"ADBE Vector Group","hd":false},{"ty":"tm","s":{"a":1,"k":[{"i":{"x":[0.27],"y":[1]},"o":{"x":[0.167],"y":[0.167]},"n":["0p27_1_0p167_0p167"],"t":95,"s":[0],"e":[100]},{"t":99.0000040323527}],"ix":1},"e":{"a":1,"k":[{"i":{"x":[0.27],"y":[1]},"o":{"x":[0.167],"y":[0.167]},"n":["0p27_1_0p167_0p167"],"t":9,"s":[0],"e":[100]},{"t":25.0000010182709}],"ix":2},"o":{"a":0,"k":0,"ix":3},"m":1,"ix":2,"nm":"Trim Paths 1","mn":"ADBE Vector Filter - Trim","hd":false}],"ip":9.00000036657752,"op":141.000005743048,"st":9.00000036657752,"bm":0},{"ddd":0,"ind":7,"ty":4,"nm":"Stroke 545","sr":1,"ks":{"o":{"a":0,"k":100,"ix":11},"r":{"a":0,"k":0,"ix":10},"p":{"a":1,"k":[{"i":{"x":0.334,"y":0.899},"o":{"x":0.199,"y":0.077},"n":"0p334_0p899_0p199_0p077","t":9,"s":[68.006,84.8,0],"e":[68.006,37.563,0],"to":[0,-5.77128076553345,0],"ti":[0,8.43347454071045,0]},{"i":{"x":0.637,"y":0.727},"o":{"x":0.305,"y":0.238},"n":"0p637_0p727_0p305_0p238","t":18,"s":[68.006,37.563,0],"e":[68.006,50.793,0],"to":[0,-0.52536559104919,0],"ti":[1.4210854715202e-14,-2.95777606964111,0]},{"i":{"x":0.65,"y":1},"o":{"x":0.317,"y":0.514},"n":"0p65_1_0p317_0p514","t":31,"s":[68.006,50.793,0],"e":[68.006,47,0],"to":[0,1.39196145534515,0],"ti":[0,0,0]},{"i":{"x":0.26,"y":0.26},"o":{"x":0.167,"y":0.167},"n":"0p26_0p26_0p167_0p167","t":40,"s":[68.006,47,0],"e":[68.006,47,0],"to":[0,0,0],"ti":[0,0,0]},{"i":{"x":0.377,"y":0.489},"o":{"x":0.289,"y":0},"n":"0p377_0p489_0p289_0","t":80,"s":[68.006,47,0],"e":[68.006,32.043,0],"to":[0,0,0],"ti":[0,0,0]},{"i":{"x":0.596,"y":1},"o":{"x":0.248,"y":1},"n":"0p596_1_0p248_1","t":87,"s":[68.006,32.043,0],"e":[68.006,29,0],"to":[0,0,0],"ti":[0,0,0]},{"i":{"x":0.566,"y":0.681},"o":{"x":0.186,"y":0},"n":"0p566_0p681_0p186_0","t":94,"s":[68.006,29,0],"e":[68.006,102.421,0],"to":[0,0,0],"ti":[0,0,0]},{"i":{"x":0.665,"y":1},"o":{"x":0.073,"y":1},"n":"0p665_1_0p073_1","t":101,"s":[68.006,102.421,0],"e":[68.006,96.8,0],"to":[0,0,0],"ti":[0,0,0]},{"t":111.000004521123}],"ix":2},"a":{"a":0,"k":[0,0,0],"ix":1},"s":{"a":0,"k":[60,60,100],"ix":6}},"ao":0,"shapes":[{"ty":"gr","it":[{"ind":0,"ty":"sh","ix":1,"ks":{"a":0,"k":{"i":[[0,0],[-0.97,0],[0,0],[0,0.97],[0.96,0],[0,0],[0,0.97],[-0.97,0],[0,0],[0,-0.97]],"o":[[0,0.97],[0,0],[0.96,0],[0,-0.97],[0,0],[-0.97,0],[0,-0.97],[0,0],[0.96,0],[0,0]],"v":[[-2.188,1.75],[-0.438,3.5],[0.443,3.5],[2.193,1.75],[0.443,0],[-0.438,0],[-2.188,-1.75],[-0.438,-3.5],[0.443,-3.5],[2.193,-1.75]],"c":false},"ix":2},"nm":"Path 1","mn":"ADBE Vector Shape - Group","hd":false},{"ty":"st","c":{"a":0,"k":[0.113609999418,0.112988002598,0.1074699983,1],"ix":3},"o":{"a":0,"k":100,"ix":4},"w":{"a":0,"k":1,"ix":5},"lc":2,"lj":2,"nm":"Stroke 1","mn":"ADBE Vector Graphic - Stroke","hd":false},{"ty":"tr","p":{"a":0,"k":[0,0],"ix":2},"a":{"a":0,"k":[0,0],"ix":1},"s":{"a":0,"k":[500,500],"ix":3},"r":{"a":0,"k":0,"ix":6},"o":{"a":0,"k":100,"ix":7},"sk":{"a":0,"k":0,"ix":4},"sa":{"a":0,"k":0,"ix":5},"nm":"Transform"}],"nm":"Stroke 545","np":2,"cix":2,"ix":1,"mn":"ADBE Vector Group","hd":false},{"ty":"tm","s":{"a":1,"k":[{"i":{"x":[0.27],"y":[1]},"o":{"x":[0.167],"y":[0.167]},"n":["0p27_1_0p167_0p167"],"t":95,"s":[0],"e":[100]},{"t":99.0000040323527}],"ix":1},"e":{"a":1,"k":[{"i":{"x":[0.27],"y":[1]},"o":{"x":[0.167],"y":[0.167]},"n":["0p27_1_0p167_0p167"],"t":9,"s":[0],"e":[100]},{"t":25.0000010182709}],"ix":2},"o":{"a":0,"k":0,"ix":3},"m":1,"ix":2,"nm":"Trim Paths 1","mn":"ADBE Vector Filter - Trim","hd":false}],"ip":9.00000036657752,"op":141.000005743048,"st":9.00000036657752,"bm":0}],"markers":[]}