{"v":"5.3.4","fr":29.9700012207031,"ip":0,"op":120.0000048877,"w":136,"h":136,"nm":"21_GBP2","ddd":0,"assets":[],"layers":[{"ddd":0,"ind":1,"ty":4,"nm":"Stroke 310","parent":7,"sr":1,"ks":{"o":{"a":0,"k":100,"ix":11},"r":{"a":0,"k":0,"ix":10},"p":{"a":0,"k":[-2.5,15,0],"ix":2},"a":{"a":0,"k":[0,0,0],"ix":1},"s":{"a":0,"k":[100,100,100],"ix":6}},"ao":0,"shapes":[{"ty":"gr","it":[{"ind":0,"ty":"sh","ix":1,"ks":{"a":0,"k":{"i":[[0,0],[0,0],[0,0]],"o":[[0,0],[0,0],[0,0]],"v":[[3,-1],[3,1],[-3,1]],"c":false},"ix":2},"nm":"Path 1","mn":"ADBE Vector Shape - Group","hd":false},{"ty":"st","c":{"a":0,"k":[0.113609999418,0.112988002598,0.1074699983,1],"ix":3},"o":{"a":0,"k":100,"ix":4},"w":{"a":0,"k":1,"ix":5},"lc":2,"lj":2,"nm":"Stroke 1","mn":"ADBE Vector Graphic - Stroke","hd":false},{"ty":"tr","p":{"a":0,"k":[0,0],"ix":2},"a":{"a":0,"k":[0,0],"ix":1},"s":{"a":0,"k":[500,500],"ix":3},"r":{"a":0,"k":0,"ix":6},"o":{"a":0,"k":100,"ix":7},"sk":{"a":0,"k":0,"ix":4},"sa":{"a":0,"k":0,"ix":5},"nm":"Transform"}],"nm":"Stroke 310","np":2,"cix":2,"ix":1,"mn":"ADBE Vector Group","hd":false},{"ty":"tm","s":{"a":1,"k":[{"i":{"x":[0.833],"y":[0.833]},"o":{"x":[0.167],"y":[0.167]},"n":["0p833_0p833_0p167_0p167"],"t":80,"s":[0],"e":[100]},{"t":90.0000036657751}],"ix":1},"e":{"a":1,"k":[{"i":{"x":[0.301],"y":[0.943]},"o":{"x":[0.188],"y":[0.064]},"n":["0p301_0p943_0p188_0p064"],"t":5,"s":[0],"e":[97.731]},{"i":{"x":[0.637],"y":[1]},"o":{"x":[0.304],"y":[1.507]},"n":["0p637_1_0p304_1p507"],"t":15,"s":[97.731],"e":[100]},{"t":29.0000011811942}],"ix":2},"o":{"a":0,"k":0,"ix":3},"m":1,"ix":2,"nm":"Trim Paths 1","mn":"ADBE Vector Filter - Trim","hd":false}],"ip":5.00000020365417,"op":120.0000048877,"st":0,"bm":0},{"ddd":0,"ind":2,"ty":4,"nm":"Stroke 309","parent":7,"sr":1,"ks":{"o":{"a":0,"k":100,"ix":11},"r":{"a":0,"k":0,"ix":10},"p":{"a":0,"k":[-7.5,0,0],"ix":2},"a":{"a":0,"k":[0,0,0],"ix":1},"s":{"a":0,"k":[100,100,100],"ix":6}},"ao":0,"shapes":[{"ty":"gr","it":[{"ind":0,"ty":"sh","ix":1,"ks":{"a":0,"k":{"i":[[0,0],[0,0]],"o":[[0,0],[0,0]],"v":[[-2,0],[2,0]],"c":false},"ix":2},"nm":"Path 1","mn":"ADBE Vector Shape - Group","hd":false},{"ty":"st","c":{"a":0,"k":[0.113609999418,0.112988002598,0.1074699983,1],"ix":3},"o":{"a":0,"k":100,"ix":4},"w":{"a":0,"k":1,"ix":5},"lc":2,"lj":2,"nm":"Stroke 1","mn":"ADBE Vector Graphic - Stroke","hd":false},{"ty":"tr","p":{"a":0,"k":[0,0],"ix":2},"a":{"a":0,"k":[0,0],"ix":1},"s":{"a":0,"k":[500,500],"ix":3},"r":{"a":0,"k":0,"ix":6},"o":{"a":0,"k":100,"ix":7},"sk":{"a":0,"k":0,"ix":4},"sa":{"a":0,"k":0,"ix":5},"nm":"Transform"}],"nm":"Stroke 309","np":2,"cix":2,"ix":1,"mn":"ADBE Vector Group","hd":false},{"ty":"tm","s":{"a":1,"k":[{"i":{"x":[0.833],"y":[0.833]},"o":{"x":[0.167],"y":[0.167]},"n":["0p833_0p833_0p167_0p167"],"t":80,"s":[0],"e":[100]},{"t":84.0000034213901}],"ix":1},"e":{"a":1,"k":[{"i":{"x":[0.301],"y":[0.908]},"o":{"x":[0.188],"y":[0.103]},"n":["0p301_0p908_0p188_0p103"],"t":5,"s":[0],"e":[97.731]},{"i":{"x":[0.637],"y":[1]},"o":{"x":[0.304],"y":[1.507]},"n":["0p637_1_0p304_1p507"],"t":21,"s":[97.731],"e":[100]},{"t":35.0000014255792}],"ix":2},"o":{"a":0,"k":0,"ix":3},"m":1,"ix":2,"nm":"Trim Paths 1","mn":"ADBE Vector Filter - Trim","hd":false}],"ip":5.00000020365417,"op":120.0000048877,"st":0,"bm":0},{"ddd":0,"ind":3,"ty":4,"nm":"Stroke 308","parent":7,"sr":1,"ks":{"o":{"a":0,"k":100,"ix":11},"r":{"a":0,"k":0,"ix":10},"p":{"a":0,"k":[0,-2.5,0],"ix":2},"a":{"a":0,"k":[0,0,0],"ix":1},"s":{"a":0,"k":[100,100,100],"ix":6}},"ao":0,"shapes":[{"ty":"gr","it":[{"ind":0,"ty":"sh","ix":1,"ks":{"a":0,"k":{"i":[[0,0],[0,0],[-1.38,0],[0,-1.38]],"o":[[0,0],[0,-1.38],[1.38,0],[0,0]],"v":[[-2.5,4.5],[-2.5,-2],[0,-4.5],[2.5,-2]],"c":false},"ix":2},"nm":"Path 1","mn":"ADBE Vector Shape - Group","hd":false},{"ty":"st","c":{"a":0,"k":[0.113609999418,0.112988002598,0.1074699983,1],"ix":3},"o":{"a":0,"k":100,"ix":4},"w":{"a":0,"k":1,"ix":5},"lc":2,"lj":2,"nm":"Stroke 1","mn":"ADBE Vector Graphic - Stroke","hd":false},{"ty":"tr","p":{"a":0,"k":[0,0],"ix":2},"a":{"a":0,"k":[0,0],"ix":1},"s":{"a":0,"k":[500,500],"ix":3},"r":{"a":0,"k":0,"ix":6},"o":{"a":0,"k":100,"ix":7},"sk":{"a":0,"k":0,"ix":4},"sa":{"a":0,"k":0,"ix":5},"nm":"Transform"}],"nm":"Stroke 308","np":2,"cix":2,"ix":1,"mn":"ADBE Vector Group","hd":false},{"ty":"tm","s":{"a":1,"k":[{"i":{"x":[0.833],"y":[0.833]},"o":{"x":[0.167],"y":[0.167]},"n":["0p833_0p833_0p167_0p167"],"t":80,"s":[0],"e":[100]},{"t":88.0000035843135}],"ix":1},"e":{"a":1,"k":[{"i":{"x":[0.301],"y":[0.92]},"o":{"x":[0.188],"y":[0.09]},"n":["0p301_0p92_0p188_0p09"],"t":5,"s":[0],"e":[97.731]},{"i":{"x":[0.637],"y":[1]},"o":{"x":[0.304],"y":[1.507]},"n":["0p637_1_0p304_1p507"],"t":19,"s":[97.731],"e":[100]},{"t":33.0000013441176}],"ix":2},"o":{"a":0,"k":0,"ix":3},"m":1,"ix":2,"nm":"Trim Paths 1","mn":"ADBE Vector Filter - Trim","hd":false}],"ip":5.00000020365417,"op":120.0000048877,"st":0,"bm":0},{"ddd":0,"ind":4,"ty":4,"nm":"Stroke 300","sr":1,"ks":{"o":{"a":1,"k":[{"i":{"x":[0.833],"y":[0.833]},"o":{"x":[0.167],"y":[0.167]},"n":["0p833_0p833_0p167_0p167"],"t":83,"s":[100],"e":[0]},{"t":92.0000037472368}],"ix":11},"r":{"a":0,"k":0,"ix":10},"p":{"a":0,"k":[68,68,0],"ix":2},"a":{"a":0,"k":[0,0,0],"ix":1},"s":{"a":1,"k":[{"i":{"x":[0.348,0.348,0.348],"y":[0.889,0.889,-10.398]},"o":{"x":[0.211,0.211,0.211],"y":[0.069,0.069,7.049]},"n":["0p348_0p889_0p211_0p069","0p348_0p889_0p211_0p069","0p348_-10p398_0p211_7p049"],"t":4,"s":[0,0,100],"e":[61.495,61.495,100]},{"i":{"x":[0.604,0.604,0.604],"y":[1,1,1]},"o":{"x":[0.275,0.275,0.275],"y":[-3.863,-3.863,9.625]},"n":["0p604_1_0p275_-3p863","0p604_1_0p275_-3p863","0p604_1_0p275_9p625"],"t":14,"s":[61.495,61.495,100],"e":[60,60,100]},{"i":{"x":[0.26,0.26,0.26],"y":[1,1,1]},"o":{"x":[0.167,0.167,0.167],"y":[0,0,0]},"n":["0p26_1_0p167_0","0p26_1_0p167_0","0p26_1_0p167_0"],"t":34,"s":[60,60,100],"e":[60,60,100]},{"i":{"x":[0.372,0.372,0.372],"y":[0.81,0.81,0.877]},"o":{"x":[0.223,0.223,0.223],"y":[0,0,0]},"n":["0p372_0p81_0p223_0","0p372_0p81_0p223_0","0p372_0p877_0p223_0"],"t":83,"s":[60,60,100],"e":[97.821,97.821,100]},{"i":{"x":[0.587,0.587,0.587],"y":[1,1,1]},"o":{"x":[0.262,0.262,0.262],"y":[-3.675,-3.675,0.077]},"n":["0p587_1_0p262_-3p675","0p587_1_0p262_-3p675","0p587_1_0p262_0p077"],"t":95,"s":[97.821,97.821,100],"e":[96.6,96.6,100]},{"t":113.000004602584}],"ix":6}},"ao":0,"shapes":[{"ty":"gr","it":[{"ind":0,"ty":"sh","ix":1,"ks":{"a":0,"k":{"i":[[0,-6.63],[6.63,0],[0,6.63],[-6.63,0]],"o":[[0,6.63],[-6.63,0],[0,-6.63],[6.63,0]],"v":[[12,0],[0,12],[-12,0],[0,-12]],"c":true},"ix":2},"nm":"Path 1","mn":"ADBE Vector Shape - Group","hd":false},{"ty":"st","c":{"a":0,"k":[0.113609999418,0.112988002598,0.1074699983,1],"ix":3},"o":{"a":0,"k":100,"ix":4},"w":{"a":0,"k":1,"ix":5},"lc":2,"lj":2,"nm":"Stroke 1","mn":"ADBE Vector Graphic - Stroke","hd":false},{"ty":"tr","p":{"a":0,"k":[0,0],"ix":2},"a":{"a":0,"k":[0,0],"ix":1},"s":{"a":0,"k":[500,500],"ix":3},"r":{"a":0,"k":0,"ix":6},"o":{"a":0,"k":100,"ix":7},"sk":{"a":0,"k":0,"ix":4},"sa":{"a":0,"k":0,"ix":5},"nm":"Transform"}],"nm":"Stroke 300","np":2,"cix":2,"ix":1,"mn":"ADBE Vector Group","hd":false}],"ip":0,"op":120.0000048877,"st":0,"bm":0},{"ddd":0,"ind":5,"ty":4,"nm":"Fill 154","parent":7,"sr":1,"ks":{"o":{"a":1,"k":[{"i":{"x":[0.833],"y":[0.833]},"o":{"x":[0.167],"y":[0.167]},"n":["0p833_0p833_0p167_0p167"],"t":80,"s":[100],"e":[0]},{"t":89.0000036250443}],"ix":11},"r":{"a":0,"k":0,"ix":10},"p":{"a":0,"k":[-27.5,0,0],"ix":2},"a":{"a":0,"k":[0,0,0],"ix":1},"s":{"a":0,"k":[100,100,100],"ix":6}},"ao":0,"shapes":[{"ty":"gr","it":[{"ind":0,"ty":"sh","ix":1,"ks":{"a":0,"k":{"i":[[0,0],[-0.33,-0.03],[0,-6.29],[-6.16,-0.51],[0.34,0],[0,6.63],[-6.63,0]],"o":[[0.34,0],[-6.16,0.51],[0,6.29],[-0.33,0.03],[-6.63,0],[0,-6.63],[0,0]],"v":[[5.5,-12],[6.5,-11.95],[-4.5,0],[6.5,11.95],[5.5,12],[-6.5,0],[5.5,-12]],"c":false},"ix":2},"nm":"Path 1","mn":"ADBE Vector Shape - Group","hd":false},{"ty":"fl","c":{"a":0,"k":[0.923925995827,0.92388099432,0.923385977745,1],"ix":4},"o":{"a":0,"k":100,"ix":5},"r":1,"nm":"Fill 1","mn":"ADBE Vector Graphic - Fill","hd":false},{"ty":"tr","p":{"a":0,"k":[0,0],"ix":2},"a":{"a":0,"k":[0,0],"ix":1},"s":{"a":0,"k":[500,500],"ix":3},"r":{"a":0,"k":0,"ix":6},"o":{"a":0,"k":100,"ix":7},"sk":{"a":0,"k":0,"ix":4},"sa":{"a":0,"k":0,"ix":5},"nm":"Transform"}],"nm":"Fill 154","np":2,"cix":2,"ix":1,"mn":"ADBE Vector Group","hd":false}],"ip":0,"op":120.0000048877,"st":0,"bm":0},{"ddd":0,"ind":6,"ty":4,"nm":"Fill 153","parent":7,"sr":1,"ks":{"o":{"a":1,"k":[{"i":{"x":[0.833],"y":[0.833]},"o":{"x":[0.167],"y":[0.167]},"n":["0p833_0p833_0p167_0p167"],"t":80,"s":[100],"e":[0]},{"t":89.0000036250443}],"ix":11},"r":{"a":0,"k":0,"ix":10},"p":{"a":0,"k":[27.5,0,0],"ix":2},"a":{"a":0,"k":[0,0,0],"ix":1},"s":{"a":0,"k":[100,100,100],"ix":6}},"ao":0,"shapes":[{"ty":"gr","it":[{"ind":0,"ty":"sh","ix":1,"ks":{"a":0,"k":{"i":[[0,0],[0.33,-0.03],[0,-6.29],[6.16,-0.51],[-0.34,0],[0,6.63],[6.63,0]],"o":[[-0.34,0],[6.16,0.51],[0,6.29],[0.33,0.03],[6.63,0],[0,-6.63],[0,0]],"v":[[-5.5,-12],[-6.5,-11.95],[4.5,0],[-6.5,11.95],[-5.5,12],[6.5,0],[-5.5,-12]],"c":false},"ix":2},"nm":"Path 1","mn":"ADBE Vector Shape - Group","hd":false},{"ty":"fl","c":{"a":0,"k":[0.613213002682,0.612538993359,0.610786020756,1],"ix":4},"o":{"a":0,"k":100,"ix":5},"r":1,"nm":"Fill 1","mn":"ADBE Vector Graphic - Fill","hd":false},{"ty":"tr","p":{"a":0,"k":[0,0],"ix":2},"a":{"a":0,"k":[0,0],"ix":1},"s":{"a":0,"k":[500,500],"ix":3},"r":{"a":0,"k":0,"ix":6},"o":{"a":0,"k":100,"ix":7},"sk":{"a":0,"k":0,"ix":4},"sa":{"a":0,"k":0,"ix":5},"nm":"Transform"}],"nm":"Fill 153","np":2,"cix":2,"ix":1,"mn":"ADBE Vector Group","hd":false}],"ip":0,"op":120.0000048877,"st":0,"bm":0},{"ddd":0,"ind":7,"ty":4,"nm":"Fill 150","sr":1,"ks":{"o":{"a":1,"k":[{"i":{"x":[0.833],"y":[0.833]},"o":{"x":[0.167],"y":[0.167]},"n":["0p833_0p833_0p167_0p167"],"t":80,"s":[100],"e":[0]},{"t":89.0000036250443}],"ix":11},"r":{"a":0,"k":0,"ix":10},"p":{"a":0,"k":[68,68,0],"ix":2},"a":{"a":0,"k":[0,0,0],"ix":1},"s":{"a":1,"k":[{"i":{"x":[0.348,0.348,0.348],"y":[0.889,0.889,-10.398]},"o":{"x":[0.211,0.211,0.211],"y":[0.069,0.069,7.049]},"n":["0p348_0p889_0p211_0p069","0p348_0p889_0p211_0p069","0p348_-10p398_0p211_7p049"],"t":0,"s":[0,0,100],"e":[61.495,61.495,100]},{"i":{"x":[0.604,0.604,0.604],"y":[1,1,1]},"o":{"x":[0.275,0.275,0.275],"y":[-3.863,-3.863,9.625]},"n":["0p604_1_0p275_-3p863","0p604_1_0p275_-3p863","0p604_1_0p275_9p625"],"t":10,"s":[61.495,61.495,100],"e":[60,60,100]},{"i":{"x":[0.26,0.26,0.26],"y":[1,1,1]},"o":{"x":[0.167,0.167,0.167],"y":[0,0,0]},"n":["0p26_1_0p167_0","0p26_1_0p167_0","0p26_1_0p167_0"],"t":30,"s":[60,60,100],"e":[60,60,100]},{"i":{"x":[0.372,0.372,0.372],"y":[0.81,0.81,0.877]},"o":{"x":[0.223,0.223,0.223],"y":[0,0,0]},"n":["0p372_0p81_0p223_0","0p372_0p81_0p223_0","0p372_0p877_0p223_0"],"t":80,"s":[60,60,100],"e":[97.821,97.821,100]},{"i":{"x":[0.587,0.587,0.587],"y":[1,1,1]},"o":{"x":[0.262,0.262,0.262],"y":[-3.675,-3.675,0.077]},"n":["0p587_1_0p262_-3p675","0p587_1_0p262_-3p675","0p587_1_0p262_0p077"],"t":92,"s":[97.821,97.821,100],"e":[96.6,96.6,100]},{"t":110.000004480392}],"ix":6}},"ao":0,"shapes":[{"ty":"gr","it":[{"ind":0,"ty":"sh","ix":1,"ks":{"a":0,"k":{"i":[[0,0],[6.63,0],[0,6.63],[-6.63,0],[0,-6.63]],"o":[[0,6.63],[-6.63,0],[0,-6.63],[6.63,0],[0,0]],"v":[[12,0],[0,12],[-12,0],[0,-12],[12,0]],"c":false},"ix":2},"nm":"Path 1","mn":"ADBE Vector Shape - Group","hd":false},{"ty":"fl","c":{"a":0,"k":[0.77443999052,0.774047017097,0.772961974144,1],"ix":4},"o":{"a":0,"k":100,"ix":5},"r":1,"nm":"Fill 1","mn":"ADBE Vector Graphic - Fill","hd":false},{"ty":"tr","p":{"a":0,"k":[0,0],"ix":2},"a":{"a":0,"k":[0,0],"ix":1},"s":{"a":0,"k":[500,500],"ix":3},"r":{"a":0,"k":0,"ix":6},"o":{"a":0,"k":100,"ix":7},"sk":{"a":0,"k":0,"ix":4},"sa":{"a":0,"k":0,"ix":5},"nm":"Transform"}],"nm":"Fill 150","np":2,"cix":2,"ix":1,"mn":"ADBE Vector Group","hd":false}],"ip":0,"op":120.0000048877,"st":0,"bm":0}],"markers":[]}