{"v":"5.3.4","fr":29.9700012207031,"ip":0,"op":141.000005743048,"w":136,"h":136,"nm":"22_USD1","ddd":0,"assets":[],"layers":[{"ddd":0,"ind":1,"ty":4,"nm":"Stroke 239","parent":7,"sr":1,"ks":{"o":{"a":0,"k":100,"ix":11},"r":{"a":0,"k":0,"ix":10},"p":{"a":1,"k":[{"i":{"x":0.446,"y":0.883},"o":{"x":0.251,"y":0.084},"n":"0p446_0p883_0p251_0p084","t":5,"s":[185,21.25,0],"e":[19.21,21.25,0],"to":[-20.8498573303223,0,0],"ti":[43.0934410095215,0,0]},{"i":{"x":0.603,"y":1},"o":{"x":0.234,"y":1},"n":"0p603_1_0p234_1","t":14,"s":[19.21,21.25,0],"e":[0,21.25,0],"to":[-11.071084022522,0,0],"ti":[0.94573897123337,0,0]},{"t":35.0000014255792}],"ix":2},"a":{"a":0,"k":[0,0,0],"ix":1},"s":{"a":0,"k":[100,100,100],"ix":6}},"ao":0,"shapes":[{"ty":"gr","it":[{"ind":0,"ty":"sh","ix":1,"ks":{"a":0,"k":{"i":[[0,0],[0,0]],"o":[[0,0],[0,0]],"v":[[0,-0.75],[0,0.75]],"c":false},"ix":2},"nm":"Path 1","mn":"ADBE Vector Shape - Group","hd":false},{"ty":"st","c":{"a":0,"k":[0.113609999418,0.112988002598,0.1074699983,1],"ix":3},"o":{"a":0,"k":100,"ix":4},"w":{"a":0,"k":1,"ix":5},"lc":2,"lj":2,"nm":"Stroke 1","mn":"ADBE Vector Graphic - Stroke","hd":false},{"ty":"tr","p":{"a":0,"k":[0,0],"ix":2},"a":{"a":0,"k":[0,0],"ix":1},"s":{"a":0,"k":[500,500],"ix":3},"r":{"a":0,"k":0,"ix":6},"o":{"a":0,"k":100,"ix":7},"sk":{"a":0,"k":0,"ix":4},"sa":{"a":0,"k":0,"ix":5},"nm":"Transform"}],"nm":"Stroke 239","np":2,"cix":2,"ix":1,"mn":"ADBE Vector Group","hd":false},{"ty":"tm","s":{"a":0,"k":0,"ix":1},"e":{"a":1,"k":[{"i":{"x":[0.35],"y":[1]},"o":{"x":[0.167],"y":[0.167]},"n":["0p35_1_0p167_0p167"],"t":13,"s":[0],"e":[100]},{"t":33.0000013441176}],"ix":2},"o":{"a":0,"k":0,"ix":3},"m":1,"ix":2,"nm":"Trim Paths 1","mn":"ADBE Vector Filter - Trim","hd":false}],"ip":0,"op":141.000005743048,"st":0,"bm":0},{"ddd":0,"ind":2,"ty":4,"nm":"Stroke 238","parent":7,"sr":1,"ks":{"o":{"a":0,"k":100,"ix":11},"r":{"a":0,"k":0,"ix":10},"p":{"a":1,"k":[{"i":{"x":0.446,"y":0.773},"o":{"x":0.251,"y":0.143},"n":"0p446_0p773_0p251_0p143","t":3,"s":[-396,-21.25,0],"e":[-42.085,-21.25,0],"to":[39.8976097106934,0,0],"ti":[-93.7521743774414,0,0]},{"i":{"x":0.603,"y":1},"o":{"x":0.276,"y":0.728},"n":"0p603_1_0p276_0p728","t":20,"s":[-42.085,-21.25,0],"e":[0,-21.25,0],"to":[24.415620803833,0,0],"ti":[-1.83448731899261,0,0]},{"t":33.0000013441176}],"ix":2},"a":{"a":0,"k":[0,0,0],"ix":1},"s":{"a":0,"k":[100,100,100],"ix":6}},"ao":0,"shapes":[{"ty":"gr","it":[{"ind":0,"ty":"sh","ix":1,"ks":{"a":0,"k":{"i":[[0,0],[0,0]],"o":[[0,0],[0,0]],"v":[[0,0.75],[0,-0.75]],"c":false},"ix":2},"nm":"Path 1","mn":"ADBE Vector Shape - Group","hd":false},{"ty":"st","c":{"a":0,"k":[0.113609999418,0.112988002598,0.1074699983,1],"ix":3},"o":{"a":0,"k":100,"ix":4},"w":{"a":0,"k":1,"ix":5},"lc":2,"lj":2,"nm":"Stroke 1","mn":"ADBE Vector Graphic - Stroke","hd":false},{"ty":"tr","p":{"a":0,"k":[0,0],"ix":2},"a":{"a":0,"k":[0,0],"ix":1},"s":{"a":0,"k":[500,500],"ix":3},"r":{"a":0,"k":0,"ix":6},"o":{"a":0,"k":100,"ix":7},"sk":{"a":0,"k":0,"ix":4},"sa":{"a":0,"k":0,"ix":5},"nm":"Transform"}],"nm":"Stroke 238","np":2,"cix":2,"ix":1,"mn":"ADBE Vector Group","hd":false},{"ty":"tm","s":{"a":0,"k":0,"ix":1},"e":{"a":1,"k":[{"i":{"x":[0.35],"y":[1]},"o":{"x":[0.167],"y":[0.167]},"n":["0p35_1_0p167_0p167"],"t":7,"s":[0],"e":[100]},{"t":27.0000010997325}],"ix":2},"o":{"a":0,"k":0,"ix":3},"m":1,"ix":2,"nm":"Trim Paths 1","mn":"ADBE Vector Filter - Trim","hd":false}],"ip":0,"op":141.000005743048,"st":0,"bm":0},{"ddd":0,"ind":3,"ty":4,"nm":"Stroke 237","parent":7,"sr":1,"ks":{"o":{"a":0,"k":100,"ix":11},"r":{"a":0,"k":0,"ix":10},"p":{"a":1,"k":[{"i":{"x":0.446,"y":0.796},"o":{"x":0.251,"y":0.072},"n":"0p446_0p796_0p251_0p072","t":0,"s":[475,0,0],"e":[14.189,0,0],"to":[-36.5213356018066,0,0],"ti":[152.751480102539,0,0]},{"i":{"x":0.603,"y":1},"o":{"x":0.121,"y":1},"n":"0p603_1_0p121_1","t":12,"s":[14.189,0,0],"e":[0,0,0],"to":[-41.5822372436523,0,0],"ti":[1.75531697273254,0,0]},{"t":30.0000012219251}],"ix":2},"a":{"a":0,"k":[0,0,0],"ix":1},"s":{"a":0,"k":[100,100,100],"ix":6}},"ao":0,"shapes":[{"ty":"gr","it":[{"ind":0,"ty":"sh","ix":1,"ks":{"a":0,"k":{"i":[[0,0],[-0.97,0],[0,0],[0,0.97],[0.96,0],[0,0],[0,0.97],[-0.97,0],[0,0],[0,-0.97]],"o":[[0,0.97],[0,0],[0.96,0],[0,-0.97],[0,0],[-0.97,0],[0,-0.97],[0,0],[0.96,0],[0,0]],"v":[[-2.188,1.75],[-0.438,3.5],[0.443,3.5],[2.193,1.75],[0.443,0],[-0.438,0],[-2.188,-1.75],[-0.438,-3.5],[0.443,-3.5],[2.193,-1.75]],"c":false},"ix":2},"nm":"Path 1","mn":"ADBE Vector Shape - Group","hd":false},{"ty":"st","c":{"a":0,"k":[0.113609999418,0.112988002598,0.1074699983,1],"ix":3},"o":{"a":0,"k":100,"ix":4},"w":{"a":0,"k":1,"ix":5},"lc":2,"lj":2,"nm":"Stroke 1","mn":"ADBE Vector Graphic - Stroke","hd":false},{"ty":"tr","p":{"a":0,"k":[0,0],"ix":2},"a":{"a":0,"k":[0,0],"ix":1},"s":{"a":0,"k":[500,500],"ix":3},"r":{"a":0,"k":0,"ix":6},"o":{"a":0,"k":100,"ix":7},"sk":{"a":0,"k":0,"ix":4},"sa":{"a":0,"k":0,"ix":5},"nm":"Transform"}],"nm":"Stroke 237","np":2,"cix":2,"ix":1,"mn":"ADBE Vector Group","hd":false},{"ty":"tm","s":{"a":0,"k":0,"ix":1},"e":{"a":1,"k":[{"i":{"x":[0.35],"y":[1]},"o":{"x":[0.167],"y":[0.167]},"n":["0p35_1_0p167_0p167"],"t":4,"s":[0],"e":[100]},{"t":34.0000013848484}],"ix":2},"o":{"a":0,"k":0,"ix":3},"m":1,"ix":2,"nm":"Trim Paths 1","mn":"ADBE Vector Filter - Trim","hd":false}],"ip":0,"op":141.000005743048,"st":0,"bm":0},{"ddd":0,"ind":4,"ty":4,"nm":"Stroke 227","parent":7,"sr":1,"ks":{"o":{"a":0,"k":100,"ix":11},"r":{"a":0,"k":0,"ix":10},"p":{"a":0,"k":[0,0,0],"ix":2},"a":{"a":0,"k":[0,0,0],"ix":1},"s":{"a":0,"k":[100,100,100],"ix":6}},"ao":0,"shapes":[{"ty":"gr","it":[{"ind":0,"ty":"sh","ix":1,"ks":{"a":0,"k":{"i":[[0,0],[0.55,0],[0,0],[0,0.55],[0,0],[-0.55,0],[0,0],[0,-0.55]],"o":[[0,0.55],[0,0],[-0.55,0],[0,0],[0,-0.55],[0,0],[0.55,0],[0,0]],"v":[[12,7],[11,8],[-11,8],[-12,7],[-12,-7],[-11,-8],[11,-8],[12,-7]],"c":true},"ix":2},"nm":"Path 1","mn":"ADBE Vector Shape - Group","hd":false},{"ty":"st","c":{"a":0,"k":[0.113609999418,0.112988002598,0.1074699983,1],"ix":3},"o":{"a":0,"k":100,"ix":4},"w":{"a":0,"k":1,"ix":5},"lc":2,"lj":2,"nm":"Stroke 1","mn":"ADBE Vector Graphic - Stroke","hd":false},{"ty":"tr","p":{"a":0,"k":[0,0],"ix":2},"a":{"a":0,"k":[0,0],"ix":1},"s":{"a":0,"k":[500,500],"ix":3},"r":{"a":0,"k":0,"ix":6},"o":{"a":0,"k":100,"ix":7},"sk":{"a":0,"k":0,"ix":4},"sa":{"a":0,"k":0,"ix":5},"nm":"Transform"}],"nm":"Stroke 227","np":2,"cix":2,"ix":1,"mn":"ADBE Vector Group","hd":false}],"ip":0,"op":141.000005743048,"st":0,"bm":0},{"ddd":0,"ind":5,"ty":4,"nm":"Fill 62","parent":7,"sr":1,"ks":{"o":{"a":0,"k":100,"ix":11},"r":{"a":0,"k":0,"ix":10},"p":{"a":0,"k":[-52.5,0,0],"ix":2},"a":{"a":0,"k":[0,0,0],"ix":1},"s":{"a":0,"k":[100,100,100],"ix":6}},"ao":0,"shapes":[{"ty":"gr","it":[{"ind":0,"ty":"sh","ix":1,"ks":{"a":0,"k":{"i":[[0,0],[0,0],[0,-0.55],[0,0],[-0.55,0],[0,0],[0,0.55],[0,0],[-0.55,0]],"o":[[0,0],[-0.55,0],[0,0],[0,0.55],[0,0],[-0.55,0],[0,0],[0,-0.55],[0,0]],"v":[[-0.5,-8],[1.5,-8],[0.5,-7],[0.5,7],[1.5,8],[-0.5,8],[-1.5,7],[-1.5,-7],[-0.5,-8]],"c":false},"ix":2},"nm":"Path 1","mn":"ADBE Vector Shape - Group","hd":false},{"ty":"fl","c":{"a":0,"k":[0.863104999065,0.869472026825,0.294230014086,1],"ix":4},"o":{"a":0,"k":100,"ix":5},"r":1,"nm":"Fill 1","mn":"ADBE Vector Graphic - Fill","hd":false},{"ty":"tr","p":{"a":0,"k":[0,0],"ix":2},"a":{"a":0,"k":[0,0],"ix":1},"s":{"a":0,"k":[500,500],"ix":3},"r":{"a":0,"k":0,"ix":6},"o":{"a":0,"k":100,"ix":7},"sk":{"a":0,"k":0,"ix":4},"sa":{"a":0,"k":0,"ix":5},"nm":"Transform"}],"nm":"Fill 62","np":2,"cix":2,"ix":1,"mn":"ADBE Vector Group","hd":false}],"ip":0,"op":141.000005743048,"st":0,"bm":0},{"ddd":0,"ind":6,"ty":4,"nm":"Fill 60","parent":7,"sr":1,"ks":{"o":{"a":0,"k":100,"ix":11},"r":{"a":0,"k":0,"ix":10},"p":{"a":0,"k":[52.5,0,0],"ix":2},"a":{"a":0,"k":[0,0,0],"ix":1},"s":{"a":0,"k":[100,100,100],"ix":6}},"ao":0,"shapes":[{"ty":"gr","it":[{"ind":0,"ty":"sh","ix":1,"ks":{"a":0,"k":{"i":[[0,0],[0,0],[0,-0.55],[0,0],[0.55,0],[0,0],[0,0.55],[0,0],[0.55,0]],"o":[[0,0],[0.55,0],[0,0],[0,0.55],[0,0],[0.55,0],[0,0],[0,-0.55],[0,0]],"v":[[0.5,-8],[-1.5,-8],[-0.5,-7],[-0.5,7],[-1.5,8],[0.5,8],[1.5,7],[1.5,-7],[0.5,-8]],"c":false},"ix":2},"nm":"Path 1","mn":"ADBE Vector Shape - Group","hd":false},{"ty":"fl","c":{"a":0,"k":[0.541176974773,0.700176000595,0.115015000105,1],"ix":4},"o":{"a":0,"k":100,"ix":5},"r":1,"nm":"Fill 1","mn":"ADBE Vector Graphic - Fill","hd":false},{"ty":"tr","p":{"a":0,"k":[0,0],"ix":2},"a":{"a":0,"k":[0,0],"ix":1},"s":{"a":0,"k":[500,500],"ix":3},"r":{"a":0,"k":0,"ix":6},"o":{"a":0,"k":100,"ix":7},"sk":{"a":0,"k":0,"ix":4},"sa":{"a":0,"k":0,"ix":5},"nm":"Transform"}],"nm":"Fill 60","np":2,"cix":2,"ix":1,"mn":"ADBE Vector Group","hd":false}],"ip":0,"op":141.000005743048,"st":0,"bm":0},{"ddd":0,"ind":7,"ty":4,"nm":"Fill 63","sr":1,"ks":{"o":{"a":0,"k":100,"ix":11},"r":{"a":0,"k":0,"ix":10},"p":{"a":1,"k":[{"i":{"x":0.401,"y":0.867},"o":{"x":0.193,"y":0.101},"n":"0p401_0p867_0p193_0p101","t":0,"s":[-104.8,68,0],"e":[78.054,68,0],"to":[26.3438606262207,0,0],"ti":[-38.6742858886719,0,0]},{"i":{"x":0.642,"y":0.553},"o":{"x":0.31,"y":0.64},"n":"0p642_0p553_0p31_0p64","t":10,"s":[78.054,68,0],"e":[65.555,68,0],"to":[2.55433917045593,0,0],"ti":[9.77208709716797,0,0]},{"i":{"x":0.636,"y":0.873},"o":{"x":0.287,"y":0.664},"n":"0p636_0p873_0p287_0p664","t":17,"s":[65.555,68,0],"e":[71.16,68,0],"to":[-3.54728889465332,0,0],"ti":[-1.4983823299408,0,0]},{"i":{"x":0.671,"y":1},"o":{"x":0.33,"y":0.423},"n":"0p671_1_0p33_0p423","t":24,"s":[71.16,68,0],"e":[68,68,0],"to":[0.20067611336708,0,0],"ti":[0,0,0]},{"i":{"x":0.35,"y":0.35},"o":{"x":0.167,"y":0.167},"n":"0p35_0p35_0p167_0p167","t":35,"s":[68,68,0],"e":[68,68,0],"to":[0,0,0],"ti":[0,0,0]},{"i":{"x":0.377,"y":0.486},"o":{"x":0.18,"y":0},"n":"0p377_0p486_0p18_0","t":81,"s":[68,68,0],"e":[51.268,68,0],"to":[0,0,0],"ti":[0,0,0]},{"i":{"x":0.647,"y":1},"o":{"x":0.125,"y":1},"n":"0p647_1_0p125_1","t":99,"s":[51.268,68,0],"e":[50.6,68,0],"to":[0,0,0],"ti":[0,0,0]},{"i":{"x":0.6,"y":0.849},"o":{"x":0.172,"y":0},"n":"0p6_0p849_0p172_0","t":106,"s":[50.6,68,0],"e":[347.018,68,0],"to":[0,0,0],"ti":[0,0,0]},{"i":{"x":0.684,"y":1},"o":{"x":0.025,"y":1},"n":"0p684_1_0p025_1","t":115,"s":[347.018,68,0],"e":[353.6,68,0],"to":[0,0,0],"ti":[0,0,0]},{"t":136.000005539394}],"ix":2},"a":{"a":0,"k":[0,0,0],"ix":1},"s":{"a":1,"k":[{"i":{"x":[0.725,0.66,0.66],"y":[0.782,1.521,1]},"o":{"x":[0.396,0.327,0.327],"y":[0.35,1.428,0]},"n":["0p725_0p782_0p396_0p35","0p66_1p521_0p327_1p428","0p66_1_0p327_0"],"t":0,"s":[60,57.79,100],"e":[99.279,57.39,100]},{"i":{"x":[0.835,0.658,0.658],"y":[0.015,0.72,1]},"o":{"x":[0.554,0.325,0.325],"y":[-6.037,0.153,0]},"n":["0p835_0p015_0p554_-6p037","0p658_0p72_0p325_0p153","0p658_1_0p325_0"],"t":4,"s":[99.279,57.39,100],"e":[96.428,58.689,100]},{"i":{"x":[0.168,0.657,0.657],"y":[0.86,1,1]},"o":{"x":[0.345,0.324,0.324],"y":[0.565,0.92,0]},"n":["0p168_0p86_0p345_0p565","0p657_1_0p324_0p92","0p657_1_0p324_0"],"t":8,"s":[96.428,58.689,100],"e":[60,60,100]},{"i":{"x":[0.833,0.833,0.833],"y":[1,1,1]},"o":{"x":[0.167,0.167,0.167],"y":[0,0,0]},"n":["0p833_1_0p167_0","0p833_1_0p167_0","0p833_1_0p167_0"],"t":22,"s":[60,60,100],"e":[60,60,100]},{"i":{"x":[0.833,0.833,0.833],"y":[1,1,1]},"o":{"x":[0.167,0.167,0.167],"y":[0,0,0]},"n":["0p833_1_0p167_0","0p833_1_0p167_0","0p833_1_0p167_0"],"t":86,"s":[60,60,100],"e":[69,60,100]},{"i":{"x":[0.833,0.833,0.833],"y":[1,1,1]},"o":{"x":[0.167,0.167,0.167],"y":[0,0,0]},"n":["0p833_1_0p167_0","0p833_1_0p167_0","0p833_1_0p167_0"],"t":106,"s":[69,60,100],"e":[169.2,60,100]},{"t":149.000006068894}],"ix":6}},"ao":0,"shapes":[{"ty":"gr","it":[{"ind":0,"ty":"sh","ix":1,"ks":{"a":0,"k":{"i":[[0,0],[0.55,0],[0,0],[0,0.55],[0,0],[-0.55,0],[0,0],[0,-0.55]],"o":[[0,0.55],[0,0],[-0.55,0],[0,0],[0,-0.55],[0,0],[0.55,0],[0,0]],"v":[[12,7],[11,8],[-11,8],[-12,7],[-12,-7],[-11,-8],[11,-8],[12,-7]],"c":true},"ix":2},"nm":"Path 1","mn":"ADBE Vector Shape - Group","hd":false},{"ty":"fl","c":{"a":0,"k":[0.682834029198,0.793399989605,0.216923996806,1],"ix":4},"o":{"a":0,"k":100,"ix":5},"r":1,"nm":"Fill 1","mn":"ADBE Vector Graphic - Fill","hd":false},{"ty":"tr","p":{"a":0,"k":[0,0],"ix":2},"a":{"a":0,"k":[0,0],"ix":1},"s":{"a":0,"k":[500,500],"ix":3},"r":{"a":0,"k":0,"ix":6},"o":{"a":0,"k":100,"ix":7},"sk":{"a":0,"k":0,"ix":4},"sa":{"a":0,"k":0,"ix":5},"nm":"Transform"}],"nm":"Fill 58","np":2,"cix":2,"ix":1,"mn":"ADBE Vector Group","hd":false}],"ip":0,"op":141.000005743048,"st":0,"bm":0}],"markers":[]}