{"v":"5.3.4","fr":29.9700012207031,"ip":0,"op":141.000005743048,"w":136,"h":136,"nm":"32_Money_stacked","ddd":0,"assets":[],"layers":[{"ddd":0,"ind":1,"ty":4,"nm":"Stroke 303","parent":7,"sr":1,"ks":{"o":{"a":0,"k":100,"ix":11},"r":{"a":0,"k":0,"ix":10},"p":{"a":0,"k":[-10,27,0],"ix":2},"a":{"a":0,"k":[0,0,0],"ix":1},"s":{"a":0,"k":[80,80,100],"ix":6}},"ao":0,"shapes":[{"ty":"gr","it":[{"ind":0,"ty":"sh","ix":1,"ks":{"a":0,"k":{"i":[[0,0],[0,0]],"o":[[0,0],[0,0]],"v":[[0,-0.75],[0,0.75]],"c":false},"ix":2},"nm":"Path 1","mn":"ADBE Vector Shape - Group","hd":false},{"ty":"st","c":{"a":0,"k":[0.113725490196,0.113725490196,0.105882352941,1],"ix":3},"o":{"a":0,"k":100,"ix":4},"w":{"a":0,"k":1.2,"ix":5},"lc":2,"lj":2,"nm":"Stroke 1","mn":"ADBE Vector Graphic - Stroke","hd":false},{"ty":"tr","p":{"a":0,"k":[0,0],"ix":2},"a":{"a":0,"k":[0,0],"ix":1},"s":{"a":0,"k":[500,500],"ix":3},"r":{"a":0,"k":0,"ix":6},"o":{"a":0,"k":100,"ix":7},"sk":{"a":0,"k":0,"ix":4},"sa":{"a":0,"k":0,"ix":5},"nm":"Transform"}],"nm":"Stroke 303","np":2,"cix":2,"ix":1,"mn":"ADBE Vector Group","hd":false},{"ty":"tm","s":{"a":0,"k":0,"ix":1},"e":{"a":1,"k":[{"i":{"x":[0.301],"y":[0.908]},"o":{"x":[0.188],"y":[0.103]},"n":["0p301_0p908_0p188_0p103"],"t":7,"s":[0],"e":[97.731]},{"i":{"x":[0.637],"y":[1]},"o":{"x":[0.304],"y":[1.507]},"n":["0p637_1_0p304_1p507"],"t":23,"s":[97.731],"e":[100]},{"t":37.0000015070409}],"ix":2},"o":{"a":0,"k":0,"ix":3},"m":1,"ix":2,"nm":"Trim Paths 1","mn":"ADBE Vector Filter - Trim","hd":false}],"ip":7.00000028511585,"op":141.000005743048,"st":7.00000028511585,"bm":0},{"ddd":0,"ind":2,"ty":4,"nm":"Stroke 302","parent":7,"sr":1,"ks":{"o":{"a":0,"k":100,"ix":11},"r":{"a":0,"k":0,"ix":10},"p":{"a":0,"k":[-10,-7,0],"ix":2},"a":{"a":0,"k":[0,0,0],"ix":1},"s":{"a":0,"k":[80,80,100],"ix":6}},"ao":0,"shapes":[{"ty":"gr","it":[{"ind":0,"ty":"sh","ix":1,"ks":{"a":0,"k":{"i":[[0,0],[0,0]],"o":[[0,0],[0,0]],"v":[[0,0.75],[0,-0.75]],"c":false},"ix":2},"nm":"Path 1","mn":"ADBE Vector Shape - Group","hd":false},{"ty":"st","c":{"a":0,"k":[0.113725490196,0.113725490196,0.105882352941,1],"ix":3},"o":{"a":0,"k":100,"ix":4},"w":{"a":0,"k":1.2,"ix":5},"lc":2,"lj":2,"nm":"Stroke 1","mn":"ADBE Vector Graphic - Stroke","hd":false},{"ty":"tr","p":{"a":0,"k":[0,0],"ix":2},"a":{"a":0,"k":[0,0],"ix":1},"s":{"a":0,"k":[500,500],"ix":3},"r":{"a":0,"k":0,"ix":6},"o":{"a":0,"k":100,"ix":7},"sk":{"a":0,"k":0,"ix":4},"sa":{"a":0,"k":0,"ix":5},"nm":"Transform"}],"nm":"Stroke 302","np":2,"cix":2,"ix":1,"mn":"ADBE Vector Group","hd":false},{"ty":"tm","s":{"a":0,"k":0,"ix":1},"e":{"a":1,"k":[{"i":{"x":[0.301],"y":[0.937]},"o":{"x":[0.188],"y":[0.07]},"n":["0p301_0p937_0p188_0p07"],"t":7,"s":[0],"e":[97.731]},{"i":{"x":[0.637],"y":[1]},"o":{"x":[0.304],"y":[1.507]},"n":["0p637_1_0p304_1p507"],"t":18,"s":[97.731],"e":[100]},{"t":32.0000013033867}],"ix":2},"o":{"a":0,"k":0,"ix":3},"m":1,"ix":2,"nm":"Trim Paths 1","mn":"ADBE Vector Filter - Trim","hd":false}],"ip":7.00000028511585,"op":141.000005743048,"st":7.00000028511585,"bm":0},{"ddd":0,"ind":3,"ty":4,"nm":"Stroke 301","parent":7,"sr":1,"ks":{"o":{"a":0,"k":100,"ix":11},"r":{"a":0,"k":0,"ix":10},"p":{"a":0,"k":[-10,10,0],"ix":2},"a":{"a":0,"k":[0,0,0],"ix":1},"s":{"a":0,"k":[80,80,100],"ix":6}},"ao":0,"shapes":[{"ty":"gr","it":[{"ind":0,"ty":"sh","ix":1,"ks":{"a":0,"k":{"i":[[0,0],[-0.97,0],[0,0],[0,0.97],[0.96,0],[0,0],[0,0.97],[-0.97,0],[0,0],[0,-0.97]],"o":[[0,0.97],[0,0],[0.96,0],[0,-0.97],[0,0],[-0.97,0],[0,-0.97],[0,0],[0.96,0],[0,0]],"v":[[-2.188,1.75],[-0.438,3.5],[0.443,3.5],[2.193,1.75],[0.443,0],[-0.438,0],[-2.188,-1.75],[-0.438,-3.5],[0.443,-3.5],[2.193,-1.75]],"c":false},"ix":2},"nm":"Path 1","mn":"ADBE Vector Shape - Group","hd":false},{"ty":"st","c":{"a":0,"k":[0.113725490196,0.113725490196,0.105882352941,1],"ix":3},"o":{"a":0,"k":100,"ix":4},"w":{"a":0,"k":1.2,"ix":5},"lc":2,"lj":2,"nm":"Stroke 1","mn":"ADBE Vector Graphic - Stroke","hd":false},{"ty":"tr","p":{"a":0,"k":[0,0],"ix":2},"a":{"a":0,"k":[0,0],"ix":1},"s":{"a":0,"k":[500,500],"ix":3},"r":{"a":0,"k":0,"ix":6},"o":{"a":0,"k":100,"ix":7},"sk":{"a":0,"k":0,"ix":4},"sa":{"a":0,"k":0,"ix":5},"nm":"Transform"}],"nm":"Stroke 301","np":2,"cix":2,"ix":1,"mn":"ADBE Vector Group","hd":false},{"ty":"tm","s":{"a":0,"k":0,"ix":1},"e":{"a":1,"k":[{"i":{"x":[0.301],"y":[0.908]},"o":{"x":[0.188],"y":[0.103]},"n":["0p301_0p908_0p188_0p103"],"t":7,"s":[0],"e":[97.731]},{"i":{"x":[0.637],"y":[1]},"o":{"x":[0.304],"y":[1.507]},"n":["0p637_1_0p304_1p507"],"t":23,"s":[97.731],"e":[100]},{"t":37.0000015070409}],"ix":2},"o":{"a":0,"k":0,"ix":3},"m":1,"ix":2,"nm":"Trim Paths 1","mn":"ADBE Vector Filter - Trim","hd":false}],"ip":7.00000028511585,"op":141.000005743048,"st":7.00000028511585,"bm":0},{"ddd":0,"ind":4,"ty":4,"nm":"Stroke 256","parent":7,"sr":1,"ks":{"o":{"a":0,"k":100,"ix":11},"r":{"a":0,"k":0,"ix":10},"p":{"a":0,"k":[-10,10,0],"ix":2},"a":{"a":0,"k":[0,0,0],"ix":1},"s":{"a":0,"k":[100,100,100],"ix":6}},"ao":0,"shapes":[{"ty":"gr","it":[{"ind":0,"ty":"sh","ix":1,"ks":{"a":0,"k":{"i":[[0,0],[0.55,0],[0,0],[0,0.55],[0,0],[-0.55,0],[0,0],[0,-0.55]],"o":[[0,0.55],[0,0],[-0.55,0],[0,0],[0,-0.55],[0,0],[0.55,0],[0,0]],"v":[[10,5],[9,6],[-9,6],[-10,5],[-10,-5],[-9,-6],[9,-6],[10,-5]],"c":true},"ix":2},"nm":"Path 1","mn":"ADBE Vector Shape - Group","hd":false},{"ty":"st","c":{"a":0,"k":[0.113609999418,0.112988002598,0.1074699983,1],"ix":3},"o":{"a":0,"k":100,"ix":4},"w":{"a":0,"k":1,"ix":5},"lc":2,"lj":2,"nm":"Stroke 1","mn":"ADBE Vector Graphic - Stroke","hd":false},{"ty":"tr","p":{"a":0,"k":[0,0],"ix":2},"a":{"a":0,"k":[0,0],"ix":1},"s":{"a":0,"k":[500,500],"ix":3},"r":{"a":0,"k":0,"ix":6},"o":{"a":0,"k":100,"ix":7},"sk":{"a":0,"k":0,"ix":4},"sa":{"a":0,"k":0,"ix":5},"nm":"Transform"}],"nm":"Stroke 243","np":2,"cix":2,"ix":1,"mn":"ADBE Vector Group","hd":false}],"ip":0,"op":141.000005743048,"st":0,"bm":0},{"ddd":0,"ind":5,"ty":4,"nm":"Fill 76","parent":7,"sr":1,"ks":{"o":{"a":0,"k":100,"ix":11},"r":{"a":0,"k":0,"ix":10},"p":{"a":0,"k":[-52.5,10,0],"ix":2},"a":{"a":0,"k":[0,0,0],"ix":1},"s":{"a":0,"k":[100,100,100],"ix":6}},"ao":0,"shapes":[{"ty":"gr","it":[{"ind":0,"ty":"sh","ix":1,"ks":{"a":0,"k":{"i":[[0,0],[0,0],[0,-0.55],[0,0],[-0.55,0],[0,0],[0,0.55],[0,0],[-0.55,0]],"o":[[0,0],[-0.55,0],[0,0],[0,0.55],[0,0],[-0.55,0],[0,0],[0,-0.55],[0,0]],"v":[[-0.5,-6],[1.5,-6],[0.5,-5],[0.5,5],[1.5,6],[-0.5,6],[-1.5,5],[-1.5,-5],[-0.5,-6]],"c":false},"ix":2},"nm":"Path 1","mn":"ADBE Vector Shape - Group","hd":false},{"ty":"fl","c":{"a":0,"k":[0.863104999065,0.869472026825,0.294230014086,1],"ix":4},"o":{"a":0,"k":100,"ix":5},"r":1,"nm":"Fill 1","mn":"ADBE Vector Graphic - Fill","hd":false},{"ty":"tr","p":{"a":0,"k":[0,0],"ix":2},"a":{"a":0,"k":[0,0],"ix":1},"s":{"a":0,"k":[500,500],"ix":3},"r":{"a":0,"k":0,"ix":6},"o":{"a":0,"k":100,"ix":7},"sk":{"a":0,"k":0,"ix":4},"sa":{"a":0,"k":0,"ix":5},"nm":"Transform"}],"nm":"Fill 76","np":2,"cix":2,"ix":1,"mn":"ADBE Vector Group","hd":false}],"ip":0,"op":141.000005743048,"st":0,"bm":0},{"ddd":0,"ind":6,"ty":4,"nm":"Fill 74","parent":7,"sr":1,"ks":{"o":{"a":0,"k":100,"ix":11},"r":{"a":0,"k":0,"ix":10},"p":{"a":0,"k":[32.5,10,0],"ix":2},"a":{"a":0,"k":[0,0,0],"ix":1},"s":{"a":0,"k":[100,100,100],"ix":6}},"ao":0,"shapes":[{"ty":"gr","it":[{"ind":0,"ty":"sh","ix":1,"ks":{"a":0,"k":{"i":[[0,0],[0,0],[0,-0.55],[0,0],[0.55,0],[0,0],[0,0.55],[0,0],[0.55,0]],"o":[[0,0],[0.55,0],[0,0],[0,0.55],[0,0],[0.55,0],[0,0],[0,-0.55],[0,0]],"v":[[0.5,-6],[-1.5,-6],[-0.5,-5],[-0.5,5],[-1.5,6],[0.5,6],[1.5,5],[1.5,-5],[0.5,-6]],"c":false},"ix":2},"nm":"Path 1","mn":"ADBE Vector Shape - Group","hd":false},{"ty":"fl","c":{"a":0,"k":[0.541176974773,0.700176000595,0.115015000105,1],"ix":4},"o":{"a":0,"k":100,"ix":5},"r":1,"nm":"Fill 1","mn":"ADBE Vector Graphic - Fill","hd":false},{"ty":"tr","p":{"a":0,"k":[0,0],"ix":2},"a":{"a":0,"k":[0,0],"ix":1},"s":{"a":0,"k":[500,500],"ix":3},"r":{"a":0,"k":0,"ix":6},"o":{"a":0,"k":100,"ix":7},"sk":{"a":0,"k":0,"ix":4},"sa":{"a":0,"k":0,"ix":5},"nm":"Transform"}],"nm":"Fill 74","np":2,"cix":2,"ix":1,"mn":"ADBE Vector Group","hd":false}],"ip":0,"op":141.000005743048,"st":0,"bm":0},{"ddd":0,"ind":7,"ty":4,"nm":"Fill 78","sr":1,"ks":{"o":{"a":0,"k":100,"ix":11},"r":{"a":0,"k":0,"ix":10},"p":{"a":1,"k":[{"i":{"x":0.6,"y":0.918},"o":{"x":0.21,"y":0.084},"n":"0p6_0p918_0p21_0p084","t":4,"s":[68,196.4,0],"e":[68,53.327,0],"to":[0,-16.5446624755859,0],"ti":[0,22.790885925293,0]},{"i":{"x":0.694,"y":0.939},"o":{"x":0.333,"y":0.577},"n":"0p694_0p939_0p333_0p577","t":12,"s":[68,53.327,0],"e":[68,71.664,0],"to":[0,-2.99481320381165,0],"ti":[0,-1.19601607322693,0]},{"i":{"x":0.674,"y":1},"o":{"x":0.334,"y":0.38},"n":"0p674_1_0p334_0p38","t":21,"s":[68,71.664,0],"e":[68,68,0],"to":[0,0.37307059764862,0],"ti":[0,0,0]},{"i":{"x":0.674,"y":0.674},"o":{"x":0.167,"y":0.167},"n":"0p674_0p674_0p167_0p167","t":31,"s":[68,68,0],"e":[68,68,0],"to":[0,0,0],"ti":[0,0,0]},{"i":{"x":0.606,"y":0.599},"o":{"x":0.183,"y":0},"n":"0p606_0p599_0p183_0","t":90,"s":[68,68,0],"e":[68,85.287,0],"to":[0,0,0],"ti":[0,0,0]},{"i":{"x":0.723,"y":1},"o":{"x":0.203,"y":1},"n":"0p723_1_0p203_1","t":98,"s":[68,85.287,0],"e":[68,88.4,0],"to":[0,0,0],"ti":[0,0,0]},{"i":{"x":0.614,"y":0.713},"o":{"x":0.171,"y":0},"n":"0p614_0p713_0p171_0","t":105,"s":[68,88.4,0],"e":[68,-72.878,0],"to":[0,0,0],"ti":[0,0,0]},{"i":{"x":0.739,"y":1},"o":{"x":0.177,"y":1},"n":"0p739_1_0p177_1","t":113,"s":[68,-72.878,0],"e":[68,-118,0],"to":[0,0,0],"ti":[0,0,0]},{"t":130.000005295009}],"ix":2},"a":{"a":0,"k":[0,0,0],"ix":1},"s":{"a":0,"k":[60,60,100],"ix":6}},"ao":0,"shapes":[{"ty":"gr","it":[{"ind":0,"ty":"sh","ix":1,"ks":{"a":0,"k":{"i":[[0,0],[0,0],[0,-0.55],[0,0],[-0.55,0],[0,0],[0,0.55],[0,0],[0,0],[0.55,0]],"o":[[0,0],[-0.55,0],[0,0],[0,0.55],[0,0],[0.55,0],[0,0],[0,0],[0,-0.55],[0,0]],"v":[[7.41,-3.975],[-11,-4],[-12,-3],[-12,7],[-11,8],[7,8],[8,7],[8,6],[7.975,-3.025],[7.375,-3.975]],"c":false},"ix":2},"nm":"Path 1","mn":"ADBE Vector Shape - Group","hd":false},{"ty":"fl","c":{"a":0,"k":[0.682834029198,0.793399989605,0.216923996806,1],"ix":4},"o":{"a":0,"k":100,"ix":5},"r":1,"nm":"Fill 1","mn":"ADBE Vector Graphic - Fill","hd":false},{"ty":"tr","p":{"a":0,"k":[0,0],"ix":2},"a":{"a":0,"k":[0,0],"ix":1},"s":{"a":0,"k":[500,500],"ix":3},"r":{"a":0,"k":0,"ix":6},"o":{"a":0,"k":100,"ix":7},"sk":{"a":0,"k":0,"ix":4},"sa":{"a":0,"k":0,"ix":5},"nm":"Transform"}],"nm":"Fill 72","np":2,"cix":2,"ix":1,"mn":"ADBE Vector Group","hd":false}],"ip":0,"op":141.000005743048,"st":0,"bm":0},{"ddd":0,"ind":8,"ty":4,"nm":"Stroke 255","parent":9,"sr":1,"ks":{"o":{"a":0,"k":100,"ix":11},"r":{"a":0,"k":0,"ix":10},"p":{"a":0,"k":[-10,10,0],"ix":2},"a":{"a":0,"k":[0,0,0],"ix":1},"s":{"a":0,"k":[100,100,100],"ix":6}},"ao":0,"shapes":[{"ty":"gr","it":[{"ind":0,"ty":"sh","ix":1,"ks":{"a":0,"k":{"i":[[0,0],[0.55,0],[0,0],[0,0.55],[0,0],[-0.55,0],[0,0],[0,-0.55]],"o":[[0,0.55],[0,0],[-0.55,0],[0,0],[0,-0.55],[0,0],[0.55,0],[0,0]],"v":[[10,5],[9,6],[-9,6],[-10,5],[-10,-5],[-9,-6],[9,-6],[10,-5]],"c":true},"ix":2},"nm":"Path 1","mn":"ADBE Vector Shape - Group","hd":false},{"ty":"st","c":{"a":0,"k":[0.113609999418,0.112988002598,0.1074699983,1],"ix":3},"o":{"a":0,"k":100,"ix":4},"w":{"a":0,"k":1,"ix":5},"lc":2,"lj":2,"nm":"Stroke 1","mn":"ADBE Vector Graphic - Stroke","hd":false},{"ty":"tr","p":{"a":0,"k":[0,0],"ix":2},"a":{"a":0,"k":[0,0],"ix":1},"s":{"a":0,"k":[500,500],"ix":3},"r":{"a":0,"k":0,"ix":6},"o":{"a":0,"k":100,"ix":7},"sk":{"a":0,"k":0,"ix":4},"sa":{"a":0,"k":0,"ix":5},"nm":"Transform"}],"nm":"Stroke 243","np":2,"cix":2,"ix":1,"mn":"ADBE Vector Group","hd":false}],"ip":0,"op":141.000005743048,"st":0,"bm":0},{"ddd":0,"ind":9,"ty":4,"nm":"Fill 77","sr":1,"ks":{"o":{"a":0,"k":100,"ix":11},"r":{"a":0,"k":0,"ix":10},"p":{"a":1,"k":[{"i":{"x":0.6,"y":0.918},"o":{"x":0.21,"y":0.084},"n":"0p6_0p918_0p21_0p084","t":2,"s":[74.111,190.558,0],"e":[74.111,47.485,0],"to":[0,-16.5438060760498,0],"ti":[0,22.7910614013672,0]},{"i":{"x":0.695,"y":0.939},"o":{"x":0.333,"y":0.577},"n":"0p695_0p939_0p333_0p577","t":10,"s":[74.111,47.485,0],"e":[74.111,65.822,0],"to":[0,-2.99470448493958,0],"ti":[0,-1.32127332687378,0]},{"i":{"x":0.667,"y":1},"o":{"x":0.334,"y":0.38},"n":"0p667_1_0p334_0p38","t":19,"s":[74.111,65.822,0],"e":[74.111,62.158,0],"to":[0,0.37307476997375,0],"ti":[0,0,0]},{"i":{"x":0.667,"y":0.667},"o":{"x":0.167,"y":0.167},"n":"0p667_0p667_0p167_0p167","t":29,"s":[74.111,62.158,0],"e":[74.111,62.158,0],"to":[0,0,0],"ti":[0,0,0]},{"i":{"x":0.603,"y":0.503},"o":{"x":0.181,"y":0},"n":"0p603_0p503_0p181_0","t":90,"s":[74.111,62.158,0],"e":[74.111,79.5,0],"to":[0,0,0],"ti":[0,0,0]},{"i":{"x":0.718,"y":1},"o":{"x":0.201,"y":1},"n":"0p718_1_0p201_1","t":100,"s":[74.111,79.5,0],"e":[74.111,82.558,0],"to":[0,0,0],"ti":[0,0,0]},{"i":{"x":0.619,"y":0.718},"o":{"x":0.171,"y":0},"n":"0p619_0p718_0p171_0","t":107,"s":[74.111,82.558,0],"e":[74.111,-79.031,0],"to":[0,0,0],"ti":[0,0,0]},{"i":{"x":0.738,"y":1},"o":{"x":0.176,"y":1},"n":"0p738_1_0p176_1","t":115,"s":[74.111,-79.031,0],"e":[74.111,-123.842,0],"to":[0,0,0],"ti":[0,0,0]},{"t":132.00000537647}],"ix":2},"a":{"a":0,"k":[0,0,0],"ix":1},"s":{"a":0,"k":[60,60,100],"ix":6}},"ao":0,"shapes":[{"ty":"gr","it":[{"ind":0,"ty":"sh","ix":1,"ks":{"a":0,"k":{"i":[[0,0],[0,0],[0,-0.55],[0,0],[-0.55,0],[0,0],[0,0.55],[0,0],[0,0],[0.55,0]],"o":[[0,0],[-0.55,0],[0,0],[0,0.55],[0,0],[0.55,0],[0,0],[0,0],[0,-0.55],[0,0]],"v":[[7.41,-3.975],[-11,-4],[-12,-3],[-12,7],[-11,8],[7,8],[8,7],[8,6],[7.975,-3.025],[7.375,-3.975]],"c":false},"ix":2},"nm":"Path 1","mn":"ADBE Vector Shape - Group","hd":false},{"ty":"fl","c":{"a":0,"k":[0.682834029198,0.793399989605,0.216923996806,1],"ix":4},"o":{"a":0,"k":100,"ix":5},"r":1,"nm":"Fill 1","mn":"ADBE Vector Graphic - Fill","hd":false},{"ty":"tr","p":{"a":0,"k":[0,0],"ix":2},"a":{"a":0,"k":[0,0],"ix":1},"s":{"a":0,"k":[500,500],"ix":3},"r":{"a":0,"k":0,"ix":6},"o":{"a":0,"k":100,"ix":7},"sk":{"a":0,"k":0,"ix":4},"sa":{"a":0,"k":0,"ix":5},"nm":"Transform"}],"nm":"Fill 72","np":2,"cix":2,"ix":1,"mn":"ADBE Vector Group","hd":false}],"ip":0,"op":141.000005743048,"st":0,"bm":0},{"ddd":0,"ind":10,"ty":4,"nm":"Stroke 243","parent":11,"sr":1,"ks":{"o":{"a":0,"k":100,"ix":11},"r":{"a":0,"k":0,"ix":10},"p":{"a":0,"k":[-10,10,0],"ix":2},"a":{"a":0,"k":[0,0,0],"ix":1},"s":{"a":0,"k":[100,100,100],"ix":6}},"ao":0,"shapes":[{"ty":"gr","it":[{"ind":0,"ty":"sh","ix":1,"ks":{"a":0,"k":{"i":[[0,0],[0.55,0],[0,0],[0,0.55],[0,0],[-0.55,0],[0,0],[0,-0.55]],"o":[[0,0.55],[0,0],[-0.55,0],[0,0],[0,-0.55],[0,0],[0.55,0],[0,0]],"v":[[10,5],[9,6],[-9,6],[-10,5],[-10,-5],[-9,-6],[9,-6],[10,-5]],"c":true},"ix":2},"nm":"Path 1","mn":"ADBE Vector Shape - Group","hd":false},{"ty":"st","c":{"a":0,"k":[0.113609999418,0.112988002598,0.1074699983,1],"ix":3},"o":{"a":0,"k":100,"ix":4},"w":{"a":0,"k":1,"ix":5},"lc":2,"lj":2,"nm":"Stroke 1","mn":"ADBE Vector Graphic - Stroke","hd":false},{"ty":"tr","p":{"a":0,"k":[0,0],"ix":2},"a":{"a":0,"k":[0,0],"ix":1},"s":{"a":0,"k":[500,500],"ix":3},"r":{"a":0,"k":0,"ix":6},"o":{"a":0,"k":100,"ix":7},"sk":{"a":0,"k":0,"ix":4},"sa":{"a":0,"k":0,"ix":5},"nm":"Transform"}],"nm":"Stroke 243","np":2,"cix":2,"ix":1,"mn":"ADBE Vector Group","hd":false}],"ip":0,"op":141.000005743048,"st":0,"bm":0},{"ddd":0,"ind":11,"ty":4,"nm":"Fill 79","sr":1,"ks":{"o":{"a":0,"k":100,"ix":11},"r":{"a":0,"k":0,"ix":10},"p":{"a":1,"k":[{"i":{"x":0.6,"y":0.918},"o":{"x":0.21,"y":0.084},"n":"0p6_0p918_0p21_0p084","t":0,"s":[80.111,184.558,0],"e":[80.111,41.485,0],"to":[0,-16.5438060760498,0],"ti":[0,22.7910614013672,0]},{"i":{"x":0.695,"y":0.939},"o":{"x":0.333,"y":0.577},"n":"0p695_0p939_0p333_0p577","t":8,"s":[80.111,41.485,0],"e":[80.111,59.822,0],"to":[0,-2.99470448493958,0],"ti":[0,-1.47763133049011,0]},{"i":{"x":0.667,"y":1},"o":{"x":0.334,"y":0.38},"n":"0p667_1_0p334_0p38","t":17,"s":[80.111,59.822,0],"e":[80.111,56.158,0],"to":[0,0.37307476997375,0],"ti":[0,0,0]},{"i":{"x":0.667,"y":0.667},"o":{"x":0.167,"y":0.167},"n":"0p667_0p667_0p167_0p167","t":27,"s":[80.111,56.158,0],"e":[80.111,56.158,0],"to":[0,0,0],"ti":[0,0,0]},{"i":{"x":0.603,"y":0.403},"o":{"x":0.179,"y":0},"n":"0p603_0p403_0p179_0","t":90,"s":[80.111,56.158,0],"e":[80.111,73.5,0],"to":[0,0,0],"ti":[0,0,0]},{"i":{"x":0.716,"y":1},"o":{"x":0.201,"y":1},"n":"0p716_1_0p201_1","t":102,"s":[80.111,73.5,0],"e":[80.111,76.558,0],"to":[0,0,0],"ti":[0,0,0]},{"i":{"x":0.624,"y":0.721},"o":{"x":0.171,"y":0},"n":"0p624_0p721_0p171_0","t":109,"s":[80.111,76.558,0],"e":[80.111,-85.029,0],"to":[0,0,0],"ti":[0,0,0]},{"i":{"x":0.737,"y":1},"o":{"x":0.176,"y":1},"n":"0p737_1_0p176_1","t":117,"s":[80.111,-85.029,0],"e":[80.111,-129.842,0],"to":[0,0,0],"ti":[0,0,0]},{"t":134.000005457932}],"ix":2},"a":{"a":0,"k":[0,0,0],"ix":1},"s":{"a":0,"k":[60,60,100],"ix":6}},"ao":0,"shapes":[{"ty":"gr","it":[{"ind":0,"ty":"sh","ix":1,"ks":{"a":0,"k":{"i":[[0,0],[0,0],[0,-0.55],[0,0],[-0.55,0],[0,0],[0,0.55],[0,0],[0,0],[0.55,0]],"o":[[0,0],[-0.55,0],[0,0],[0,0.55],[0,0],[0.55,0],[0,0],[0,0],[0,-0.55],[0,0]],"v":[[7.41,-3.975],[-11,-4],[-12,-3],[-12,7],[-11,8],[7,8],[8,7],[8,6],[7.975,-3.025],[7.375,-3.975]],"c":false},"ix":2},"nm":"Path 1","mn":"ADBE Vector Shape - Group","hd":false},{"ty":"fl","c":{"a":0,"k":[0.682834029198,0.793399989605,0.216923996806,1],"ix":4},"o":{"a":0,"k":100,"ix":5},"r":1,"nm":"Fill 1","mn":"ADBE Vector Graphic - Fill","hd":false},{"ty":"tr","p":{"a":0,"k":[0,0],"ix":2},"a":{"a":0,"k":[0,0],"ix":1},"s":{"a":0,"k":[500,500],"ix":3},"r":{"a":0,"k":0,"ix":6},"o":{"a":0,"k":100,"ix":7},"sk":{"a":0,"k":0,"ix":4},"sa":{"a":0,"k":0,"ix":5},"nm":"Transform"}],"nm":"Fill 72","np":2,"cix":2,"ix":1,"mn":"ADBE Vector Group","hd":false}],"ip":0,"op":141.000005743048,"st":0,"bm":0}],"markers":[]}