{"v":"5.5.6","fr":29.9700012207031,"ip":0,"op":121.000004928431,"w":136,"h":136,"nm":"4_Speech_bubble","ddd":0,"assets":[],"layers":[{"ddd":0,"ind":1,"ty":4,"nm":"Path","parent":2,"sr":1,"ks":{"o":{"a":0,"k":100,"ix":11},"r":{"a":0,"k":0,"ix":10},"p":{"a":0,"k":[0,0,0],"ix":2},"a":{"a":0,"k":[0,0,0],"ix":1},"s":{"a":0,"k":[100,100,100],"ix":6}},"ao":0,"shapes":[{"ty":"gr","it":[{"ind":0,"ty":"sh","ix":1,"ks":{"a":0,"k":{"i":[[0,0],[0,0]],"o":[[0,0],[0,0]],"v":[[-1.25,0],[1.25,0]],"c":false},"ix":2},"nm":"Path 1","mn":"ADBE Vector Shape - Group","hd":false},{"ty":"st","c":{"a":0,"k":[0,0,0,1],"ix":3},"o":{"a":0,"k":100,"ix":4},"w":{"a":0,"k":1,"ix":5},"lc":2,"lj":2,"bm":0,"nm":"Stroke 1","mn":"ADBE Vector Graphic - Stroke","hd":false},{"ty":"tr","p":{"a":0,"k":[0,0],"ix":2},"a":{"a":0,"k":[0,0],"ix":1},"s":{"a":0,"k":[300,300],"ix":3},"r":{"a":0,"k":0,"ix":6},"o":{"a":0,"k":100,"ix":7},"sk":{"a":0,"k":0,"ix":4},"sa":{"a":0,"k":0,"ix":5},"nm":"Transform"}],"nm":"Path","np":2,"cix":2,"bm":0,"ix":1,"mn":"ADBE Vector Group","hd":false}],"ip":0,"op":121.000004928431,"st":0,"bm":0},{"ddd":0,"ind":2,"ty":4,"nm":"Path","parent":10,"sr":1,"ks":{"o":{"a":0,"k":100,"ix":11},"r":{"a":0,"k":0,"ix":10},"p":{"a":1,"k":[{"i":{"x":0.378,"y":0.953},"o":{"x":0.206,"y":0.03},"t":23,"s":[22.5,-0.272,0],"to":[0,-1.169,0],"ti":[0,1.926,0]},{"i":{"x":0.671,"y":0.952},"o":{"x":0.293,"y":0.029},"t":30,"s":[22.5,-13.614,0],"to":[0,-0.209,0],"ti":[0,-0.585,0]},{"i":{"x":0.668,"y":1},"o":{"x":0.321,"y":0.321},"t":36,"s":[22.5,-4.94,0],"to":[0,0.435,0],"ti":[0,0.013,0]},{"t":52.0000021180034,"s":[22.5,-8.272,0]}],"ix":2},"a":{"a":0,"k":[0,0,0],"ix":1},"s":{"a":1,"k":[{"i":{"x":[0.365,0.365,0.365],"y":[0.821,0.821,-15.605]},"o":{"x":[0.204,0.204,0.204],"y":[0.118,0.118,10.905]},"t":23,"s":[0,0,100]},{"i":{"x":[0.668,0.668,0.668],"y":[1,1,1]},"o":{"x":[0.283,0.283,0.283],"y":[0.876,0.876,6.47]},"t":31,"s":[92.615,92.615,100]},{"t":38.0000015477717,"s":[100,100,100]}],"ix":6}},"ao":0,"shapes":[{"ty":"gr","it":[{"ind":0,"ty":"sh","ix":1,"ks":{"a":0,"k":{"i":[[0,0],[0,0],[0,0],[0,0]],"o":[[0,0],[0,0],[0,0],[0,0]],"v":[[1.25,2],[-1.25,2],[-1.25,-2],[1.25,-2]],"c":false},"ix":2},"nm":"Path 1","mn":"ADBE Vector Shape - Group","hd":false},{"ty":"st","c":{"a":0,"k":[0,0,0,1],"ix":3},"o":{"a":0,"k":100,"ix":4},"w":{"a":0,"k":1,"ix":5},"lc":2,"lj":2,"bm":0,"nm":"Stroke 1","mn":"ADBE Vector Graphic - Stroke","hd":false},{"ty":"tr","p":{"a":0,"k":[0,0],"ix":2},"a":{"a":0,"k":[0,0],"ix":1},"s":{"a":0,"k":[300,300],"ix":3},"r":{"a":0,"k":0,"ix":6},"o":{"a":0,"k":100,"ix":7},"sk":{"a":0,"k":0,"ix":4},"sa":{"a":0,"k":0,"ix":5},"nm":"Transform"}],"nm":"Path","np":2,"cix":2,"bm":0,"ix":1,"mn":"ADBE Vector Group","hd":false}],"ip":0,"op":121.000004928431,"st":0,"bm":0},{"ddd":0,"ind":3,"ty":4,"nm":"Path","parent":4,"sr":1,"ks":{"o":{"a":0,"k":100,"ix":11},"r":{"a":0,"k":0,"ix":10},"p":{"a":0,"k":[0,-6,0],"ix":2},"a":{"a":0,"k":[0,0,0],"ix":1},"s":{"a":0,"k":[100,100,100],"ix":6}},"ao":0,"shapes":[{"ty":"gr","it":[{"ind":0,"ty":"sh","ix":1,"ks":{"a":0,"k":{"i":[[0,0],[0,0]],"o":[[0,0],[0,0]],"v":[[-1.5,0],[1.5,0]],"c":false},"ix":2},"nm":"Path 1","mn":"ADBE Vector Shape - Group","hd":false},{"ty":"st","c":{"a":0,"k":[0,0,0,1],"ix":3},"o":{"a":0,"k":100,"ix":4},"w":{"a":0,"k":1,"ix":5},"lc":2,"lj":2,"bm":0,"nm":"Stroke 1","mn":"ADBE Vector Graphic - Stroke","hd":false},{"ty":"tr","p":{"a":0,"k":[0,0],"ix":2},"a":{"a":0,"k":[0,0],"ix":1},"s":{"a":0,"k":[300,300],"ix":3},"r":{"a":0,"k":0,"ix":6},"o":{"a":0,"k":100,"ix":7},"sk":{"a":0,"k":0,"ix":4},"sa":{"a":0,"k":0,"ix":5},"nm":"Transform"}],"nm":"Path","np":2,"cix":2,"bm":0,"ix":1,"mn":"ADBE Vector Group","hd":false}],"ip":0,"op":121.000004928431,"st":0,"bm":0},{"ddd":0,"ind":4,"ty":4,"nm":"Path","parent":10,"sr":1,"ks":{"o":{"a":0,"k":100,"ix":11},"r":{"a":0,"k":0,"ix":10},"p":{"a":1,"k":[{"i":{"x":0.378,"y":0.953},"o":{"x":0.206,"y":0.03},"t":18,"s":[8.25,-0.272,0],"to":[0,-1.169,0],"ti":[0,1.926,0]},{"i":{"x":0.671,"y":0.952},"o":{"x":0.293,"y":0.029},"t":25,"s":[8.25,-13.614,0],"to":[0,-0.209,0],"ti":[0,-0.61,0]},{"i":{"x":0.667,"y":1},"o":{"x":0.321,"y":0.321},"t":31,"s":[8.25,-4.94,0],"to":[0,0.435,0],"ti":[0,0.015,0]},{"t":47.0000019143492,"s":[8.25,-8.272,0]}],"ix":2},"a":{"a":0,"k":[0,0,0],"ix":1},"s":{"a":1,"k":[{"i":{"x":[0.365,0.365,0.365],"y":[0.821,0.821,-15.605]},"o":{"x":[0.204,0.204,0.204],"y":[0.118,0.118,10.905]},"t":18,"s":[0,0,100]},{"i":{"x":[0.667,0.667,0.667],"y":[1,1,1]},"o":{"x":[0.283,0.283,0.283],"y":[0.876,0.876,6.47]},"t":26,"s":[92.615,92.615,100]},{"t":33.0000013441176,"s":[100,100,100]}],"ix":6}},"ao":0,"shapes":[{"ty":"gr","it":[{"ind":0,"ty":"sh","ix":1,"ks":{"a":0,"k":{"i":[[0,0],[0,0]],"o":[[0,0],[0,0]],"v":[[0,-2],[0,2]],"c":false},"ix":2},"nm":"Path 1","mn":"ADBE Vector Shape - Group","hd":false},{"ty":"st","c":{"a":0,"k":[0,0,0,1],"ix":3},"o":{"a":0,"k":100,"ix":4},"w":{"a":0,"k":1,"ix":5},"lc":2,"lj":2,"bm":0,"nm":"Stroke 1","mn":"ADBE Vector Graphic - Stroke","hd":false},{"ty":"tr","p":{"a":0,"k":[0,0],"ix":2},"a":{"a":0,"k":[0,0],"ix":1},"s":{"a":0,"k":[300,300],"ix":3},"r":{"a":0,"k":0,"ix":6},"o":{"a":0,"k":100,"ix":7},"sk":{"a":0,"k":0,"ix":4},"sa":{"a":0,"k":0,"ix":5},"nm":"Transform"}],"nm":"Path","np":2,"cix":2,"bm":0,"ix":1,"mn":"ADBE Vector Group","hd":false}],"ip":0,"op":121.000004928431,"st":0,"bm":0},{"ddd":0,"ind":5,"ty":4,"nm":"Path","parent":10,"sr":1,"ks":{"o":{"a":0,"k":100,"ix":11},"r":{"a":0,"k":0,"ix":10},"p":{"a":1,"k":[{"i":{"x":0.378,"y":0.953},"o":{"x":0.206,"y":0.03},"t":13,"s":[-6.75,-0.272,0],"to":[0,-1.169,0],"ti":[0,1.926,0]},{"i":{"x":0.671,"y":0.952},"o":{"x":0.293,"y":0.029},"t":20,"s":[-6.75,-13.614,0],"to":[0,-0.209,0],"ti":[0,-0.665,0]},{"i":{"x":0.666,"y":1},"o":{"x":0.321,"y":0.321},"t":26,"s":[-6.75,-4.94,0],"to":[0,0.435,0],"ti":[0,0.019,0]},{"t":42.0000017106951,"s":[-6.75,-8.272,0]}],"ix":2},"a":{"a":0,"k":[0,0,0],"ix":1},"s":{"a":1,"k":[{"i":{"x":[0.365,0.365,0.365],"y":[0.821,0.821,-15.605]},"o":{"x":[0.204,0.204,0.204],"y":[0.118,0.118,10.905]},"t":13,"s":[0,0,100]},{"i":{"x":[0.666,0.666,0.666],"y":[1,1,1]},"o":{"x":[0.283,0.283,0.283],"y":[0.876,0.876,6.47]},"t":21,"s":[92.615,92.615,100]},{"t":28.0000011404634,"s":[100,100,100]}],"ix":6}},"ao":0,"shapes":[{"ty":"gr","it":[{"ind":0,"ty":"sh","ix":1,"ks":{"a":0,"k":{"i":[[0,0],[-0.83,0],[0,-0.83],[0,0],[0.83,0],[0,0.83]],"o":[[0,-0.83],[0.83,0],[0,0],[0,0.83],[-0.83,0],[0,0]],"v":[[-1.5,-0.5],[0,-2],[1.5,-0.5],[1.5,0.5],[0,2],[-1.5,0.5]],"c":true},"ix":2},"nm":"Path 1","mn":"ADBE Vector Shape - Group","hd":false},{"ty":"st","c":{"a":0,"k":[0,0,0,1],"ix":3},"o":{"a":0,"k":100,"ix":4},"w":{"a":0,"k":1,"ix":5},"lc":2,"lj":2,"bm":0,"nm":"Stroke 1","mn":"ADBE Vector Graphic - Stroke","hd":false},{"ty":"tr","p":{"a":0,"k":[0,0],"ix":2},"a":{"a":0,"k":[0,0],"ix":1},"s":{"a":0,"k":[300,300],"ix":3},"r":{"a":0,"k":0,"ix":6},"o":{"a":0,"k":100,"ix":7},"sk":{"a":0,"k":0,"ix":4},"sa":{"a":0,"k":0,"ix":5},"nm":"Transform"}],"nm":"Path","np":2,"cix":2,"bm":0,"ix":1,"mn":"ADBE Vector Group","hd":false}],"ip":0,"op":121.000004928431,"st":0,"bm":0},{"ddd":0,"ind":6,"ty":4,"nm":"Path","parent":10,"sr":1,"ks":{"o":{"a":0,"k":100,"ix":11},"r":{"a":0,"k":0,"ix":10},"p":{"a":1,"k":[{"i":{"x":0.378,"y":0.953},"o":{"x":0.206,"y":0.03},"t":8,"s":[-21.75,-0.272,0],"to":[0,-1.169,0],"ti":[0,1.926,0]},{"i":{"x":0.669,"y":0.951},"o":{"x":0.293,"y":0.029},"t":15,"s":[-21.75,-13.614,0],"to":[0,-0.209,0],"ti":[0,-0.788,0]},{"i":{"x":0.663,"y":1},"o":{"x":0.321,"y":0.321},"t":21,"s":[-21.75,-4.94,0],"to":[0,0.435,0],"ti":[0,0.024,0]},{"t":37.0000015070409,"s":[-21.75,-8.272,0]}],"ix":2},"a":{"a":0,"k":[0,0,0],"ix":1},"s":{"a":1,"k":[{"i":{"x":[0.365,0.365,0.365],"y":[0.821,0.821,-15.605]},"o":{"x":[0.204,0.204,0.204],"y":[0.118,0.118,10.905]},"t":8,"s":[0,0,100]},{"i":{"x":[0.663,0.663,0.663],"y":[1,1,1]},"o":{"x":[0.283,0.283,0.283],"y":[0.876,0.876,6.47]},"t":16,"s":[92.615,92.615,100]},{"t":23.0000009368092,"s":[100,100,100]}],"ix":6}},"ao":0,"shapes":[{"ty":"gr","it":[{"ind":0,"ty":"sh","ix":1,"ks":{"a":0,"k":{"i":[[0,0],[0,0],[0,0]],"o":[[0,0],[0,0],[0,0]],"v":[[1.5,-2],[0,2],[-1.5,-2]],"c":false},"ix":2},"nm":"Path 1","mn":"ADBE Vector Shape - Group","hd":false},{"ty":"st","c":{"a":0,"k":[0,0,0,1],"ix":3},"o":{"a":0,"k":100,"ix":4},"w":{"a":0,"k":1,"ix":5},"lc":2,"lj":2,"bm":0,"nm":"Stroke 1","mn":"ADBE Vector Graphic - Stroke","hd":false},{"ty":"tr","p":{"a":0,"k":[0,0],"ix":2},"a":{"a":0,"k":[0,0],"ix":1},"s":{"a":0,"k":[300,300],"ix":3},"r":{"a":0,"k":0,"ix":6},"o":{"a":0,"k":100,"ix":7},"sk":{"a":0,"k":0,"ix":4},"sa":{"a":0,"k":0,"ix":5},"nm":"Transform"}],"nm":"Path","np":2,"cix":2,"bm":0,"ix":1,"mn":"ADBE Vector Group","hd":false}],"ip":0,"op":121.000004928431,"st":0,"bm":0},{"ddd":0,"ind":7,"ty":4,"nm":"Path","parent":10,"sr":1,"ks":{"o":{"a":0,"k":100,"ix":11},"r":{"a":0,"k":0,"ix":10},"p":{"a":0,"k":[0,0,0],"ix":2},"a":{"a":0,"k":[0,0,0],"ix":1},"s":{"a":0,"k":[100,100,100],"ix":6}},"ao":0,"shapes":[{"ty":"gr","it":[{"ind":0,"ty":"sh","ix":1,"ks":{"a":0,"k":{"i":[[0,0],[-0.39,0.39],[0,0],[0,0],[0,0.55],[0,0],[0.55,0],[0,0],[0,-0.55]],"o":[[0,0.55],[0,0],[0,0],[0.55,0],[0,0],[0,-0.55],[0,0],[-0.55,0],[0,0]],"v":[[-12,8.243],[-11.29,8.533],[-6,3.243],[11,3.243],[12,2.243],[12,-7.757],[11,-8.757],[-11,-8.757],[-12,-7.757]],"c":true},"ix":2},"nm":"Path 1","mn":"ADBE Vector Shape - Group","hd":false},{"ty":"st","c":{"a":0,"k":[0,0,0,1],"ix":3},"o":{"a":0,"k":100,"ix":4},"w":{"a":0,"k":1,"ix":5},"lc":2,"lj":2,"bm":0,"nm":"Stroke 1","mn":"ADBE Vector Graphic - Stroke","hd":false},{"ty":"tr","p":{"a":0,"k":[0,0],"ix":2},"a":{"a":0,"k":[0,0],"ix":1},"s":{"a":0,"k":[300,300],"ix":3},"r":{"a":0,"k":0,"ix":6},"o":{"a":0,"k":100,"ix":7},"sk":{"a":0,"k":0,"ix":4},"sa":{"a":0,"k":0,"ix":5},"nm":"Transform"}],"nm":"Path","np":2,"cix":2,"bm":0,"ix":1,"mn":"ADBE Vector Group","hd":false}],"ip":0,"op":121.000004928431,"st":0,"bm":0},{"ddd":0,"ind":8,"ty":4,"nm":"Path","parent":10,"sr":1,"ks":{"o":{"a":0,"k":100,"ix":11},"r":{"a":0,"k":0,"ix":10},"p":{"a":0,"k":[31.5,-8.272,0],"ix":2},"a":{"a":0,"k":[0,0,0],"ix":1},"s":{"a":0,"k":[100,100,100],"ix":6}},"ao":0,"shapes":[{"ty":"gr","it":[{"ind":0,"ty":"sh","ix":1,"ks":{"a":0,"k":{"i":[[0.55,0],[0,0],[0,-0.55],[0,0],[0.55,0],[0,0],[0,0.55],[0,0]],"o":[[0,0],[0.55,0],[0,0],[0,0.55],[0,0],[0.55,0],[0,0],[0,-0.55]],"v":[[0.5,-6],[-1.5,-6],[-0.5,-5],[-0.5,5],[-1.5,6],[0.5,6],[1.5,5],[1.5,-5]],"c":true},"ix":2},"nm":"Path 1","mn":"ADBE Vector Shape - Group","hd":false},{"ty":"fl","c":{"a":0,"k":[0.827450990677,0.02352900058,0.188234999776,1],"ix":4},"o":{"a":0,"k":100,"ix":5},"r":1,"bm":0,"nm":"Fill 1","mn":"ADBE Vector Graphic - Fill","hd":false},{"ty":"tr","p":{"a":0,"k":[0,0],"ix":2},"a":{"a":0,"k":[0,0],"ix":1},"s":{"a":0,"k":[300,300],"ix":3},"r":{"a":0,"k":0,"ix":6},"o":{"a":0,"k":100,"ix":7},"sk":{"a":0,"k":0,"ix":4},"sa":{"a":0,"k":0,"ix":5},"nm":"Transform"}],"nm":"Path","np":2,"cix":2,"bm":0,"ix":1,"mn":"ADBE Vector Group","hd":false}],"ip":0,"op":121.000004928431,"st":0,"bm":0},{"ddd":0,"ind":9,"ty":4,"nm":"Path","parent":10,"sr":1,"ks":{"o":{"a":0,"k":100,"ix":11},"r":{"a":0,"k":0,"ix":10},"p":{"a":0,"k":[-31.5,0,0],"ix":2},"a":{"a":0,"k":[0,0,0],"ix":1},"s":{"a":0,"k":[100,100,100],"ix":6}},"ao":0,"shapes":[{"ty":"gr","it":[{"ind":0,"ty":"sh","ix":1,"ks":{"a":0,"k":{"i":[[0,0],[-0.55,0],[0,0],[0,-0.55],[0,0],[-0.39,0.39],[0,0]],"o":[[0,-0.55],[0,0],[-0.55,0],[0,0],[0,0.55],[0,0],[0,0]],"v":[[0.5,-7.757],[1.5,-8.757],[-0.5,-8.757],[-1.5,-7.757],[-1.5,8.243],[-0.79,8.533],[0.5,7.243]],"c":true},"ix":2},"nm":"Path 1","mn":"ADBE Vector Shape - Group","hd":false},{"ty":"fl","c":{"a":0,"k":[0.929412007332,0.419607996941,0.384314000607,1],"ix":4},"o":{"a":0,"k":100,"ix":5},"r":1,"bm":0,"nm":"Fill 1","mn":"ADBE Vector Graphic - Fill","hd":false},{"ty":"tr","p":{"a":0,"k":[0,0],"ix":2},"a":{"a":0,"k":[0,0],"ix":1},"s":{"a":0,"k":[300,300],"ix":3},"r":{"a":0,"k":0,"ix":6},"o":{"a":0,"k":100,"ix":7},"sk":{"a":0,"k":0,"ix":4},"sa":{"a":0,"k":0,"ix":5},"nm":"Transform"}],"nm":"Path","np":2,"cix":2,"bm":0,"ix":1,"mn":"ADBE Vector Group","hd":false}],"ip":0,"op":121.000004928431,"st":0,"bm":0},{"ddd":0,"ind":10,"ty":4,"nm":"Path","sr":1,"ks":{"o":{"a":0,"k":100,"ix":11},"r":{"a":1,"k":[{"i":{"x":[0.376],"y":[0.914]},"o":{"x":[0.209],"y":[0.051]},"t":0,"s":[186]},{"i":{"x":[0.633],"y":[0.661]},"o":{"x":[0.301],"y":[-0.42]},"t":8,"s":[-16.013]},{"i":{"x":[0.657],"y":[0.804]},"o":{"x":[0.324],"y":[-0.808]},"t":16,"s":[3.858]},{"i":{"x":[0.65],"y":[1]},"o":{"x":[0.317],"y":[-0.573]},"t":24,"s":[-3.487]},{"i":{"x":[0.3],"y":[1]},"o":{"x":[0.167],"y":[0]},"t":36,"s":[0]},{"i":{"x":[0.395],"y":[0.755]},"o":{"x":[0.214],"y":[0]},"t":80,"s":[0]},{"i":{"x":[0.65],"y":[1]},"o":{"x":[0.286],"y":[1.067]},"t":87,"s":[-13.855]},{"t":97.000003950891,"s":[-16]}],"ix":10},"p":{"a":1,"k":[{"i":{"x":0.376,"y":0.909},"o":{"x":0.209,"y":0.062},"t":0,"s":[122,277.545,0],"to":[-104.536,-52.885,0],"ti":[45.41,58.468,0]},{"i":{"x":0.605,"y":1},"o":{"x":0.189,"y":1},"t":8,"s":[45.526,86.744,0],"to":[-3.677,-4.734,0],"ti":[0,0,0]},{"i":{"x":0.3,"y":0.3},"o":{"x":0.167,"y":0.167},"t":30,"s":[32,93.545,0],"to":[0,0,0],"ti":[0,0,0]},{"i":{"x":0.395,"y":0.755},"o":{"x":0.214,"y":0},"t":80,"s":[32,93.545,0],"to":[0,0,0],"ti":[0,0,0]},{"i":{"x":0.598,"y":1},"o":{"x":0.268,"y":1},"t":87,"s":[20.743,93.545,0],"to":[0,0,0],"ti":[0,0,0]},{"i":{"x":0.574,"y":0.833},"o":{"x":0.177,"y":0},"t":97,"s":[19,93.545,0],"to":[0,0,0],"ti":[0,0,0]},{"i":{"x":0.668,"y":1},"o":{"x":0.241,"y":1},"t":103,"s":[201.192,93.545,0],"to":[0,0,0],"ti":[0,0,0]},{"t":112.000004561854,"s":[227,93.545,0]}],"ix":2},"a":{"a":0,"k":[-36,26.272,0],"ix":1},"s":{"a":0,"k":[100,100,100],"ix":6}},"ao":0,"shapes":[{"ty":"gr","it":[{"ind":0,"ty":"sh","ix":1,"ks":{"a":0,"k":{"i":[[0,0],[-0.39,0.39],[0,0],[0,0],[0,0.55],[0,0],[0.55,0],[0,0],[0,-0.55]],"o":[[0,0.55],[0,0],[0,0],[0.55,0],[0,0],[0,-0.55],[0,0],[-0.55,0],[0,0]],"v":[[-12,8.243],[-11.29,8.533],[-6,3.243],[11,3.243],[12,2.243],[12,-7.757],[11,-8.757],[-11,-8.757],[-12,-7.757]],"c":true},"ix":2},"nm":"Path 1","mn":"ADBE Vector Shape - Group","hd":false},{"ty":"fl","c":{"a":0,"k":[0.905882000923,0.203922003508,0.274509996176,1],"ix":4},"o":{"a":0,"k":100,"ix":5},"r":1,"bm":0,"nm":"Fill 1","mn":"ADBE Vector Graphic - Fill","hd":false},{"ty":"tr","p":{"a":0,"k":[0,0],"ix":2},"a":{"a":0,"k":[0,0],"ix":1},"s":{"a":0,"k":[300,300],"ix":3},"r":{"a":0,"k":0,"ix":6},"o":{"a":0,"k":100,"ix":7},"sk":{"a":0,"k":0,"ix":4},"sa":{"a":0,"k":0,"ix":5},"nm":"Transform"}],"nm":"Path","np":2,"cix":2,"bm":0,"ix":1,"mn":"ADBE Vector Group","hd":false}],"ip":0,"op":121.000004928431,"st":0,"bm":0}],"markers":[]}