{"v":"5.5.6","fr":29.9700012207031,"ip":0,"op":121.000004928431,"w":136,"h":136,"nm":"5_Star","ddd":0,"assets":[],"layers":[{"ddd":0,"ind":1,"ty":4,"nm":"Path","parent":4,"sr":1,"ks":{"o":{"a":1,"k":[{"i":{"x":[0.833],"y":[0.833]},"o":{"x":[0.167],"y":[0.167]},"t":80,"s":[100]},{"t":88.0000035843135,"s":[0]}],"ix":11},"r":{"a":0,"k":0,"ix":10},"p":{"a":0,"k":[0,0,0],"ix":2},"a":{"a":0,"k":[0,0,0],"ix":1},"s":{"a":1,"k":[{"i":{"x":[0.375,0.375,0.375],"y":[0.883,0.883,-12.593]},"o":{"x":[0.243,0.243,0.243],"y":[0.09,0.09,10.526]},"t":0,"s":[0,0,100]},{"i":{"x":[0.656,0.656,0.656],"y":[1,1,1]},"o":{"x":[0.283,0.283,0.283],"y":[-0.633,-0.633,10.408]},"t":13,"s":[116.433,116.433,100]},{"t":35.0000014255792,"s":[100,100,100]}],"ix":6}},"ao":0,"shapes":[{"ty":"gr","it":[{"ind":0,"ty":"sh","ix":1,"ks":{"a":0,"k":{"i":[[0,0],[-0.25,-0.51],[0,0],[-0.57,-0.08],[0,0],[0.41,-0.4],[0,0],[-0.1,-0.56],[0,0],[0.51,0.27],[0,0],[0.51,-0.27],[0,0],[-0.09,0.56],[0,0],[0.41,0.4],[0,0],[-0.57,0.09],[0,0],[-0.25,0.51]],"o":[[0.25,-0.51],[0,0],[0.25,0.51],[0,0],[0.57,0.08],[0,0],[-0.41,0.4],[0,0],[0.1,0.56],[0,0],[-0.51,-0.27],[0,0],[-0.51,0.27],[0,0],[0.1,-0.56],[0,0],[-0.41,-0.4],[0,0],[0.57,-0.08],[0,0]],"v":[[-0.454,-11.046],[0.466,-11.046],[3.406,-5.086],[4.896,-4.006],[11.476,-3.046],[11.766,-2.166],[7.006,2.474],[6.436,4.224],[7.556,10.774],[6.806,11.314],[0.926,8.224],[-0.924,8.224],[-6.804,11.314],[-7.554,10.774],[-6.434,4.224],[-7.004,2.474],[-11.764,-2.166],[-11.474,-3.046],[-4.894,-4.006],[-3.404,-5.086]],"c":true},"ix":2},"nm":"Path 1","mn":"ADBE Vector Shape - Group","hd":false},{"ty":"st","c":{"a":0,"k":[0,0,0,1],"ix":3},"o":{"a":0,"k":100,"ix":4},"w":{"a":0,"k":1,"ix":5},"lc":2,"lj":2,"bm":0,"nm":"Stroke 1","mn":"ADBE Vector Graphic - Stroke","hd":false},{"ty":"tr","p":{"a":0,"k":[0,0],"ix":2},"a":{"a":0,"k":[0,0],"ix":1},"s":{"a":0,"k":[300,300],"ix":3},"r":{"a":0,"k":0,"ix":6},"o":{"a":0,"k":100,"ix":7},"sk":{"a":0,"k":0,"ix":4},"sa":{"a":0,"k":0,"ix":5},"nm":"Transform"}],"nm":"Path","np":2,"cix":2,"bm":0,"ix":1,"mn":"ADBE Vector Group","hd":false}],"ip":0,"op":121.000004928431,"st":0,"bm":0},{"ddd":0,"ind":2,"ty":4,"nm":"Path","parent":4,"sr":1,"ks":{"o":{"a":1,"k":[{"i":{"x":[0.833],"y":[0.833]},"o":{"x":[0.167],"y":[0.167]},"t":80,"s":[100]},{"t":81.0000032991976,"s":[0]}],"ix":11},"r":{"a":0,"k":0,"ix":10},"p":{"a":0,"k":[-16.484,-0.03,0],"ix":2},"a":{"a":0,"k":[0,0,0],"ix":1},"s":{"a":0,"k":[100,100,100],"ix":6}},"ao":0,"shapes":[{"ty":"gr","it":[{"ind":0,"ty":"sh","ix":1,"ks":{"a":0,"k":{"i":[[0,0],[-0.57,0.09],[0,0],[-0.25,0.51],[0,0],[-0.25,-0.51],[0,0],[0,0],[0.57,-0.08],[0,0],[-0.41,-0.4],[0,0],[0.1,-0.56],[0,0],[0,0],[-0.09,0.56],[0,0],[0.41,0.4]],"o":[[-0.41,-0.4],[0,0],[0.57,-0.08],[0,0],[0.25,-0.51],[0,0],[0,0],[-0.25,0.51],[0,0],[-0.57,0.08],[0,0],[0.41,0.4],[0,0],[0,0],[-0.51,0.27],[0,0],[0.1,-0.56],[0,0]],"v":[[-6.26,-2.166],[-5.97,-3.046],[0.61,-4.006],[2.1,-5.086],[5.04,-11.046],[5.96,-11.046],[6.5,-9.956],[4.1,-5.086],[2.61,-4.006],[-3.97,-3.046],[-4.26,-2.166],[0.5,2.474],[1.07,4.224],[-0.03,10.644],[-1.3,11.314],[-2.05,10.774],[-0.93,4.224],[-1.5,2.474]],"c":true},"ix":2},"nm":"Path 1","mn":"ADBE Vector Shape - Group","hd":false},{"ty":"fl","c":{"a":0,"k":[1,0.874509990215,0.262744992971,1],"ix":4},"o":{"a":0,"k":100,"ix":5},"r":1,"bm":0,"nm":"Fill 1","mn":"ADBE Vector Graphic - Fill","hd":false},{"ty":"tr","p":{"a":0,"k":[0,0],"ix":2},"a":{"a":0,"k":[0,0],"ix":1},"s":{"a":0,"k":[300,300],"ix":3},"r":{"a":0,"k":0,"ix":6},"o":{"a":0,"k":100,"ix":7},"sk":{"a":0,"k":0,"ix":4},"sa":{"a":0,"k":0,"ix":5},"nm":"Transform"}],"nm":"Path","np":2,"cix":2,"bm":0,"ix":1,"mn":"ADBE Vector Group","hd":false}],"ip":0,"op":121.000004928431,"st":0,"bm":0},{"ddd":0,"ind":3,"ty":4,"nm":"Path","parent":4,"sr":1,"ks":{"o":{"a":1,"k":[{"i":{"x":[0.833],"y":[0.833]},"o":{"x":[0.167],"y":[0.167]},"t":80,"s":[100]},{"t":81.0000032991976,"s":[0]}],"ix":11},"r":{"a":0,"k":0,"ix":10},"p":{"a":0,"k":[16.529,0,0],"ix":2},"a":{"a":0,"k":[0,0,0],"ix":1},"s":{"a":0,"k":[100,100,100],"ix":6}},"ao":0,"shapes":[{"ty":"gr","it":[{"ind":0,"ty":"sh","ix":1,"ks":{"a":0,"k":{"i":[[0,0],[0.57,0.09],[0,0],[0.25,0.51],[0,0],[0.25,-0.51],[0,0],[0,0],[-0.57,-0.08],[0,0],[0.41,-0.4],[0,0],[-0.1,-0.56],[0,0],[0,0],[0.09,0.56],[0,0],[-0.41,0.4]],"o":[[0.41,-0.4],[0,0],[-0.57,-0.08],[0,0],[-0.25,-0.51],[0,0],[0,0],[0.25,0.51],[0,0],[0.57,0.08],[0,0],[-0.41,0.4],[0,0],[0,0],[0.51,0.27],[0,0],[-0.1,-0.56],[0,0]],"v":[[6.255,-2.176],[5.965,-3.056],[-0.605,-4.006],[-2.095,-5.086],[-5.035,-11.046],[-5.955,-11.046],[-6.495,-9.956],[-4.095,-5.086],[-2.605,-4.006],[3.975,-3.046],[4.265,-2.166],[-0.495,2.474],[-1.065,4.224],[0.035,10.644],[1.305,11.314],[2.055,10.774],[0.935,4.224],[1.505,2.474]],"c":true},"ix":2},"nm":"Path 1","mn":"ADBE Vector Shape - Group","hd":false},{"ty":"fl","c":{"a":0,"k":[0.894118010998,0.607842981815,0,1],"ix":4},"o":{"a":0,"k":100,"ix":5},"r":1,"bm":0,"nm":"Fill 1","mn":"ADBE Vector Graphic - Fill","hd":false},{"ty":"tr","p":{"a":0,"k":[0,0],"ix":2},"a":{"a":0,"k":[0,0],"ix":1},"s":{"a":0,"k":[300,300],"ix":3},"r":{"a":0,"k":0,"ix":6},"o":{"a":0,"k":100,"ix":7},"sk":{"a":0,"k":0,"ix":4},"sa":{"a":0,"k":0,"ix":5},"nm":"Transform"}],"nm":"Path","np":2,"cix":2,"bm":0,"ix":1,"mn":"ADBE Vector Group","hd":false}],"ip":0,"op":121.000004928431,"st":0,"bm":0},{"ddd":0,"ind":4,"ty":4,"nm":"Path","sr":1,"ks":{"o":{"a":1,"k":[{"i":{"x":[0.833],"y":[0.833]},"o":{"x":[0.167],"y":[0.167]},"t":80,"s":[100]},{"t":88.0000035843135,"s":[0]}],"ix":11},"r":{"a":0,"k":0,"ix":10},"p":{"a":0,"k":[68.013,67.807,0],"ix":2},"a":{"a":0,"k":[0,0,0],"ix":1},"s":{"a":1,"k":[{"i":{"x":[0.375,0.375,0.375],"y":[0.925,0.925,-7.365]},"o":{"x":[0.257,0.257,0.257],"y":[0.062,0.062,6.858]},"t":0,"s":[0,0,100]},{"i":{"x":[0.649,0.649,0.649],"y":[1,1,1]},"o":{"x":[0.283,0.283,0.283],"y":[-0.91,-0.91,10.408]},"t":8,"s":[111.433,111.433,100]},{"i":{"x":[0.833,0.833,0.833],"y":[1,1,1]},"o":{"x":[0.167,0.167,0.167],"y":[0,0,0]},"t":30,"s":[100,100,100]},{"i":{"x":[0.668,0.668,0.668],"y":[0.821,0.821,0.9]},"o":{"x":[0.157,0.157,0.157],"y":[0,0,0]},"t":80,"s":[100,100,100]},{"i":{"x":[0.794,0.794,0.794],"y":[1,1,1]},"o":{"x":[0.436,0.436,0.436],"y":[1.703,1.703,0.171]},"t":93,"s":[144.894,144.894,100]},{"t":110.000004480392,"s":[153,153,100]}],"ix":6}},"ao":0,"shapes":[{"ty":"gr","it":[{"ind":0,"ty":"sh","ix":1,"ks":{"a":0,"k":{"i":[[0,0],[-0.25,-0.51],[0,0],[-0.57,-0.08],[0,0],[0.41,-0.4],[0,0],[-0.1,-0.56],[0,0],[0.51,0.27],[0,0],[0.51,-0.27],[0,0],[-0.09,0.56],[0,0],[0.41,0.4],[0,0],[-0.57,0.09],[0,0],[-0.25,0.51]],"o":[[0.25,-0.51],[0,0],[0.25,0.51],[0,0],[0.57,0.08],[0,0],[-0.41,0.4],[0,0],[0.1,0.56],[0,0],[-0.51,-0.27],[0,0],[-0.51,0.27],[0,0],[0.1,-0.56],[0,0],[-0.41,-0.4],[0,0],[0.57,-0.08],[0,0]],"v":[[-0.454,-11.046],[0.466,-11.046],[3.406,-5.086],[4.896,-4.006],[11.476,-3.046],[11.766,-2.166],[7.006,2.474],[6.436,4.224],[7.556,10.774],[6.806,11.314],[0.926,8.224],[-0.924,8.224],[-6.804,11.314],[-7.554,10.774],[-6.434,4.224],[-7.004,2.474],[-11.764,-2.166],[-11.474,-3.046],[-4.894,-4.006],[-3.404,-5.086]],"c":true},"ix":2},"nm":"Path 1","mn":"ADBE Vector Shape - Group","hd":false},{"ty":"fl","c":{"a":0,"k":[0.984314024448,0.7333329916,0.129411995411,1],"ix":4},"o":{"a":0,"k":100,"ix":5},"r":1,"bm":0,"nm":"Fill 1","mn":"ADBE Vector Graphic - Fill","hd":false},{"ty":"tr","p":{"a":0,"k":[0,0],"ix":2},"a":{"a":0,"k":[0,0],"ix":1},"s":{"a":0,"k":[300,300],"ix":3},"r":{"a":0,"k":0,"ix":6},"o":{"a":0,"k":100,"ix":7},"sk":{"a":0,"k":0,"ix":4},"sa":{"a":0,"k":0,"ix":5},"nm":"Transform"}],"nm":"Path","np":2,"cix":2,"bm":0,"ix":1,"mn":"ADBE Vector Group","hd":false}],"ip":0,"op":121.000004928431,"st":0,"bm":0}],"markers":[]}