{"v":"5.5.6","fr":29.9700012207031,"ip":0,"op":121.000004928431,"w":136,"h":136,"nm":"7_Ribbon","ddd":0,"assets":[],"layers":[{"ddd":0,"ind":1,"ty":4,"nm":"Oval","parent":2,"sr":1,"ks":{"o":{"a":0,"k":100,"ix":11},"r":{"a":0,"k":0,"ix":10},"p":{"a":0,"k":[0.015,-0.015,0],"ix":2},"a":{"a":0,"k":[0,0,0],"ix":1},"s":{"a":1,"k":[{"i":{"x":[0.375,0.375,0.375],"y":[0.853,0.853,-14.684]},"o":{"x":[0.235,0.235,0.235],"y":[0.111,0.111,11.771]},"t":0,"s":[0,0,100]},{"i":{"x":[0.66,0.66,0.66],"y":[1,1,1]},"o":{"x":[0.283,0.283,0.283],"y":[-1.397,-1.397,8.989]},"t":15,"s":[106.433,106.433,100]},{"t":34.0000013848484,"s":[100,100,100]}],"ix":6}},"ao":0,"shapes":[{"ty":"gr","it":[{"d":1,"ty":"el","s":{"a":0,"k":[10,10],"ix":2},"p":{"a":0,"k":[0,0],"ix":3},"nm":"Ellipse Path 1","mn":"ADBE Vector Shape - Ellipse","hd":false},{"ty":"st","c":{"a":0,"k":[0,0,0,1],"ix":3},"o":{"a":0,"k":100,"ix":4},"w":{"a":0,"k":1,"ix":5},"lc":2,"lj":2,"bm":0,"nm":"Stroke 1","mn":"ADBE Vector Graphic - Stroke","hd":false},{"ty":"tr","p":{"a":0,"k":[0,0],"ix":2},"a":{"a":0,"k":[0,0],"ix":1},"s":{"a":0,"k":[300,300],"ix":3},"r":{"a":0,"k":0,"ix":6},"o":{"a":0,"k":100,"ix":7},"sk":{"a":0,"k":0,"ix":4},"sa":{"a":0,"k":0,"ix":5},"nm":"Transform"}],"nm":"Oval","np":2,"cix":2,"bm":0,"ix":1,"mn":"ADBE Vector Group","hd":false}],"ip":0,"op":121.000004928431,"st":0,"bm":0},{"ddd":0,"ind":2,"ty":4,"nm":"Path","parent":5,"sr":1,"ks":{"o":{"a":0,"k":100,"ix":11},"r":{"a":0,"k":0,"ix":10},"p":{"a":0,"k":[0,0,0],"ix":2},"a":{"a":0,"k":[0,0,0],"ix":1},"s":{"a":1,"k":[{"i":{"x":[0.375,0.375,0.375],"y":[0.872,0.872,-12.593]},"o":{"x":[0.239,0.239,0.239],"y":[0.097,0.097,10.357]},"t":0,"s":[0,0,100]},{"i":{"x":[0.658,0.658,0.658],"y":[1,1,1]},"o":{"x":[0.283,0.283,0.283],"y":[-1.397,-1.397,8.989]},"t":13,"s":[106.433,106.433,100]},{"t":32.0000013033867,"s":[100,100,100]}],"ix":6}},"ao":0,"shapes":[{"ty":"gr","it":[{"ind":0,"ty":"sh","ix":1,"ks":{"a":0,"k":{"i":[[0,0],[0.4,-0.38],[0,0],[-0.11,-0.54],[0,0],[0.55,-0.07],[0,0],[0.23,-0.5],[0,0],[0.48,0.27],[0,0],[0.48,-0.27],[0,0],[0.23,0.5],[0,0],[0.55,0.07],[0,0],[-0.11,0.54],[0,0],[0.41,0.37],[0,0],[-0.4,0.38],[0,0],[0.11,0.54],[0,0],[-0.55,0.07],[0,0],[-0.23,0.5],[0,0],[-0.48,-0.27],[0,0],[-0.48,0.27],[0,0],[-0.23,-0.5],[0,0],[-0.54,-0.07],[0,0],[0.11,-0.54],[0,0],[-0.4,-0.37]],"o":[[0.4,0.37],[0,0],[-0.4,0.37],[0,0],[0.11,0.54],[0,0],[-0.55,0.06],[0,0],[-0.23,0.5],[0,0],[-0.48,-0.27],[0,0],[-0.48,0.27],[0,0],[-0.23,-0.5],[0,0],[-0.55,-0.06],[0,0],[0.11,-0.54],[0,0],[-0.4,-0.37],[0,0],[0.4,-0.37],[0,0],[-0.11,-0.54],[0,0],[0.55,-0.06],[0,0],[0.23,-0.5],[0,0],[0.48,0.27],[0,0],[0.48,-0.27],[0,0],[0.23,0.5],[0,0],[0.55,0.06],[0,0],[-0.11,0.54],[0,0]],"v":[[8.265,-0.678],[8.265,0.682],[7.395,1.492],[6.855,3.152],[7.085,4.322],[6.285,5.422],[5.105,5.562],[3.695,6.592],[3.195,7.672],[1.905,8.092],[0.865,7.512],[-0.875,7.512],[-1.905,8.072],[-3.195,7.652],[-3.695,6.572],[-5.105,5.542],[-6.285,5.402],[-7.085,4.302],[-6.855,3.142],[-7.395,1.482],[-8.265,0.672],[-8.265,-0.688],[-7.395,-1.498],[-6.855,-3.158],[-7.085,-4.328],[-6.285,-5.428],[-5.105,-5.568],[-3.695,-6.598],[-3.195,-7.678],[-1.905,-8.098],[-0.865,-7.518],[0.875,-7.518],[1.915,-8.098],[3.205,-7.678],[3.705,-6.598],[5.115,-5.568],[6.295,-5.428],[7.095,-4.328],[6.865,-3.158],[7.405,-1.498]],"c":true},"ix":2},"nm":"Path 1","mn":"ADBE Vector Shape - Group","hd":false},{"ty":"st","c":{"a":0,"k":[0,0,0,1],"ix":3},"o":{"a":0,"k":100,"ix":4},"w":{"a":0,"k":1,"ix":5},"lc":2,"lj":2,"bm":0,"nm":"Stroke 1","mn":"ADBE Vector Graphic - Stroke","hd":false},{"ty":"tr","p":{"a":0,"k":[0,0],"ix":2},"a":{"a":0,"k":[0,0],"ix":1},"s":{"a":0,"k":[300,300],"ix":3},"r":{"a":0,"k":0,"ix":6},"o":{"a":0,"k":100,"ix":7},"sk":{"a":0,"k":0,"ix":4},"sa":{"a":0,"k":0,"ix":5},"nm":"Transform"}],"nm":"Path","np":2,"cix":2,"bm":0,"ix":1,"mn":"ADBE Vector Group","hd":false}],"ip":0,"op":121.000004928431,"st":0,"bm":0},{"ddd":0,"ind":3,"ty":4,"nm":"Path","parent":5,"sr":1,"ks":{"o":{"a":0,"k":100,"ix":11},"r":{"a":0,"k":0,"ix":10},"p":{"a":0,"k":[-14.985,0,0],"ix":2},"a":{"a":0,"k":[0,0,0],"ix":1},"s":{"a":0,"k":[100,100,100],"ix":6}},"ao":0,"shapes":[{"ty":"gr","it":[{"ind":0,"ty":"sh","ix":1,"ks":{"a":0,"k":{"i":[[-0.4,0.37],[0,0],[0.11,0.54],[0,0],[-0.55,0.07],[0,0],[-0.23,0.5],[0,0],[-0.48,-0.27],[0,0],[0,0],[0,0],[0.54,-0.07],[0,0],[-0.11,-0.54],[0,0],[0.4,-0.37],[0,0],[-0.4,-0.38],[0,0],[0.11,-0.54],[0,0],[-0.55,-0.07],[0,0],[-0.23,-0.5],[0,0],[0,0],[0,0],[0.23,0.5],[0,0],[0.55,0.07],[0,0],[-0.11,0.54],[0,0],[0.4,0.37],[0,0]],"o":[[0,0],[0.4,-0.37],[0,0],[-0.11,-0.54],[0,0],[0.55,-0.06],[0,0],[0.23,-0.5],[0,0],[0,0.01],[0,0],[-0.23,0.5],[0,0],[-0.55,0.06],[0,0],[0.11,0.54],[0,0],[-0.4,0.37],[0,0],[0.4,0.37],[0,0],[-0.11,0.54],[0,0],[0.55,0.06],[0,0],[0,0.01],[0,0],[-0.48,0.27],[0,0],[-0.23,-0.5],[0,0],[-0.55,-0.06],[0,0],[0.11,-0.54],[0,0],[-0.4,-0.37]],"v":[[-3.39,-0.678],[-2.52,-1.488],[-1.98,-3.148],[-2.21,-4.318],[-1.41,-5.418],[-0.23,-5.558],[1.18,-6.588],[1.68,-7.668],[2.97,-8.088],[3.69,-7.678],[3.68,-7.668],[3.18,-6.588],[1.77,-5.558],[0.59,-5.418],[-0.21,-4.318],[0.02,-3.148],[-0.52,-1.488],[-1.39,-0.678],[-1.39,0.682],[-0.52,1.492],[0.02,3.152],[-0.21,4.322],[0.59,5.422],[1.77,5.562],[3.18,6.592],[3.68,7.672],[3.69,7.682],[2.97,8.082],[1.68,7.662],[1.18,6.582],[-0.23,5.552],[-1.41,5.412],[-2.21,4.312],[-1.98,3.142],[-2.52,1.482],[-3.39,0.672]],"c":true},"ix":2},"nm":"Path 1","mn":"ADBE Vector Shape - Group","hd":false},{"ty":"fl","c":{"a":0,"k":[0.929412007332,0.419607996941,0.384314000607,1],"ix":4},"o":{"a":0,"k":100,"ix":5},"r":1,"bm":0,"nm":"Fill 1","mn":"ADBE Vector Graphic - Fill","hd":false},{"ty":"tr","p":{"a":0,"k":[0,0],"ix":2},"a":{"a":0,"k":[0,0],"ix":1},"s":{"a":0,"k":[300,300],"ix":3},"r":{"a":0,"k":0,"ix":6},"o":{"a":0,"k":100,"ix":7},"sk":{"a":0,"k":0,"ix":4},"sa":{"a":0,"k":0,"ix":5},"nm":"Transform"}],"nm":"Path","np":2,"cix":2,"bm":0,"ix":1,"mn":"ADBE Vector Group","hd":false}],"ip":0,"op":121.000004928431,"st":0,"bm":0},{"ddd":0,"ind":4,"ty":4,"nm":"Path","parent":5,"sr":1,"ks":{"o":{"a":0,"k":100,"ix":11},"r":{"a":0,"k":0,"ix":10},"p":{"a":0,"k":[14.636,0,0],"ix":2},"a":{"a":0,"k":[0,0,0],"ix":1},"s":{"a":0,"k":[100,100,100],"ix":6}},"ao":0,"shapes":[{"ty":"gr","it":[{"ind":0,"ty":"sh","ix":1,"ks":{"a":0,"k":{"i":[[0.41,0.37],[0,0],[-0.11,0.54],[0,0],[0.55,0.07],[0,0],[0.23,0.5],[0,0],[0.48,-0.27],[0,0],[0,0],[0,0],[-0.54,-0.07],[0,0],[0.11,-0.54],[0,0],[-0.4,-0.37],[0,0],[0.4,-0.38],[0,0],[-0.11,-0.54],[0,0],[0.55,-0.07],[0,0],[0.23,-0.5],[0,0],[0,0],[0,0],[-0.23,0.5],[0,0],[-0.55,0.07],[0,0],[0.11,0.54],[0,0],[-0.4,0.37],[0,0]],"o":[[0,0],[-0.4,-0.37],[0,0],[0.11,-0.54],[0,0],[-0.55,-0.06],[0,0],[-0.23,-0.5],[0,0],[0,0.01],[0,0],[0.23,0.5],[0,0],[0.55,0.06],[0,0],[-0.11,0.54],[0,0],[0.4,0.37],[0,0],[-0.4,0.37],[0,0],[0.11,0.54],[0,0],[-0.55,0.06],[0,0],[0,0.01],[0,0],[0.48,0.27],[0,0],[0.23,-0.5],[0,0],[0.55,-0.06],[0,0],[-0.11,-0.54],[0,0],[0.41,-0.37]],"v":[[3.386,-0.678],[2.516,-1.488],[1.976,-3.148],[2.206,-4.318],[1.406,-5.418],[0.226,-5.558],[-1.184,-6.588],[-1.684,-7.668],[-2.974,-8.088],[-3.694,-7.678],[-3.684,-7.668],[-3.184,-6.588],[-1.774,-5.558],[-0.594,-5.418],[0.206,-4.318],[-0.024,-3.148],[0.516,-1.488],[1.386,-0.678],[1.386,0.682],[0.516,1.492],[-0.024,3.152],[0.206,4.322],[-0.594,5.422],[-1.774,5.562],[-3.184,6.592],[-3.684,7.672],[-3.694,7.682],[-2.974,8.082],[-1.684,7.662],[-1.184,6.582],[0.226,5.552],[1.406,5.412],[2.206,4.312],[1.976,3.142],[2.516,1.482],[3.386,0.672]],"c":true},"ix":2},"nm":"Path 1","mn":"ADBE Vector Shape - Group","hd":false},{"ty":"fl","c":{"a":0,"k":[0.827450990677,0.02352900058,0.188234999776,1],"ix":4},"o":{"a":0,"k":100,"ix":5},"r":1,"bm":0,"nm":"Fill 1","mn":"ADBE Vector Graphic - Fill","hd":false},{"ty":"tr","p":{"a":0,"k":[0,0],"ix":2},"a":{"a":0,"k":[0,0],"ix":1},"s":{"a":0,"k":[300,300],"ix":3},"r":{"a":0,"k":0,"ix":6},"o":{"a":0,"k":100,"ix":7},"sk":{"a":0,"k":0,"ix":4},"sa":{"a":0,"k":0,"ix":5},"nm":"Transform"}],"nm":"Path","np":2,"cix":2,"bm":0,"ix":1,"mn":"ADBE Vector Group","hd":false}],"ip":0,"op":121.000004928431,"st":0,"bm":0},{"ddd":0,"ind":5,"ty":4,"nm":"Path","sr":1,"ks":{"o":{"a":0,"k":100,"ix":11},"r":{"a":0,"k":0,"ix":10},"p":{"a":1,"k":[{"i":{"x":0.31,"y":1},"o":{"x":0.167,"y":0.167},"t":80,"s":[67.985,56.654,0],"to":[0,1.893,0],"ti":[0,-1.893,0]},{"t":95.0000038694293,"s":[67.985,68.009,0]}],"ix":2},"a":{"a":0,"k":[0,0,0],"ix":1},"s":{"a":1,"k":[{"i":{"x":[0.375,0.375,0.375],"y":[0.892,0.892,-10.502]},"o":{"x":[0.243,0.243,0.243],"y":[0.084,0.084,8.928]},"t":0,"s":[0,0,100]},{"i":{"x":[0.656,0.656,0.656],"y":[1,1,1]},"o":{"x":[0.283,0.283,0.283],"y":[-1.397,-1.397,8.989]},"t":11,"s":[106.433,106.433,100]},{"i":{"x":[0.31,0.31,0.31],"y":[1,1,1]},"o":{"x":[0.167,0.167,0.167],"y":[0,0,0]},"t":30,"s":[100,100,100]},{"i":{"x":[0.31,0.31,0.31],"y":[1,1,1]},"o":{"x":[0.167,0.167,0.167],"y":[0,0,0]},"t":95,"s":[100,100,100]},{"t":110.000004480392,"s":[0,0,100]}],"ix":6}},"ao":0,"shapes":[{"ty":"gr","it":[{"ind":0,"ty":"sh","ix":1,"ks":{"a":0,"k":{"i":[[0,0],[0.4,-0.38],[0,0],[-0.11,-0.54],[0,0],[0.55,-0.07],[0,0],[0.23,-0.5],[0,0],[0.48,0.27],[0,0],[0.48,-0.27],[0,0],[0.23,0.5],[0,0],[0.55,0.07],[0,0],[-0.11,0.54],[0,0],[0.41,0.37],[0,0],[-0.4,0.38],[0,0],[0.11,0.54],[0,0],[-0.55,0.07],[0,0],[-0.23,0.5],[0,0],[-0.48,-0.27],[0,0],[-0.48,0.27],[0,0],[-0.23,-0.5],[0,0],[-0.54,-0.07],[0,0],[0.11,-0.54],[0,0],[-0.4,-0.37]],"o":[[0.4,0.37],[0,0],[-0.4,0.37],[0,0],[0.11,0.54],[0,0],[-0.55,0.06],[0,0],[-0.23,0.5],[0,0],[-0.48,-0.27],[0,0],[-0.48,0.27],[0,0],[-0.23,-0.5],[0,0],[-0.55,-0.06],[0,0],[0.11,-0.54],[0,0],[-0.4,-0.37],[0,0],[0.4,-0.37],[0,0],[-0.11,-0.54],[0,0],[0.55,-0.06],[0,0],[0.23,-0.5],[0,0],[0.48,0.27],[0,0],[0.48,-0.27],[0,0],[0.23,0.5],[0,0],[0.55,0.06],[0,0],[-0.11,0.54],[0,0]],"v":[[8.265,-0.678],[8.265,0.682],[7.395,1.492],[6.855,3.152],[7.085,4.322],[6.285,5.422],[5.105,5.562],[3.695,6.592],[3.195,7.672],[1.905,8.092],[0.865,7.512],[-0.875,7.512],[-1.905,8.072],[-3.195,7.652],[-3.695,6.572],[-5.105,5.542],[-6.285,5.402],[-7.085,4.302],[-6.855,3.142],[-7.395,1.482],[-8.265,0.672],[-8.265,-0.688],[-7.395,-1.498],[-6.855,-3.158],[-7.085,-4.328],[-6.285,-5.428],[-5.105,-5.568],[-3.695,-6.598],[-3.195,-7.678],[-1.905,-8.098],[-0.865,-7.518],[0.875,-7.518],[1.915,-8.098],[3.205,-7.678],[3.705,-6.598],[5.115,-5.568],[6.295,-5.428],[7.095,-4.328],[6.865,-3.158],[7.405,-1.498]],"c":true},"ix":2},"nm":"Path 1","mn":"ADBE Vector Shape - Group","hd":false},{"ty":"fl","c":{"a":0,"k":[0.905882000923,0.203922003508,0.274509996176,1],"ix":4},"o":{"a":0,"k":100,"ix":5},"r":1,"bm":0,"nm":"Fill 1","mn":"ADBE Vector Graphic - Fill","hd":false},{"ty":"tr","p":{"a":0,"k":[0,0],"ix":2},"a":{"a":0,"k":[0,0],"ix":1},"s":{"a":0,"k":[300,300],"ix":3},"r":{"a":0,"k":0,"ix":6},"o":{"a":0,"k":100,"ix":7},"sk":{"a":0,"k":0,"ix":4},"sa":{"a":0,"k":0,"ix":5},"nm":"Transform"}],"nm":"Path","np":2,"cix":2,"bm":0,"ix":1,"mn":"ADBE Vector Group","hd":false}],"ip":0,"op":121.000004928431,"st":0,"bm":0},{"ddd":0,"ind":6,"ty":4,"nm":"Path 3","parent":8,"sr":1,"ks":{"o":{"a":0,"k":100,"ix":11},"r":{"a":0,"k":0,"ix":10},"p":{"a":0,"k":[0,0,0],"ix":2},"a":{"a":0,"k":[0,0,0],"ix":1},"s":{"a":0,"k":[100,100,100],"ix":6}},"ao":0,"shapes":[{"ty":"gr","it":[{"ind":0,"ty":"sh","ix":1,"ks":{"a":0,"k":{"i":[[0,0],[0,0],[0,0],[0,0],[0,0]],"o":[[0,0],[0,0],[0,0],[0,0],[0,0]],"v":[[0,-2.585],[7.76,5.175],[7.75,0.935],[12,0.935],[5.89,-5.175]],"c":false},"ix":2},"nm":"Path 1","mn":"ADBE Vector Shape - Group","hd":false},{"ty":"st","c":{"a":0,"k":[0,0,0,1],"ix":3},"o":{"a":0,"k":100,"ix":4},"w":{"a":0,"k":1,"ix":5},"lc":2,"lj":2,"bm":0,"nm":"Stroke 1","mn":"ADBE Vector Graphic - Stroke","hd":false},{"ty":"tr","p":{"a":0,"k":[0,0],"ix":2},"a":{"a":0,"k":[0,0],"ix":1},"s":{"a":0,"k":[300,300],"ix":3},"r":{"a":0,"k":0,"ix":6},"o":{"a":0,"k":100,"ix":7},"sk":{"a":0,"k":0,"ix":4},"sa":{"a":0,"k":0,"ix":5},"nm":"Transform"}],"nm":"Path","np":2,"cix":2,"bm":0,"ix":1,"mn":"ADBE Vector Group","hd":false}],"ip":6.00000024438501,"op":121.000004928431,"st":6.00000024438501,"bm":0},{"ddd":0,"ind":7,"ty":4,"nm":"Path","parent":8,"sr":1,"ks":{"o":{"a":0,"k":100,"ix":11},"r":{"a":0,"k":0,"ix":10},"p":{"a":0,"k":[25.02,-6.36,0],"ix":2},"a":{"a":0,"k":[0,0,0],"ix":1},"s":{"a":0,"k":[100,100,100],"ix":6}},"ao":0,"shapes":[{"ty":"gr","it":[{"ind":0,"ty":"sh","ix":1,"ks":{"a":0,"k":{"i":[[0,0],[-0.26,0.03],[0,0],[0,0],[0,0]],"o":[[0.25,-0.17],[0,0],[0,0],[0,0],[0,0]],"v":[[-3.84,-2.635],[-3.05,-2.965],[-2.27,-3.055],[3.84,3.055],[1.84,3.055]],"c":true},"ix":2},"nm":"Path 1","mn":"ADBE Vector Shape - Group","hd":false},{"ty":"fl","c":{"a":0,"k":[0.827450990677,0.02352900058,0.188234999776,1],"ix":4},"o":{"a":0,"k":100,"ix":5},"r":1,"bm":0,"nm":"Fill 1","mn":"ADBE Vector Graphic - Fill","hd":false},{"ty":"tr","p":{"a":0,"k":[0,0],"ix":2},"a":{"a":0,"k":[0,0],"ix":1},"s":{"a":0,"k":[300,300],"ix":3},"r":{"a":0,"k":0,"ix":6},"o":{"a":0,"k":100,"ix":7},"sk":{"a":0,"k":0,"ix":4},"sa":{"a":0,"k":0,"ix":5},"nm":"Transform"}],"nm":"Path","np":2,"cix":2,"bm":0,"ix":1,"mn":"ADBE Vector Group","hd":false}],"ip":6.00000024438501,"op":121.000004928431,"st":6.00000024438501,"bm":0},{"ddd":0,"ind":8,"ty":4,"nm":"Path 2","parent":5,"sr":1,"ks":{"o":{"a":0,"k":100,"ix":11},"r":{"a":1,"k":[{"i":{"x":[0.378],"y":[0.865]},"o":{"x":[0.206],"y":[0.085]},"t":6,"s":[44]},{"i":{"x":[0.61],"y":[1]},"o":{"x":[0.281],"y":[1.122]},"t":17,"s":[3.589]},{"i":{"x":[0.833],"y":[1]},"o":{"x":[0.167],"y":[0]},"t":35,"s":[0]},{"i":{"x":[0.3],"y":[1]},"o":{"x":[0.39],"y":[0]},"t":80,"s":[0]},{"t":95.0000038694293,"s":[44]}],"ix":10},"p":{"a":1,"k":[{"i":{"x":0.378,"y":0.865},"o":{"x":0.206,"y":0.085},"t":6,"s":[0.015,-21.635,0],"to":[0,5.56,0],"ti":[0,-9.135,0]},{"i":{"x":0.61,"y":1},"o":{"x":0.25,"y":1},"t":17,"s":[0.015,13.266,0],"to":[0,1.27,0],"ti":[0,0,0]},{"i":{"x":0.833,"y":0.833},"o":{"x":0.167,"y":0.167},"t":35,"s":[0.015,16.365,0],"to":[0,0,0],"ti":[0,0,0]},{"i":{"x":0.3,"y":1},"o":{"x":0.39,"y":0},"t":80,"s":[0.015,16.365,0],"to":[0,-0.773,0],"ti":[0,5.56,0]},{"t":95.0000038694293,"s":[0.015,-21.635,0]}],"ix":2},"a":{"a":0,"k":[0,-15.525,0],"ix":1},"s":{"a":0,"k":[100,100,100],"ix":6}},"ao":0,"shapes":[{"ty":"gr","it":[{"ind":0,"ty":"sh","ix":1,"ks":{"a":0,"k":{"i":[[0,0],[0,0],[0,0],[0,0],[0,0],[0,0],[0.23,-0.5],[0,0],[0.48,0.27],[0,0]],"o":[[0,0],[0,0],[0,0],[0,0],[0,0],[-0.55,0.06],[0,0],[-0.23,0.5],[0,0],[-0.48,-0.27]],"v":[[0,-2.585],[7.76,5.175],[7.76,0.935],[12,0.935],[5.9,-5.175],[5.11,-5.085],[3.7,-4.055],[3.2,-2.975],[1.91,-2.555],[0.87,-3.135]],"c":true},"ix":2},"nm":"Path 1","mn":"ADBE Vector Shape - Group","hd":false},{"ty":"fl","c":{"a":0,"k":[0.905882000923,0.203922003508,0.274509996176,1],"ix":4},"o":{"a":0,"k":100,"ix":5},"r":1,"bm":0,"nm":"Fill 1","mn":"ADBE Vector Graphic - Fill","hd":false},{"ty":"tr","p":{"a":0,"k":[0,0],"ix":2},"a":{"a":0,"k":[0,0],"ix":1},"s":{"a":0,"k":[300,300],"ix":3},"r":{"a":0,"k":0,"ix":6},"o":{"a":0,"k":100,"ix":7},"sk":{"a":0,"k":0,"ix":4},"sa":{"a":0,"k":0,"ix":5},"nm":"Transform"}],"nm":"Path","np":2,"cix":2,"bm":0,"ix":1,"mn":"ADBE Vector Group","hd":false}],"ip":6.00000024438501,"op":121.000004928431,"st":6.00000024438501,"bm":0},{"ddd":0,"ind":9,"ty":4,"nm":"Path","parent":11,"sr":1,"ks":{"o":{"a":0,"k":100,"ix":11},"r":{"a":0,"k":0,"ix":10},"p":{"a":0,"k":[0,0,0],"ix":2},"a":{"a":0,"k":[0,0,0],"ix":1},"s":{"a":0,"k":[100,100,100],"ix":6}},"ao":0,"shapes":[{"ty":"gr","it":[{"ind":0,"ty":"sh","ix":1,"ks":{"a":0,"k":{"i":[[0,0],[0,0],[0,0],[0,0],[0,0]],"o":[[0,0],[0,0],[0,0],[0,0],[0,0]],"v":[[-5.89,-5.175],[-12,0.935],[-7.76,0.935],[-7.76,5.175],[0,-2.585]],"c":false},"ix":2},"nm":"Path 1","mn":"ADBE Vector Shape - Group","hd":false},{"ty":"st","c":{"a":0,"k":[0,0,0,1],"ix":3},"o":{"a":0,"k":100,"ix":4},"w":{"a":0,"k":1,"ix":5},"lc":2,"lj":2,"bm":0,"nm":"Stroke 1","mn":"ADBE Vector Graphic - Stroke","hd":false},{"ty":"tr","p":{"a":0,"k":[0,0],"ix":2},"a":{"a":0,"k":[0,0],"ix":1},"s":{"a":0,"k":[300,300],"ix":3},"r":{"a":0,"k":0,"ix":6},"o":{"a":0,"k":100,"ix":7},"sk":{"a":0,"k":0,"ix":4},"sa":{"a":0,"k":0,"ix":5},"nm":"Transform"}],"nm":"Path","np":2,"cix":2,"bm":0,"ix":1,"mn":"ADBE Vector Group","hd":false}],"ip":6.00000024438501,"op":121.000004928431,"st":6.00000024438501,"bm":0},{"ddd":0,"ind":10,"ty":4,"nm":"Path","parent":11,"sr":1,"ks":{"o":{"a":0,"k":100,"ix":11},"r":{"a":0,"k":0,"ix":10},"p":{"a":0,"k":[-24.48,-6.36,0],"ix":2},"a":{"a":0,"k":[0,0,0],"ix":1},"s":{"a":0,"k":[100,100,100],"ix":6}},"ao":0,"shapes":[{"ty":"gr","it":[{"ind":0,"ty":"sh","ix":1,"ks":{"a":0,"k":{"i":[[0,0],[0.26,0.03],[0,0],[0,0],[0,0]],"o":[[-0.25,-0.17],[0,0],[0,0],[0,0],[0,0]],"v":[[3.84,-2.635],[3.05,-2.965],[2.27,-3.055],[-3.84,3.055],[-1.84,3.055]],"c":true},"ix":2},"nm":"Path 1","mn":"ADBE Vector Shape - Group","hd":false},{"ty":"fl","c":{"a":0,"k":[0.929412007332,0.419607996941,0.384314000607,1],"ix":4},"o":{"a":0,"k":100,"ix":5},"r":1,"bm":0,"nm":"Fill 1","mn":"ADBE Vector Graphic - Fill","hd":false},{"ty":"tr","p":{"a":0,"k":[0,0],"ix":2},"a":{"a":0,"k":[0,0],"ix":1},"s":{"a":0,"k":[300,300],"ix":3},"r":{"a":0,"k":0,"ix":6},"o":{"a":0,"k":100,"ix":7},"sk":{"a":0,"k":0,"ix":4},"sa":{"a":0,"k":0,"ix":5},"nm":"Transform"}],"nm":"Path","np":2,"cix":2,"bm":0,"ix":1,"mn":"ADBE Vector Group","hd":false}],"ip":6.00000024438501,"op":121.000004928431,"st":6.00000024438501,"bm":0},{"ddd":0,"ind":11,"ty":4,"nm":"Path","parent":5,"sr":1,"ks":{"o":{"a":0,"k":100,"ix":11},"r":{"a":1,"k":[{"i":{"x":[0.378],"y":[0.865]},"o":{"x":[0.206],"y":[0.085]},"t":6,"s":[-44]},{"i":{"x":[0.61],"y":[1]},"o":{"x":[0.281],"y":[1.122]},"t":17,"s":[-3.589]},{"i":{"x":[0.833],"y":[1]},"o":{"x":[0.167],"y":[0]},"t":35,"s":[0]},{"i":{"x":[0.3],"y":[1]},"o":{"x":[0.39],"y":[0]},"t":80,"s":[0]},{"t":95.0000038694293,"s":[-44]}],"ix":10},"p":{"a":1,"k":[{"i":{"x":0.378,"y":0.865},"o":{"x":0.206,"y":0.085},"t":6,"s":[2.625,-21.635,0],"to":[0,5.56,0],"ti":[0,-9.135,0]},{"i":{"x":0.61,"y":1},"o":{"x":0.25,"y":1},"t":17,"s":[2.625,13.266,0],"to":[0,1.27,0],"ti":[0,0,0]},{"i":{"x":0.833,"y":0.833},"o":{"x":0.167,"y":0.167},"t":35,"s":[2.625,16.365,0],"to":[0,0,0],"ti":[0,0,0]},{"i":{"x":0.3,"y":1},"o":{"x":0.39,"y":0},"t":80,"s":[2.625,16.365,0],"to":[0,-0.773,0],"ti":[0,5.56,0]},{"t":95.0000038694293,"s":[2.625,-21.635,0]}],"ix":2},"a":{"a":0,"k":[2.61,-15.525,0],"ix":1},"s":{"a":0,"k":[100,100,100],"ix":6}},"ao":0,"shapes":[{"ty":"gr","it":[{"ind":0,"ty":"sh","ix":1,"ks":{"a":0,"k":{"i":[[0,0],[0,0],[0.48,-0.27],[0,0],[0.23,0.5],[0,0],[0.55,0.07],[0,0],[0,0],[0,0],[0,0]],"o":[[0,0],[-0.48,-0.27],[0,0],[-0.48,0.27],[0,0],[-0.23,-0.5],[0,0],[0,0],[0,0],[0,0],[0,0]],"v":[[0,-2.585],[0.87,-3.135],[-0.87,-3.135],[-1.91,-2.555],[-3.2,-2.975],[-3.7,-4.055],[-5.11,-5.085],[-5.89,-5.175],[-12,0.935],[-7.76,0.935],[-7.76,5.175]],"c":true},"ix":2},"nm":"Path 1","mn":"ADBE Vector Shape - Group","hd":false},{"ty":"fl","c":{"a":0,"k":[0.905882000923,0.203922003508,0.274509996176,1],"ix":4},"o":{"a":0,"k":100,"ix":5},"r":1,"bm":0,"nm":"Fill 1","mn":"ADBE Vector Graphic - Fill","hd":false},{"ty":"tr","p":{"a":0,"k":[0,0],"ix":2},"a":{"a":0,"k":[0,0],"ix":1},"s":{"a":0,"k":[300,300],"ix":3},"r":{"a":0,"k":0,"ix":6},"o":{"a":0,"k":100,"ix":7},"sk":{"a":0,"k":0,"ix":4},"sa":{"a":0,"k":0,"ix":5},"nm":"Transform"}],"nm":"Path","np":2,"cix":2,"bm":0,"ix":1,"mn":"ADBE Vector Group","hd":false}],"ip":6.00000024438501,"op":121.000004928431,"st":6.00000024438501,"bm":0}],"markers":[]}