{"v":"5.3.4","fr":29.9700012207031,"ip":0,"op":140.000005702317,"w":136,"h":136,"nm":"2_Clipboard","ddd":0,"assets":[],"layers":[{"ddd":0,"ind":1,"ty":4,"nm":"Path","parent":18,"sr":1,"ks":{"o":{"a":0,"k":100,"ix":11},"r":{"a":0,"k":0,"ix":10},"p":{"a":0,"k":[28.125,3.125,0],"ix":2},"a":{"a":0,"k":[0,0,0],"ix":1},"s":{"a":0,"k":[100,100,100],"ix":6}},"ao":0,"shapes":[{"ty":"gr","it":[{"ind":0,"ty":"sh","ix":1,"ks":{"a":0,"k":{"i":[[0,0],[0,0]],"o":[[0,0],[0,0]],"v":[[0.625,0.625],[-0.625,-0.625]],"c":false},"ix":2},"nm":"Path 1","mn":"ADBE Vector Shape - Group","hd":false},{"ty":"st","c":{"a":0,"k":[0,0,0,1],"ix":3},"o":{"a":0,"k":100,"ix":4},"w":{"a":0,"k":1,"ix":5},"lc":2,"lj":2,"nm":"Stroke 1","mn":"ADBE Vector Graphic - Stroke","hd":false},{"ty":"tr","p":{"a":0,"k":[0,0],"ix":2},"a":{"a":0,"k":[0,0],"ix":1},"s":{"a":0,"k":[500,500],"ix":3},"r":{"a":0,"k":0,"ix":6},"o":{"a":0,"k":100,"ix":7},"sk":{"a":0,"k":0,"ix":4},"sa":{"a":0,"k":0,"ix":5},"nm":"Transform"}],"nm":"Path","np":2,"cix":2,"ix":1,"mn":"ADBE Vector Group","hd":false},{"ty":"tm","s":{"a":0,"k":100,"ix":1},"e":{"a":1,"k":[{"i":{"x":[0.3],"y":[1]},"o":{"x":[0.167],"y":[0.167]},"n":["0p3_1_0p167_0p167"],"t":48,"s":[100],"e":[0]},{"t":57.0000023216576}],"ix":2},"o":{"a":0,"k":0,"ix":3},"m":1,"ix":2,"nm":"Trim Paths 1","mn":"ADBE Vector Filter - Trim","hd":false}],"ip":40.0000016292334,"op":140.000005702317,"st":21.0000008553475,"bm":0},{"ddd":0,"ind":2,"ty":4,"nm":"Path","parent":18,"sr":1,"ks":{"o":{"a":0,"k":100,"ix":11},"r":{"a":0,"k":0,"ix":10},"p":{"a":0,"k":[21.875,3.125,0],"ix":2},"a":{"a":0,"k":[0,0,0],"ix":1},"s":{"a":0,"k":[100,100,100],"ix":6}},"ao":0,"shapes":[{"ty":"gr","it":[{"ind":0,"ty":"sh","ix":1,"ks":{"a":0,"k":{"i":[[0,0],[0,0]],"o":[[0,0],[0,0]],"v":[[-0.625,0.625],[0.625,-0.625]],"c":false},"ix":2},"nm":"Path 1","mn":"ADBE Vector Shape - Group","hd":false},{"ty":"st","c":{"a":0,"k":[0,0,0,1],"ix":3},"o":{"a":0,"k":100,"ix":4},"w":{"a":0,"k":1,"ix":5},"lc":2,"lj":2,"nm":"Stroke 1","mn":"ADBE Vector Graphic - Stroke","hd":false},{"ty":"tr","p":{"a":0,"k":[0,0],"ix":2},"a":{"a":0,"k":[0,0],"ix":1},"s":{"a":0,"k":[500,500],"ix":3},"r":{"a":0,"k":0,"ix":6},"o":{"a":0,"k":100,"ix":7},"sk":{"a":0,"k":0,"ix":4},"sa":{"a":0,"k":0,"ix":5},"nm":"Transform"}],"nm":"Path","np":2,"cix":2,"ix":1,"mn":"ADBE Vector Group","hd":false},{"ty":"tm","s":{"a":0,"k":100,"ix":1},"e":{"a":1,"k":[{"i":{"x":[0.3],"y":[1]},"o":{"x":[0.167],"y":[0.167]},"n":["0p3_1_0p167_0p167"],"t":48,"s":[100],"e":[0]},{"t":57.0000023216576}],"ix":2},"o":{"a":0,"k":0,"ix":3},"m":1,"ix":2,"nm":"Trim Paths 1","mn":"ADBE Vector Filter - Trim","hd":false}],"ip":40.0000016292334,"op":140.000005702317,"st":21.0000008553475,"bm":0},{"ddd":0,"ind":3,"ty":4,"nm":"Path","parent":18,"sr":1,"ks":{"o":{"a":0,"k":100,"ix":11},"r":{"a":0,"k":0,"ix":10},"p":{"a":0,"k":[15.625,15,0],"ix":2},"a":{"a":0,"k":[0,0,0],"ix":1},"s":{"a":0,"k":[100,100,100],"ix":6}},"ao":0,"shapes":[{"ty":"gr","it":[{"ind":0,"ty":"sh","ix":1,"ks":{"a":0,"k":{"i":[[0,0],[0,0],[1.1,0],[0,0]],"o":[[0,0],[0,1.1],[0,0],[0,0]],"v":[[1.875,-3],[1.875,1],[-0.125,3],[-1.875,3]],"c":false},"ix":2},"nm":"Path 1","mn":"ADBE Vector Shape - Group","hd":false},{"ty":"st","c":{"a":0,"k":[0,0,0,1],"ix":3},"o":{"a":0,"k":100,"ix":4},"w":{"a":0,"k":1,"ix":5},"lc":2,"lj":2,"nm":"Stroke 1","mn":"ADBE Vector Graphic - Stroke","hd":false},{"ty":"tr","p":{"a":0,"k":[0,0],"ix":2},"a":{"a":0,"k":[0,0],"ix":1},"s":{"a":0,"k":[500,500],"ix":3},"r":{"a":0,"k":0,"ix":6},"o":{"a":0,"k":100,"ix":7},"sk":{"a":0,"k":0,"ix":4},"sa":{"a":0,"k":0,"ix":5},"nm":"Transform"}],"nm":"Path","np":2,"cix":2,"ix":1,"mn":"ADBE Vector Group","hd":false},{"ty":"tm","s":{"a":0,"k":100,"ix":1},"e":{"a":1,"k":[{"i":{"x":[0.3],"y":[1]},"o":{"x":[0.167],"y":[0.167]},"n":["0p3_1_0p167_0p167"],"t":40,"s":[100],"e":[0]},{"t":57.0000023216576}],"ix":2},"o":{"a":0,"k":0,"ix":3},"m":1,"ix":2,"nm":"Trim Paths 1","mn":"ADBE Vector Filter - Trim","hd":false}],"ip":40.0000016292334,"op":140.000005702317,"st":21.0000008553475,"bm":0},{"ddd":0,"ind":4,"ty":4,"nm":"Oval","parent":18,"sr":1,"ks":{"o":{"a":0,"k":100,"ix":11},"r":{"a":0,"k":0,"ix":10},"p":{"a":0,"k":[0,30,0],"ix":2},"a":{"a":0,"k":[0,0,0],"ix":1},"s":{"a":1,"k":[{"i":{"x":[0.375,0.375,0.375],"y":[0.887,0.887,2.814]},"o":{"x":[0.204,0.204,0.204],"y":[0.074,0.074,6.796]},"n":["0p375_0p887_0p204_0p074","0p375_0p887_0p204_0p074","0p375_2p814_0p204_6p796"],"t":31,"s":[0,0,100],"e":[92.433,92.433,100]},{"i":{"x":[0.663,0.663,0.663],"y":[1,1,1]},"o":{"x":[0.283,0.283,0.283],"y":[1.25,1.25,-1.641]},"n":["0p663_1_0p283_1p25","0p663_1_0p283_1p25","0p663_1_0p283_-1p641"],"t":41,"s":[92.433,92.433,100],"e":[100,100,100]},{"t":61.0000024845809}],"ix":6}},"ao":0,"shapes":[{"ty":"gr","it":[{"d":1,"ty":"el","s":{"a":0,"k":[2.5,2.5],"ix":2},"p":{"a":0,"k":[0,0],"ix":3},"nm":"Ellipse Path 1","mn":"ADBE Vector Shape - Ellipse","hd":false},{"ty":"st","c":{"a":0,"k":[0,0,0,1],"ix":3},"o":{"a":0,"k":100,"ix":4},"w":{"a":0,"k":1,"ix":5},"lc":2,"lj":2,"nm":"Stroke 1","mn":"ADBE Vector Graphic - Stroke","hd":false},{"ty":"tr","p":{"a":0,"k":[0,0],"ix":2},"a":{"a":0,"k":[0,0],"ix":1},"s":{"a":0,"k":[500,500],"ix":3},"r":{"a":0,"k":0,"ix":6},"o":{"a":0,"k":100,"ix":7},"sk":{"a":0,"k":0,"ix":4},"sa":{"a":0,"k":0,"ix":5},"nm":"Transform"}],"nm":"Oval","np":2,"cix":2,"ix":1,"mn":"ADBE Vector Group","hd":false}],"ip":19.0000007738859,"op":140.000005702317,"st":-11.0000004480392,"bm":0},{"ddd":0,"ind":5,"ty":4,"nm":"Oval","parent":18,"sr":1,"ks":{"o":{"a":0,"k":100,"ix":11},"r":{"a":0,"k":0,"ix":10},"p":{"a":0,"k":[-25,30,0],"ix":2},"a":{"a":0,"k":[0,0,0],"ix":1},"s":{"a":1,"k":[{"i":{"x":[0.375,0.375,0.375],"y":[0.887,0.887,2.814]},"o":{"x":[0.204,0.204,0.204],"y":[0.074,0.074,6.796]},"n":["0p375_0p887_0p204_0p074","0p375_0p887_0p204_0p074","0p375_2p814_0p204_6p796"],"t":29,"s":[0,0,100],"e":[92.433,92.433,100]},{"i":{"x":[0.662,0.662,0.662],"y":[1,1,1]},"o":{"x":[0.283,0.283,0.283],"y":[1.25,1.25,-1.641]},"n":["0p662_1_0p283_1p25","0p662_1_0p283_1p25","0p662_1_0p283_-1p641"],"t":39,"s":[92.433,92.433,100],"e":[100,100,100]},{"t":59.0000024031193}],"ix":6}},"ao":0,"shapes":[{"ty":"gr","it":[{"d":1,"ty":"el","s":{"a":0,"k":[2.5,2.5],"ix":2},"p":{"a":0,"k":[0,0],"ix":3},"nm":"Ellipse Path 1","mn":"ADBE Vector Shape - Ellipse","hd":false},{"ty":"st","c":{"a":0,"k":[0,0,0,1],"ix":3},"o":{"a":0,"k":100,"ix":4},"w":{"a":0,"k":1,"ix":5},"lc":2,"lj":2,"nm":"Stroke 1","mn":"ADBE Vector Graphic - Stroke","hd":false},{"ty":"tr","p":{"a":0,"k":[0,0],"ix":2},"a":{"a":0,"k":[0,0],"ix":1},"s":{"a":0,"k":[500,500],"ix":3},"r":{"a":0,"k":0,"ix":6},"o":{"a":0,"k":100,"ix":7},"sk":{"a":0,"k":0,"ix":4},"sa":{"a":0,"k":0,"ix":5},"nm":"Transform"}],"nm":"Oval","np":2,"cix":2,"ix":1,"mn":"ADBE Vector Group","hd":false}],"ip":19.0000007738859,"op":140.000005702317,"st":-11.0000004480392,"bm":0},{"ddd":0,"ind":6,"ty":4,"nm":"Oval","parent":18,"sr":1,"ks":{"o":{"a":0,"k":100,"ix":11},"r":{"a":0,"k":0,"ix":10},"p":{"a":0,"k":[0,5,0],"ix":2},"a":{"a":0,"k":[0,0,0],"ix":1},"s":{"a":1,"k":[{"i":{"x":[0.375,0.375,0.375],"y":[0.887,0.887,2.814]},"o":{"x":[0.204,0.204,0.204],"y":[0.074,0.074,6.796]},"n":["0p375_0p887_0p204_0p074","0p375_0p887_0p204_0p074","0p375_2p814_0p204_6p796"],"t":27,"s":[0,0,100],"e":[92.433,92.433,100]},{"i":{"x":[0.661,0.661,0.661],"y":[1,1,1]},"o":{"x":[0.283,0.283,0.283],"y":[1.25,1.25,-1.641]},"n":["0p661_1_0p283_1p25","0p661_1_0p283_1p25","0p661_1_0p283_-1p641"],"t":37,"s":[92.433,92.433,100],"e":[100,100,100]},{"t":57.0000023216576}],"ix":6}},"ao":0,"shapes":[{"ty":"gr","it":[{"d":1,"ty":"el","s":{"a":0,"k":[2.5,2.5],"ix":2},"p":{"a":0,"k":[0,0],"ix":3},"nm":"Ellipse Path 1","mn":"ADBE Vector Shape - Ellipse","hd":false},{"ty":"st","c":{"a":0,"k":[0,0,0,1],"ix":3},"o":{"a":0,"k":100,"ix":4},"w":{"a":0,"k":1,"ix":5},"lc":2,"lj":2,"nm":"Stroke 1","mn":"ADBE Vector Graphic - Stroke","hd":false},{"ty":"tr","p":{"a":0,"k":[0,0],"ix":2},"a":{"a":0,"k":[0,0],"ix":1},"s":{"a":0,"k":[500,500],"ix":3},"r":{"a":0,"k":0,"ix":6},"o":{"a":0,"k":100,"ix":7},"sk":{"a":0,"k":0,"ix":4},"sa":{"a":0,"k":0,"ix":5},"nm":"Transform"}],"nm":"Oval","np":2,"cix":2,"ix":1,"mn":"ADBE Vector Group","hd":false}],"ip":19.0000007738859,"op":140.000005702317,"st":-11.0000004480392,"bm":0},{"ddd":0,"ind":7,"ty":4,"nm":"Oval","parent":18,"sr":1,"ks":{"o":{"a":0,"k":100,"ix":11},"r":{"a":0,"k":0,"ix":10},"p":{"a":0,"k":[-25,5,0],"ix":2},"a":{"a":0,"k":[0,0,0],"ix":1},"s":{"a":1,"k":[{"i":{"x":[0.375,0.375,0.375],"y":[0.887,0.887,2.814]},"o":{"x":[0.204,0.204,0.204],"y":[0.074,0.074,6.796]},"n":["0p375_0p887_0p204_0p074","0p375_0p887_0p204_0p074","0p375_2p814_0p204_6p796"],"t":25,"s":[0,0,100],"e":[92.433,92.433,100]},{"i":{"x":[0.66,0.66,0.66],"y":[1,1,1]},"o":{"x":[0.283,0.283,0.283],"y":[1.25,1.25,-1.641]},"n":["0p66_1_0p283_1p25","0p66_1_0p283_1p25","0p66_1_0p283_-1p641"],"t":35,"s":[92.433,92.433,100],"e":[100,100,100]},{"t":55.0000022401959}],"ix":6}},"ao":0,"shapes":[{"ty":"gr","it":[{"d":1,"ty":"el","s":{"a":0,"k":[2.5,2.5],"ix":2},"p":{"a":0,"k":[0,0],"ix":3},"nm":"Ellipse Path 1","mn":"ADBE Vector Shape - Ellipse","hd":false},{"ty":"st","c":{"a":0,"k":[0,0,0,1],"ix":3},"o":{"a":0,"k":100,"ix":4},"w":{"a":0,"k":1,"ix":5},"lc":2,"lj":2,"nm":"Stroke 1","mn":"ADBE Vector Graphic - Stroke","hd":false},{"ty":"tr","p":{"a":0,"k":[0,0],"ix":2},"a":{"a":0,"k":[0,0],"ix":1},"s":{"a":0,"k":[500,500],"ix":3},"r":{"a":0,"k":0,"ix":6},"o":{"a":0,"k":100,"ix":7},"sk":{"a":0,"k":0,"ix":4},"sa":{"a":0,"k":0,"ix":5},"nm":"Transform"}],"nm":"Oval","np":2,"cix":2,"ix":1,"mn":"ADBE Vector Group","hd":false}],"ip":19.0000007738859,"op":140.000005702317,"st":-11.0000004480392,"bm":0},{"ddd":0,"ind":8,"ty":4,"nm":"Path","parent":9,"sr":1,"ks":{"o":{"a":0,"k":100,"ix":11},"r":{"a":0,"k":0,"ix":10},"p":{"a":0,"k":[0,0,0],"ix":2},"a":{"a":0,"k":[0,0,0],"ix":1},"s":{"a":0,"k":[100,100,100],"ix":6}},"ao":0,"shapes":[{"ty":"gr","it":[{"ind":0,"ty":"sh","ix":1,"ks":{"a":0,"k":{"i":[[0,0],[0,0]],"o":[[0,0],[0,0]],"v":[[1.25,1.25],[-1.25,-1.25]],"c":false},"ix":2},"nm":"Path 1","mn":"ADBE Vector Shape - Group","hd":false},{"ty":"st","c":{"a":0,"k":[0,0,0,1],"ix":3},"o":{"a":0,"k":100,"ix":4},"w":{"a":0,"k":1,"ix":5},"lc":2,"lj":2,"nm":"Stroke 1","mn":"ADBE Vector Graphic - Stroke","hd":false},{"ty":"tr","p":{"a":0,"k":[0,0],"ix":2},"a":{"a":0,"k":[0,0],"ix":1},"s":{"a":0,"k":[500,500],"ix":3},"r":{"a":0,"k":0,"ix":6},"o":{"a":0,"k":100,"ix":7},"sk":{"a":0,"k":0,"ix":4},"sa":{"a":0,"k":0,"ix":5},"nm":"Transform"}],"nm":"Path","np":2,"cix":2,"ix":1,"mn":"ADBE Vector Group","hd":false}],"ip":19.0000007738859,"op":140.000005702317,"st":-11.0000004480392,"bm":0},{"ddd":0,"ind":9,"ty":4,"nm":"Path","parent":18,"sr":1,"ks":{"o":{"a":0,"k":100,"ix":11},"r":{"a":0,"k":0,"ix":10},"p":{"a":0,"k":[25,-20,0],"ix":2},"a":{"a":0,"k":[0,0,0],"ix":1},"s":{"a":1,"k":[{"i":{"x":[0.375,0.375,0.375],"y":[0.887,0.887,2.814]},"o":{"x":[0.204,0.204,0.204],"y":[0.074,0.074,6.796]},"n":["0p375_0p887_0p204_0p074","0p375_0p887_0p204_0p074","0p375_2p814_0p204_6p796"],"t":23,"s":[0,0,100],"e":[92.433,92.433,100]},{"i":{"x":[0.659,0.659,0.659],"y":[1,1,1]},"o":{"x":[0.283,0.283,0.283],"y":[1.25,1.25,-1.641]},"n":["0p659_1_0p283_1p25","0p659_1_0p283_1p25","0p659_1_0p283_-1p641"],"t":33,"s":[92.433,92.433,100],"e":[100,100,100]},{"t":53.0000021587343}],"ix":6}},"ao":0,"shapes":[{"ty":"gr","it":[{"ind":0,"ty":"sh","ix":1,"ks":{"a":0,"k":{"i":[[0,0],[0,0]],"o":[[0,0],[0,0]],"v":[[-1.25,1.25],[1.25,-1.25]],"c":false},"ix":2},"nm":"Path 1","mn":"ADBE Vector Shape - Group","hd":false},{"ty":"st","c":{"a":0,"k":[0,0,0,1],"ix":3},"o":{"a":0,"k":100,"ix":4},"w":{"a":0,"k":1,"ix":5},"lc":2,"lj":2,"nm":"Stroke 1","mn":"ADBE Vector Graphic - Stroke","hd":false},{"ty":"tr","p":{"a":0,"k":[0,0],"ix":2},"a":{"a":0,"k":[0,0],"ix":1},"s":{"a":0,"k":[500,500],"ix":3},"r":{"a":0,"k":0,"ix":6},"o":{"a":0,"k":100,"ix":7},"sk":{"a":0,"k":0,"ix":4},"sa":{"a":0,"k":0,"ix":5},"nm":"Transform"}],"nm":"Path","np":2,"cix":2,"ix":1,"mn":"ADBE Vector Group","hd":false}],"ip":19.0000007738859,"op":140.000005702317,"st":-11.0000004480392,"bm":0},{"ddd":0,"ind":10,"ty":4,"nm":"Path","parent":11,"sr":1,"ks":{"o":{"a":0,"k":100,"ix":11},"r":{"a":0,"k":0,"ix":10},"p":{"a":0,"k":[0,0,0],"ix":2},"a":{"a":0,"k":[0,0,0],"ix":1},"s":{"a":0,"k":[100,100,100],"ix":6}},"ao":0,"shapes":[{"ty":"gr","it":[{"ind":0,"ty":"sh","ix":1,"ks":{"a":0,"k":{"i":[[0,0],[0,0]],"o":[[0,0],[0,0]],"v":[[1.25,1.25],[-1.25,-1.25]],"c":false},"ix":2},"nm":"Path 1","mn":"ADBE Vector Shape - Group","hd":false},{"ty":"st","c":{"a":0,"k":[0,0,0,1],"ix":3},"o":{"a":0,"k":100,"ix":4},"w":{"a":0,"k":1,"ix":5},"lc":2,"lj":2,"nm":"Stroke 1","mn":"ADBE Vector Graphic - Stroke","hd":false},{"ty":"tr","p":{"a":0,"k":[0,0],"ix":2},"a":{"a":0,"k":[0,0],"ix":1},"s":{"a":0,"k":[500,500],"ix":3},"r":{"a":0,"k":0,"ix":6},"o":{"a":0,"k":100,"ix":7},"sk":{"a":0,"k":0,"ix":4},"sa":{"a":0,"k":0,"ix":5},"nm":"Transform"}],"nm":"Path","np":2,"cix":2,"ix":1,"mn":"ADBE Vector Group","hd":false}],"ip":19.0000007738859,"op":140.000005702317,"st":-11.0000004480392,"bm":0},{"ddd":0,"ind":11,"ty":4,"nm":"Path","parent":18,"sr":1,"ks":{"o":{"a":0,"k":100,"ix":11},"r":{"a":0,"k":0,"ix":10},"p":{"a":0,"k":[0,-20,0],"ix":2},"a":{"a":0,"k":[0,0,0],"ix":1},"s":{"a":1,"k":[{"i":{"x":[0.375,0.375,0.375],"y":[0.887,0.887,2.814]},"o":{"x":[0.204,0.204,0.204],"y":[0.074,0.074,6.796]},"n":["0p375_0p887_0p204_0p074","0p375_0p887_0p204_0p074","0p375_2p814_0p204_6p796"],"t":21,"s":[0,0,100],"e":[92.433,92.433,100]},{"i":{"x":[0.657,0.657,0.657],"y":[1,1,1]},"o":{"x":[0.283,0.283,0.283],"y":[1.25,1.25,-1.641]},"n":["0p657_1_0p283_1p25","0p657_1_0p283_1p25","0p657_1_0p283_-1p641"],"t":31,"s":[92.433,92.433,100],"e":[100,100,100]},{"t":51.0000020772726}],"ix":6}},"ao":0,"shapes":[{"ty":"gr","it":[{"ind":0,"ty":"sh","ix":1,"ks":{"a":0,"k":{"i":[[0,0],[0,0]],"o":[[0,0],[0,0]],"v":[[-1.25,1.25],[1.25,-1.25]],"c":false},"ix":2},"nm":"Path 1","mn":"ADBE Vector Shape - Group","hd":false},{"ty":"st","c":{"a":0,"k":[0,0,0,1],"ix":3},"o":{"a":0,"k":100,"ix":4},"w":{"a":0,"k":1,"ix":5},"lc":2,"lj":2,"nm":"Stroke 1","mn":"ADBE Vector Graphic - Stroke","hd":false},{"ty":"tr","p":{"a":0,"k":[0,0],"ix":2},"a":{"a":0,"k":[0,0],"ix":1},"s":{"a":0,"k":[500,500],"ix":3},"r":{"a":0,"k":0,"ix":6},"o":{"a":0,"k":100,"ix":7},"sk":{"a":0,"k":0,"ix":4},"sa":{"a":0,"k":0,"ix":5},"nm":"Transform"}],"nm":"Path","np":2,"cix":2,"ix":1,"mn":"ADBE Vector Group","hd":false}],"ip":19.0000007738859,"op":140.000005702317,"st":-11.0000004480392,"bm":0},{"ddd":0,"ind":12,"ty":4,"nm":"Path","parent":13,"sr":1,"ks":{"o":{"a":0,"k":100,"ix":11},"r":{"a":0,"k":0,"ix":10},"p":{"a":0,"k":[0,0,0],"ix":2},"a":{"a":0,"k":[0,0,0],"ix":1},"s":{"a":0,"k":[100,100,100],"ix":6}},"ao":0,"shapes":[{"ty":"gr","it":[{"ind":0,"ty":"sh","ix":1,"ks":{"a":0,"k":{"i":[[0,0],[0,0]],"o":[[0,0],[0,0]],"v":[[1.25,1.25],[-1.25,-1.25]],"c":false},"ix":2},"nm":"Path 1","mn":"ADBE Vector Shape - Group","hd":false},{"ty":"st","c":{"a":0,"k":[0,0,0,1],"ix":3},"o":{"a":0,"k":100,"ix":4},"w":{"a":0,"k":1,"ix":5},"lc":2,"lj":2,"nm":"Stroke 1","mn":"ADBE Vector Graphic - Stroke","hd":false},{"ty":"tr","p":{"a":0,"k":[0,0],"ix":2},"a":{"a":0,"k":[0,0],"ix":1},"s":{"a":0,"k":[500,500],"ix":3},"r":{"a":0,"k":0,"ix":6},"o":{"a":0,"k":100,"ix":7},"sk":{"a":0,"k":0,"ix":4},"sa":{"a":0,"k":0,"ix":5},"nm":"Transform"}],"nm":"Path","np":2,"cix":2,"ix":1,"mn":"ADBE Vector Group","hd":false}],"ip":19.0000007738859,"op":140.000005702317,"st":-11.0000004480392,"bm":0},{"ddd":0,"ind":13,"ty":4,"nm":"Path","parent":18,"sr":1,"ks":{"o":{"a":0,"k":100,"ix":11},"r":{"a":0,"k":0,"ix":10},"p":{"a":0,"k":[-25,-20,0],"ix":2},"a":{"a":0,"k":[0,0,0],"ix":1},"s":{"a":1,"k":[{"i":{"x":[0.375,0.375,0.375],"y":[0.887,0.887,-9.456]},"o":{"x":[0.204,0.204,0.204],"y":[0.074,0.074,6.796]},"n":["0p375_0p887_0p204_0p074","0p375_0p887_0p204_0p074","0p375_-9p456_0p204_6p796"],"t":19,"s":[0,0,100],"e":[92.433,92.433,100]},{"i":{"x":[0.654,0.654,0.654],"y":[1,1,1]},"o":{"x":[0.283,0.283,0.283],"y":[1.25,1.25,9.462]},"n":["0p654_1_0p283_1p25","0p654_1_0p283_1p25","0p654_1_0p283_9p462"],"t":29,"s":[92.433,92.433,100],"e":[100,100,100]},{"t":49.0000019958109}],"ix":6}},"ao":0,"shapes":[{"ty":"gr","it":[{"ind":0,"ty":"sh","ix":1,"ks":{"a":0,"k":{"i":[[0,0],[0,0]],"o":[[0,0],[0,0]],"v":[[-1.25,1.25],[1.25,-1.25]],"c":false},"ix":2},"nm":"Path 1","mn":"ADBE Vector Shape - Group","hd":false},{"ty":"st","c":{"a":0,"k":[0,0,0,1],"ix":3},"o":{"a":0,"k":100,"ix":4},"w":{"a":0,"k":1,"ix":5},"lc":2,"lj":2,"nm":"Stroke 1","mn":"ADBE Vector Graphic - Stroke","hd":false},{"ty":"tr","p":{"a":0,"k":[0,0],"ix":2},"a":{"a":0,"k":[0,0],"ix":1},"s":{"a":0,"k":[500,500],"ix":3},"r":{"a":0,"k":0,"ix":6},"o":{"a":0,"k":100,"ix":7},"sk":{"a":0,"k":0,"ix":4},"sa":{"a":0,"k":0,"ix":5},"nm":"Transform"}],"nm":"Path","np":2,"cix":2,"ix":1,"mn":"ADBE Vector Group","hd":false}],"ip":19.0000007738859,"op":140.000005702317,"st":-11.0000004480392,"bm":0},{"ddd":0,"ind":14,"ty":4,"nm":"Path","parent":18,"sr":1,"ks":{"o":{"a":0,"k":100,"ix":11},"r":{"a":0,"k":0,"ix":10},"p":{"a":0,"k":[0,-55,0],"ix":2},"a":{"a":0,"k":[0,0,0],"ix":1},"s":{"a":0,"k":[100,100,100],"ix":6}},"ao":0,"shapes":[{"ty":"gr","it":[{"ind":0,"ty":"sh","ix":1,"ks":{"a":0,"k":{"i":[[0,0],[0.55,0],[0,0],[0,0.55],[0,0],[-0.55,0],[0,0],[0,-0.55]],"o":[[0,0.55],[0,0],[-0.55,0],[0,0],[0,-0.55],[0,0],[0.55,0],[0,0]],"v":[[4,1],[3,2],[-3,2],[-4,1],[-4,-1],[-3,-2],[3,-2],[4,-1]],"c":true},"ix":2},"nm":"Path 1","mn":"ADBE Vector Shape - Group","hd":false},{"ty":"st","c":{"a":0,"k":[0,0,0,1],"ix":3},"o":{"a":0,"k":100,"ix":4},"w":{"a":0,"k":1,"ix":5},"lc":2,"lj":2,"nm":"Stroke 1","mn":"ADBE Vector Graphic - Stroke","hd":false},{"ty":"tr","p":{"a":0,"k":[0,0],"ix":2},"a":{"a":0,"k":[0,0],"ix":1},"s":{"a":0,"k":[500,500],"ix":3},"r":{"a":0,"k":0,"ix":6},"o":{"a":0,"k":100,"ix":7},"sk":{"a":0,"k":0,"ix":4},"sa":{"a":0,"k":0,"ix":5},"nm":"Transform"}],"nm":"Path","np":2,"cix":2,"ix":1,"mn":"ADBE Vector Group","hd":false}],"ip":0,"op":140.000005702317,"st":0,"bm":0},{"ddd":0,"ind":15,"ty":4,"nm":"Path","parent":18,"sr":1,"ks":{"o":{"a":0,"k":100,"ix":11},"r":{"a":0,"k":0,"ix":10},"p":{"a":0,"k":[0,0,0],"ix":2},"a":{"a":0,"k":[0,0,0],"ix":1},"s":{"a":0,"k":[100,100,100],"ix":6}},"ao":0,"shapes":[{"ty":"gr","it":[{"ind":0,"ty":"sh","ix":1,"ks":{"a":0,"k":{"i":[[0,0],[0,0],[0,-0.55],[0,0],[0.55,0],[0,0],[0,0.55],[0,0],[-0.55,0],[0,0]],"o":[[0,0],[0.55,0],[0,0],[0,0.55],[0,0],[-0.55,0],[0,0],[0,-0.55],[0,0],[0,0]],"v":[[4,-11],[8,-11],[9,-10],[9,10],[8,11],[-8,11],[-9,10],[-9,-10],[-8,-11],[-4,-11]],"c":false},"ix":2},"nm":"Path 1","mn":"ADBE Vector Shape - Group","hd":false},{"ty":"st","c":{"a":0,"k":[0,0,0,1],"ix":3},"o":{"a":0,"k":100,"ix":4},"w":{"a":0,"k":1,"ix":5},"lc":2,"lj":2,"nm":"Stroke 1","mn":"ADBE Vector Graphic - Stroke","hd":false},{"ty":"tr","p":{"a":0,"k":[0,0],"ix":2},"a":{"a":0,"k":[0,0],"ix":1},"s":{"a":0,"k":[500,500],"ix":3},"r":{"a":0,"k":0,"ix":6},"o":{"a":0,"k":100,"ix":7},"sk":{"a":0,"k":0,"ix":4},"sa":{"a":0,"k":0,"ix":5},"nm":"Transform"}],"nm":"Path","np":2,"cix":2,"ix":1,"mn":"ADBE Vector Group","hd":false}],"ip":0,"op":140.000005702317,"st":0,"bm":0},{"ddd":0,"ind":16,"ty":4,"nm":"Path","parent":18,"sr":1,"ks":{"o":{"a":0,"k":100,"ix":11},"r":{"a":0,"k":0,"ix":10},"p":{"a":0,"k":[0,-55,0],"ix":2},"a":{"a":0,"k":[0,0,0],"ix":1},"s":{"a":0,"k":[100,100,100],"ix":6}},"ao":0,"shapes":[{"ty":"gr","it":[{"ind":0,"ty":"sh","ix":1,"ks":{"a":0,"k":{"i":[[0,0],[0.55,0],[0,0],[0,0.55],[0,0],[-0.55,0],[0,0],[0,-0.55]],"o":[[0,0.55],[0,0],[-0.55,0],[0,0],[0,-0.55],[0,0],[0.55,0],[0,0]],"v":[[4,1],[3,2],[-3,2],[-4,1],[-4,-1],[-3,-2],[3,-2],[4,-1]],"c":true},"ix":2},"nm":"Path 1","mn":"ADBE Vector Shape - Group","hd":false},{"ty":"fl","c":{"a":0,"k":[0.529411971569,0.529411971569,0.529411971569,1],"ix":4},"o":{"a":0,"k":100,"ix":5},"r":1,"nm":"Fill 1","mn":"ADBE Vector Graphic - Fill","hd":false},{"ty":"tr","p":{"a":0,"k":[0,0],"ix":2},"a":{"a":0,"k":[0,0],"ix":1},"s":{"a":0,"k":[500,500],"ix":3},"r":{"a":0,"k":0,"ix":6},"o":{"a":0,"k":100,"ix":7},"sk":{"a":0,"k":0,"ix":4},"sa":{"a":0,"k":0,"ix":5},"nm":"Transform"}],"nm":"Path","np":2,"cix":2,"ix":1,"mn":"ADBE Vector Group","hd":false}],"ip":0,"op":140.000005702317,"st":0,"bm":0},{"ddd":0,"ind":17,"ty":4,"nm":"Path","parent":18,"sr":1,"ks":{"o":{"a":0,"k":100,"ix":11},"r":{"a":0,"k":0,"ix":10},"p":{"a":0,"k":[37.5,0,0],"ix":2},"a":{"a":0,"k":[0,0,0],"ix":1},"s":{"a":0,"k":[100,100,100],"ix":6}},"ao":0,"shapes":[{"ty":"gr","it":[{"ind":0,"ty":"sh","ix":1,"ks":{"a":0,"k":{"i":[[0.55,0],[0,0],[0,-0.55],[0,0],[0.55,0],[0,0],[0,0.55],[0,0]],"o":[[0,0],[0.55,0],[0,0],[0,0.55],[0,0],[0.55,0],[0,0],[0,-0.55]],"v":[[0.5,-11],[-1.5,-11],[-0.5,-10],[-0.5,10],[-1.5,11],[0.5,11],[1.5,10],[1.5,-10]],"c":true},"ix":2},"nm":"Path 1","mn":"ADBE Vector Shape - Group","hd":false},{"ty":"fl","c":{"a":0,"k":[0.854902029037,0.854902029037,0.854902029037,1],"ix":4},"o":{"a":0,"k":100,"ix":5},"r":1,"nm":"Fill 1","mn":"ADBE Vector Graphic - Fill","hd":false},{"ty":"tr","p":{"a":0,"k":[0,0],"ix":2},"a":{"a":0,"k":[0,0],"ix":1},"s":{"a":0,"k":[500,500],"ix":3},"r":{"a":0,"k":0,"ix":6},"o":{"a":0,"k":100,"ix":7},"sk":{"a":0,"k":0,"ix":4},"sa":{"a":0,"k":0,"ix":5},"nm":"Transform"}],"nm":"Path","np":2,"cix":2,"ix":1,"mn":"ADBE Vector Group","hd":false}],"ip":0,"op":140.000005702317,"st":0,"bm":0},{"ddd":0,"ind":18,"ty":4,"nm":"Path","sr":1,"ks":{"o":{"a":0,"k":100,"ix":11},"r":{"a":0,"k":0,"ix":10},"p":{"a":1,"k":[{"i":{"x":0.395,"y":0.829},"o":{"x":0.291,"y":0.139},"n":"0p395_0p829_0p291_0p139","t":0,"s":[69.5,247.7,0],"e":[69.5,60.394,0],"to":[0,-14.1247205734253,0],"ti":[0,35.8593902587891,0]},{"i":{"x":0.624,"y":0.849},"o":{"x":0.285,"y":0.613},"n":"0p624_0p849_0p285_0p613","t":12,"s":[69.5,60.394,0],"e":[69.5,79.063,0],"to":[0,-5.38664245605469,0],"ti":[0,-4.5608549118042,0]},{"i":{"x":0.647,"y":1},"o":{"x":0.308,"y":0.45},"n":"0p647_1_0p308_0p45","t":22,"s":[69.5,79.063,0],"e":[69.5,72.5,0],"to":[0,1.11802387237549,0],"ti":[0,0,0]},{"i":{"x":0.29,"y":0.29},"o":{"x":0.167,"y":0.167},"n":"0p29_0p29_0p167_0p167","t":34,"s":[69.5,72.5,0],"e":[69.5,72.5,0],"to":[0,0,0],"ti":[0,0,0]},{"i":{"x":0.486,"y":1},"o":{"x":0.262,"y":0},"n":"0p486_1_0p262_0","t":90,"s":[69.5,72.5,0],"e":[69.5,91.702,0],"to":[0,0.00298736267723,0],"ti":[0,0.00068002502667,0]},{"i":{"x":0.543,"y":0.747},"o":{"x":0.23,"y":0},"n":"0p543_0p747_0p23_0","t":101,"s":[69.5,91.702,0],"e":[69.5,-95.355,0],"to":[0,-0.00064594036667,0],"ti":[0,40.0335464477539,0]},{"i":{"x":0.652,"y":1},"o":{"x":0.069,"y":1},"n":"0p652_1_0p069_1","t":118,"s":[69.5,-95.355,0],"e":[69.5,-100.3,0],"to":[0,-5.81497621536255,0],"ti":[0,0,0]},{"t":130.000005295009}],"ix":2},"a":{"a":0,"k":[0,0,0],"ix":1},"s":{"a":0,"k":[60,60,100],"ix":6}},"ao":0,"shapes":[{"ty":"gr","it":[{"ind":0,"ty":"sh","ix":1,"ks":{"a":0,"k":{"i":[[0,0],[0,-0.55],[0,0],[0.55,0],[0,0],[0,0.55],[0,0],[-0.55,0]],"o":[[0.55,0],[0,0],[0,0.55],[0,0],[-0.55,0],[0,0],[0,-0.55],[0,0]],"v":[[8,-11],[9,-10],[9,10],[8,11],[-8,11],[-9,10],[-9,-10],[-8,-11]],"c":true},"ix":2},"nm":"Path 1","mn":"ADBE Vector Shape - Group","hd":false},{"ty":"fl","c":{"a":0,"k":[1,1,1,1],"ix":4},"o":{"a":0,"k":100,"ix":5},"r":1,"nm":"Fill 1","mn":"ADBE Vector Graphic - Fill","hd":false},{"ty":"tr","p":{"a":0,"k":[0,0],"ix":2},"a":{"a":0,"k":[0,0],"ix":1},"s":{"a":0,"k":[500,500],"ix":3},"r":{"a":0,"k":0,"ix":6},"o":{"a":0,"k":100,"ix":7},"sk":{"a":0,"k":0,"ix":4},"sa":{"a":0,"k":0,"ix":5},"nm":"Transform"}],"nm":"Path","np":2,"cix":2,"ix":1,"mn":"ADBE Vector Group","hd":false}],"ip":0,"op":140.000005702317,"st":0,"bm":0}],"markers":[]}