{"v":"5.3.4","fr":29.9700012207031,"ip":0,"op":121.000004928431,"w":136,"h":136,"nm":"3_Football","ddd":0,"assets":[{"id":"comp_0","layers":[{"ddd":0,"ind":1,"ty":0,"nm":"Details","refId":"comp_1","sr":1,"ks":{"o":{"a":0,"k":100,"ix":11},"r":{"a":0,"k":0,"ix":10},"p":{"a":1,"k":[{"i":{"x":0.3,"y":1},"o":{"x":0.167,"y":0.056},"n":"0p3_1_0p167_0p056","t":15,"s":[150,600,0],"e":[150,300,0],"to":[0,-50,0],"ti":[0,50,0]},{"i":{"x":0.3,"y":0.3},"o":{"x":0.167,"y":0.167},"n":"0p3_0p3_0p167_0p167","t":45,"s":[150,300,0],"e":[150,300,0],"to":[0,0,0],"ti":[0,0,0]},{"i":{"x":0.3,"y":1},"o":{"x":0.167,"y":0},"n":"0p3_1_0p167_0","t":56,"s":[150,300,0],"e":[150,150,0],"to":[0,-25,0],"ti":[0,25,0]},{"t":86.0000035028518}],"ix":2},"a":{"a":0,"k":[150,150,0],"ix":1},"s":{"a":0,"k":[100,100,100],"ix":6}},"ao":0,"w":300,"h":300,"ip":0,"op":150.000006109625,"st":0,"bm":0},{"ddd":0,"ind":2,"ty":0,"nm":"Details","refId":"comp_1","sr":1,"ks":{"o":{"a":0,"k":100,"ix":11},"r":{"a":0,"k":0,"ix":10},"p":{"a":1,"k":[{"i":{"x":0.3,"y":1},"o":{"x":0.167,"y":0.056},"n":"0p3_1_0p167_0p056","t":15,"s":[150,550,0],"e":[150,250,0],"to":[0,-50,0],"ti":[0,50,0]},{"i":{"x":0.3,"y":0.3},"o":{"x":0.167,"y":0.167},"n":"0p3_0p3_0p167_0p167","t":45,"s":[150,250,0],"e":[150,250,0],"to":[0,0,0],"ti":[0,0,0]},{"i":{"x":0.3,"y":1},"o":{"x":0.167,"y":0},"n":"0p3_1_0p167_0","t":56,"s":[150,250,0],"e":[150,100,0],"to":[0,-25,0],"ti":[0,25,0]},{"t":86.0000035028518}],"ix":2},"a":{"a":0,"k":[150,150,0],"ix":1},"s":{"a":0,"k":[100,100,100],"ix":6}},"ao":0,"w":300,"h":300,"ip":0,"op":150.000006109625,"st":0,"bm":0},{"ddd":0,"ind":3,"ty":0,"nm":"Details","refId":"comp_1","sr":1,"ks":{"o":{"a":0,"k":100,"ix":11},"r":{"a":0,"k":0,"ix":10},"p":{"a":1,"k":[{"i":{"x":0.3,"y":1},"o":{"x":0.167,"y":0.056},"n":"0p3_1_0p167_0p056","t":15,"s":[150,500,0],"e":[150,200,0],"to":[0,-50,0],"ti":[0,50,0]},{"i":{"x":0.3,"y":0.3},"o":{"x":0.167,"y":0.167},"n":"0p3_0p3_0p167_0p167","t":45,"s":[150,200,0],"e":[150,200,0],"to":[0,0,0],"ti":[0,0,0]},{"i":{"x":0.3,"y":1},"o":{"x":0.167,"y":0},"n":"0p3_1_0p167_0","t":56,"s":[150,200,0],"e":[150,50,0],"to":[0,-25,0],"ti":[0,25,0]},{"t":86.0000035028518}],"ix":2},"a":{"a":0,"k":[150,150,0],"ix":1},"s":{"a":0,"k":[100,100,100],"ix":6}},"ao":0,"w":300,"h":300,"ip":0,"op":150.000006109625,"st":0,"bm":0},{"ddd":0,"ind":4,"ty":0,"nm":"Details","refId":"comp_1","sr":1,"ks":{"o":{"a":0,"k":100,"ix":11},"r":{"a":0,"k":0,"ix":10},"p":{"a":1,"k":[{"i":{"x":0.3,"y":1},"o":{"x":0.167,"y":0.056},"n":"0p3_1_0p167_0p056","t":15,"s":[150,450,0],"e":[150,150,0],"to":[0,-50,0],"ti":[0,50,0]},{"i":{"x":0.3,"y":0.3},"o":{"x":0.167,"y":0.167},"n":"0p3_0p3_0p167_0p167","t":45,"s":[150,150,0],"e":[150,150,0],"to":[0,0,0],"ti":[0,0,0]},{"i":{"x":0.3,"y":1},"o":{"x":0.167,"y":0},"n":"0p3_1_0p167_0","t":56,"s":[150,150,0],"e":[150,0,0],"to":[0,-25,0],"ti":[0,25,0]},{"t":86.0000035028518}],"ix":2},"a":{"a":0,"k":[150,150,0],"ix":1},"s":{"a":0,"k":[100,100,100],"ix":6}},"ao":0,"w":300,"h":300,"ip":0,"op":150.000006109625,"st":0,"bm":0},{"ddd":0,"ind":5,"ty":0,"nm":"Details","refId":"comp_1","sr":1,"ks":{"o":{"a":0,"k":100,"ix":11},"r":{"a":0,"k":0,"ix":10},"p":{"a":1,"k":[{"i":{"x":0.3,"y":1},"o":{"x":0.167,"y":0.056},"n":"0p3_1_0p167_0p056","t":15,"s":[150,400,0],"e":[150,100,0],"to":[0,-50,0],"ti":[0,50,0]},{"i":{"x":0.3,"y":0.3},"o":{"x":0.167,"y":0.167},"n":"0p3_0p3_0p167_0p167","t":45,"s":[150,100,0],"e":[150,100,0],"to":[0,0,0],"ti":[0,0,0]},{"i":{"x":0.3,"y":1},"o":{"x":0.167,"y":0},"n":"0p3_1_0p167_0","t":56,"s":[150,100,0],"e":[150,-50,0],"to":[0,-25,0],"ti":[0,25,0]},{"t":86.0000035028518}],"ix":2},"a":{"a":0,"k":[150,150,0],"ix":1},"s":{"a":0,"k":[100,100,100],"ix":6}},"ao":0,"w":300,"h":300,"ip":0,"op":150.000006109625,"st":0,"bm":0},{"ddd":0,"ind":6,"ty":0,"nm":"Details","refId":"comp_1","sr":1,"ks":{"o":{"a":0,"k":100,"ix":11},"r":{"a":0,"k":0,"ix":10},"p":{"a":1,"k":[{"i":{"x":0.3,"y":1},"o":{"x":0.167,"y":0.056},"n":"0p3_1_0p167_0p056","t":15,"s":[150,350,0],"e":[150,50,0],"to":[0,-50,0],"ti":[0,50,0]},{"i":{"x":0.3,"y":0.3},"o":{"x":0.167,"y":0.167},"n":"0p3_0p3_0p167_0p167","t":45,"s":[150,50,0],"e":[150,50,0],"to":[0,0,0],"ti":[0,0,0]},{"i":{"x":0.3,"y":1},"o":{"x":0.167,"y":0},"n":"0p3_1_0p167_0","t":56,"s":[150,50,0],"e":[150,-100,0],"to":[0,-25,0],"ti":[0,25,0]},{"t":86.0000035028518}],"ix":2},"a":{"a":0,"k":[150,150,0],"ix":1},"s":{"a":0,"k":[100,100,100],"ix":6}},"ao":0,"w":300,"h":300,"ip":0,"op":150.000006109625,"st":0,"bm":0},{"ddd":0,"ind":7,"ty":0,"nm":"Details","refId":"comp_1","sr":1,"ks":{"o":{"a":0,"k":100,"ix":11},"r":{"a":0,"k":0,"ix":10},"p":{"a":1,"k":[{"i":{"x":0.3,"y":1},"o":{"x":0.167,"y":0.056},"n":"0p3_1_0p167_0p056","t":15,"s":[150,300,0],"e":[150,0,0],"to":[0,-50,0],"ti":[0,50,0]},{"i":{"x":0.3,"y":0.3},"o":{"x":0.167,"y":0.167},"n":"0p3_0p3_0p167_0p167","t":45,"s":[150,0,0],"e":[150,0,0],"to":[0,0,0],"ti":[0,0,0]},{"i":{"x":0.3,"y":1},"o":{"x":0.167,"y":0},"n":"0p3_1_0p167_0","t":56,"s":[150,0,0],"e":[150,-150,0],"to":[0,-25,0],"ti":[0,25,0]},{"t":86.0000035028518}],"ix":2},"a":{"a":0,"k":[150,150,0],"ix":1},"s":{"a":0,"k":[100,100,100],"ix":6}},"ao":0,"w":300,"h":300,"ip":0,"op":150.000006109625,"st":0,"bm":0},{"ddd":0,"ind":8,"ty":0,"nm":"Details","refId":"comp_1","sr":1,"ks":{"o":{"a":0,"k":100,"ix":11},"r":{"a":0,"k":0,"ix":10},"p":{"a":1,"k":[{"i":{"x":0.3,"y":1},"o":{"x":0.167,"y":0.056},"n":"0p3_1_0p167_0p056","t":15,"s":[150,250,0],"e":[150,-50,0],"to":[0,-50,0],"ti":[0,50,0]},{"i":{"x":0.3,"y":0.3},"o":{"x":0.167,"y":0.167},"n":"0p3_0p3_0p167_0p167","t":45,"s":[150,-50,0],"e":[150,-50,0],"to":[0,0,0],"ti":[0,0,0]},{"i":{"x":0.3,"y":1},"o":{"x":0.167,"y":0},"n":"0p3_1_0p167_0","t":56,"s":[150,-50,0],"e":[150,-200,0],"to":[0,-25,0],"ti":[0,25,0]},{"t":86.0000035028518}],"ix":2},"a":{"a":0,"k":[150,150,0],"ix":1},"s":{"a":0,"k":[100,100,100],"ix":6}},"ao":0,"w":300,"h":300,"ip":0,"op":150.000006109625,"st":0,"bm":0},{"ddd":0,"ind":9,"ty":0,"nm":"Details","refId":"comp_1","sr":1,"ks":{"o":{"a":0,"k":100,"ix":11},"r":{"a":0,"k":0,"ix":10},"p":{"a":1,"k":[{"i":{"x":0.3,"y":1},"o":{"x":0.167,"y":0.056},"n":"0p3_1_0p167_0p056","t":15,"s":[150,200,0],"e":[150,-100,0],"to":[0,-50,0],"ti":[0,50,0]},{"i":{"x":0.3,"y":0.3},"o":{"x":0.167,"y":0.167},"n":"0p3_0p3_0p167_0p167","t":45,"s":[150,-100,0],"e":[150,-100,0],"to":[0,0,0],"ti":[0,0,0]},{"i":{"x":0.3,"y":1},"o":{"x":0.167,"y":0},"n":"0p3_1_0p167_0","t":56,"s":[150,-100,0],"e":[150,-250,0],"to":[0,-25,0],"ti":[0,25,0]},{"t":86.0000035028518}],"ix":2},"a":{"a":0,"k":[150,150,0],"ix":1},"s":{"a":0,"k":[100,100,100],"ix":6}},"ao":0,"w":300,"h":300,"ip":0,"op":150.000006109625,"st":0,"bm":0},{"ddd":0,"ind":10,"ty":0,"nm":"Details","refId":"comp_1","sr":1,"ks":{"o":{"a":0,"k":100,"ix":11},"r":{"a":0,"k":0,"ix":10},"p":{"a":1,"k":[{"i":{"x":0.3,"y":1},"o":{"x":0.167,"y":0.056},"n":"0p3_1_0p167_0p056","t":15,"s":[150,150,0],"e":[150,-150,0],"to":[0,-50,0],"ti":[0,50,0]},{"i":{"x":0.3,"y":0.3},"o":{"x":0.167,"y":0.167},"n":"0p3_0p3_0p167_0p167","t":45,"s":[150,-150,0],"e":[150,-150,0],"to":[0,0,0],"ti":[0,0,0]},{"i":{"x":0.3,"y":1},"o":{"x":0.167,"y":0},"n":"0p3_1_0p167_0","t":56,"s":[150,-150,0],"e":[150,-300,0],"to":[0,-25,0],"ti":[0,25,0]},{"t":86.0000035028518}],"ix":2},"a":{"a":0,"k":[150,150,0],"ix":1},"s":{"a":0,"k":[100,100,100],"ix":6}},"ao":0,"w":300,"h":300,"ip":0,"op":150.000006109625,"st":0,"bm":0}]},{"id":"comp_1","layers":[{"ddd":0,"ind":1,"ty":4,"nm":"Path","sr":1,"ks":{"o":{"a":0,"k":100,"ix":11},"r":{"a":0,"k":0,"ix":10},"p":{"a":0,"k":[172.5,151.8,0],"ix":2},"a":{"a":0,"k":[0,0,0],"ix":1},"s":{"a":0,"k":[100,100,100],"ix":6}},"ao":0,"shapes":[{"ty":"gr","it":[{"ind":0,"ty":"sh","ix":1,"ks":{"a":0,"k":{"i":[[0,0],[0,0]],"o":[[0,0],[0,0]],"v":[[0,1.5],[0,-1.5]],"c":false},"ix":2},"nm":"Path 1","mn":"ADBE Vector Shape - Group","hd":false},{"ty":"st","c":{"a":0,"k":[0,0,0,1],"ix":3},"o":{"a":0,"k":100,"ix":4},"w":{"a":0,"k":1,"ix":5},"lc":2,"lj":2,"nm":"Stroke 1","mn":"ADBE Vector Graphic - Stroke","hd":false},{"ty":"tr","p":{"a":0,"k":[0,0],"ix":2},"a":{"a":0,"k":[0,0],"ix":1},"s":{"a":0,"k":[500,500],"ix":3},"r":{"a":0,"k":0,"ix":6},"o":{"a":0,"k":100,"ix":7},"sk":{"a":0,"k":0,"ix":4},"sa":{"a":0,"k":0,"ix":5},"nm":"Transform"}],"nm":"Path","np":2,"cix":2,"ix":1,"mn":"ADBE Vector Group","hd":false}],"ip":0,"op":150.349506123861,"st":0,"bm":0},{"ddd":0,"ind":2,"ty":4,"nm":"Path","sr":1,"ks":{"o":{"a":0,"k":100,"ix":11},"r":{"a":0,"k":0,"ix":10},"p":{"a":0,"k":[142.5,151.8,0],"ix":2},"a":{"a":0,"k":[0,0,0],"ix":1},"s":{"a":0,"k":[100,100,100],"ix":6}},"ao":0,"shapes":[{"ty":"gr","it":[{"ind":0,"ty":"sh","ix":1,"ks":{"a":0,"k":{"i":[[0,0],[0,0]],"o":[[0,0],[0,0]],"v":[[0,1.5],[0,-1.5]],"c":false},"ix":2},"nm":"Path 1","mn":"ADBE Vector Shape - Group","hd":false},{"ty":"st","c":{"a":0,"k":[0,0,0,1],"ix":3},"o":{"a":0,"k":100,"ix":4},"w":{"a":0,"k":1,"ix":5},"lc":2,"lj":2,"nm":"Stroke 1","mn":"ADBE Vector Graphic - Stroke","hd":false},{"ty":"tr","p":{"a":0,"k":[0,0],"ix":2},"a":{"a":0,"k":[0,0],"ix":1},"s":{"a":0,"k":[500,500],"ix":3},"r":{"a":0,"k":0,"ix":6},"o":{"a":0,"k":100,"ix":7},"sk":{"a":0,"k":0,"ix":4},"sa":{"a":0,"k":0,"ix":5},"nm":"Transform"}],"nm":"Path","np":2,"cix":2,"ix":1,"mn":"ADBE Vector Group","hd":false}],"ip":0,"op":150.349506123861,"st":0,"bm":0},{"ddd":0,"ind":3,"ty":4,"nm":"Path","sr":1,"ks":{"o":{"a":0,"k":100,"ix":11},"r":{"a":0,"k":0,"ix":10},"p":{"a":0,"k":[132.5,151.8,0],"ix":2},"a":{"a":0,"k":[0,0,0],"ix":1},"s":{"a":0,"k":[100,100,100],"ix":6}},"ao":0,"shapes":[{"ty":"gr","it":[{"ind":0,"ty":"sh","ix":1,"ks":{"a":0,"k":{"i":[[0,0],[0,0]],"o":[[0,0],[0,0]],"v":[[0,1.5],[0,-1.5]],"c":false},"ix":2},"nm":"Path 1","mn":"ADBE Vector Shape - Group","hd":false},{"ty":"st","c":{"a":0,"k":[0,0,0,1],"ix":3},"o":{"a":0,"k":100,"ix":4},"w":{"a":0,"k":1,"ix":5},"lc":2,"lj":2,"nm":"Stroke 1","mn":"ADBE Vector Graphic - Stroke","hd":false},{"ty":"tr","p":{"a":0,"k":[0,0],"ix":2},"a":{"a":0,"k":[0,0],"ix":1},"s":{"a":0,"k":[500,500],"ix":3},"r":{"a":0,"k":0,"ix":6},"o":{"a":0,"k":100,"ix":7},"sk":{"a":0,"k":0,"ix":4},"sa":{"a":0,"k":0,"ix":5},"nm":"Transform"}],"nm":"Path","np":2,"cix":2,"ix":1,"mn":"ADBE Vector Group","hd":false}],"ip":0,"op":150.349506123861,"st":0,"bm":0},{"ddd":0,"ind":4,"ty":4,"nm":"Path","sr":1,"ks":{"o":{"a":0,"k":100,"ix":11},"r":{"a":0,"k":0,"ix":10},"p":{"a":0,"k":[162.5,151.8,0],"ix":2},"a":{"a":0,"k":[0,0,0],"ix":1},"s":{"a":0,"k":[100,100,100],"ix":6}},"ao":0,"shapes":[{"ty":"gr","it":[{"ind":0,"ty":"sh","ix":1,"ks":{"a":0,"k":{"i":[[0,0],[0,0]],"o":[[0,0],[0,0]],"v":[[0,1.5],[0,-1.5]],"c":false},"ix":2},"nm":"Path 1","mn":"ADBE Vector Shape - Group","hd":false},{"ty":"st","c":{"a":0,"k":[0,0,0,1],"ix":3},"o":{"a":0,"k":100,"ix":4},"w":{"a":0,"k":1,"ix":5},"lc":2,"lj":2,"nm":"Stroke 1","mn":"ADBE Vector Graphic - Stroke","hd":false},{"ty":"tr","p":{"a":0,"k":[0,0],"ix":2},"a":{"a":0,"k":[0,0],"ix":1},"s":{"a":0,"k":[500,500],"ix":3},"r":{"a":0,"k":0,"ix":6},"o":{"a":0,"k":100,"ix":7},"sk":{"a":0,"k":0,"ix":4},"sa":{"a":0,"k":0,"ix":5},"nm":"Transform"}],"nm":"Path","np":2,"cix":2,"ix":1,"mn":"ADBE Vector Group","hd":false}],"ip":0,"op":150.349506123861,"st":0,"bm":0},{"ddd":0,"ind":5,"ty":4,"nm":"Path","sr":1,"ks":{"o":{"a":0,"k":100,"ix":11},"r":{"a":0,"k":0,"ix":10},"p":{"a":0,"k":[152.5,151.8,0],"ix":2},"a":{"a":0,"k":[0,0,0],"ix":1},"s":{"a":0,"k":[100,100,100],"ix":6}},"ao":0,"shapes":[{"ty":"gr","it":[{"ind":0,"ty":"sh","ix":1,"ks":{"a":0,"k":{"i":[[0,0],[0,0]],"o":[[0,0],[0,0]],"v":[[0,1.5],[0,-1.5]],"c":false},"ix":2},"nm":"Path 1","mn":"ADBE Vector Shape - Group","hd":false},{"ty":"st","c":{"a":0,"k":[0,0,0,1],"ix":3},"o":{"a":0,"k":100,"ix":4},"w":{"a":0,"k":1,"ix":5},"lc":2,"lj":2,"nm":"Stroke 1","mn":"ADBE Vector Graphic - Stroke","hd":false},{"ty":"tr","p":{"a":0,"k":[0,0],"ix":2},"a":{"a":0,"k":[0,0],"ix":1},"s":{"a":0,"k":[500,500],"ix":3},"r":{"a":0,"k":0,"ix":6},"o":{"a":0,"k":100,"ix":7},"sk":{"a":0,"k":0,"ix":4},"sa":{"a":0,"k":0,"ix":5},"nm":"Transform"}],"nm":"Path","np":2,"cix":2,"ix":1,"mn":"ADBE Vector Group","hd":false}],"ip":0,"op":150.349506123861,"st":0,"bm":0},{"ddd":0,"ind":6,"ty":4,"nm":"Path","sr":1,"ks":{"o":{"a":0,"k":100,"ix":11},"r":{"a":0,"k":0,"ix":10},"p":{"a":0,"k":[152.5,151.8,0],"ix":2},"a":{"a":0,"k":[0,0,0],"ix":1},"s":{"a":0,"k":[100,100,100],"ix":6}},"ao":0,"shapes":[{"ty":"gr","it":[{"ind":0,"ty":"sh","ix":1,"ks":{"a":0,"k":{"i":[[0,0],[0,0]],"o":[[0,0],[0,0]],"v":[[-6,0],[6,0]],"c":false},"ix":2},"nm":"Path 1","mn":"ADBE Vector Shape - Group","hd":false},{"ty":"st","c":{"a":0,"k":[0,0,0,1],"ix":3},"o":{"a":0,"k":100,"ix":4},"w":{"a":0,"k":1,"ix":5},"lc":2,"lj":2,"nm":"Stroke 1","mn":"ADBE Vector Graphic - Stroke","hd":false},{"ty":"tr","p":{"a":0,"k":[0,0],"ix":2},"a":{"a":0,"k":[0,0],"ix":1},"s":{"a":0,"k":[500,500],"ix":3},"r":{"a":0,"k":0,"ix":6},"o":{"a":0,"k":100,"ix":7},"sk":{"a":0,"k":0,"ix":4},"sa":{"a":0,"k":0,"ix":5},"nm":"Transform"}],"nm":"Path","np":2,"cix":2,"ix":1,"mn":"ADBE Vector Group","hd":false}],"ip":0,"op":150.349506123861,"st":0,"bm":0}]}],"layers":[{"ddd":0,"ind":1,"ty":3,"nm":"Null 1","sr":1,"ks":{"o":{"a":0,"k":0,"ix":11},"r":{"a":0,"k":0,"ix":10},"p":{"a":1,"k":[{"i":{"x":0.639,"y":1},"o":{"x":0.199,"y":0.112},"n":"0p639_1_0p199_0p112","t":0,"s":[68,68,0],"e":[68,106.4,0],"to":[0,0.85693854093552,0],"ti":[0,-0.12827783823013,0]},{"i":{"x":0.425,"y":0.919},"o":{"x":0.185,"y":0},"n":"0p425_0p919_0p185_0","t":18,"s":[68,106.4,0],"e":[68,56.423,0],"to":[0,1.58121478557587,0],"ti":[0,4.70393419265747,0]},{"i":{"x":0.655,"y":1},"o":{"x":0.109,"y":1},"n":"0p655_1_0p109_1","t":32,"s":[68,56.423,0],"e":[68,55.429,0],"to":[0,-0.54501587152481,0],"ti":[0,0,0]},{"i":{"x":0.505,"y":0.761},"o":{"x":0.484,"y":0.015},"n":"0p505_0p761_0p484_0p015","t":50,"s":[68,55.429,0],"e":[68,67.415,0],"to":[0,0.08321987092495,0],"ti":[0,0,0]},{"i":{"x":0.613,"y":1},"o":{"x":0.096,"y":1},"n":"0p613_1_0p096_1","t":76,"s":[68,67.415,0],"e":[68,68,0],"to":[0,0,0],"ti":[0,0.13892117142677,0]},{"t":105.000004276738}],"ix":2},"a":{"a":0,"k":[0,0,0],"ix":1},"s":{"a":1,"k":[{"i":{"x":[0.631,0.631,0.631],"y":[1,1,1]},"o":{"x":[0.191,0.191,0.191],"y":[0.229,0.229,-4.574]},"n":["0p631_1_0p191_0p229","0p631_1_0p191_0p229","0p631_1_0p191_-4p574"],"t":0,"s":[60,60,100],"e":[48,48,100]},{"i":{"x":[0.425,0.425,0.425],"y":[0.892,0.892,3.603]},"o":{"x":[0.185,0.185,0.185],"y":[0,0,0]},"n":["0p425_0p892_0p185_0","0p425_0p892_0p185_0","0p425_3p603_0p185_0"],"t":18,"s":[48,48,100],"e":[42.26,42.26,100]},{"i":{"x":[0.676,0.676,0.676],"y":[1,1,1]},"o":{"x":[0.315,0.315,0.315],"y":[1.282,1.282,-1.836]},"n":["0p676_1_0p315_1p282","0p676_1_0p315_1p282","0p676_1_0p315_-1p836"],"t":32,"s":[42.26,42.26,100],"e":[41.919,41.919,100]},{"i":{"x":[0.479,0.479,0.479],"y":[0.095,0.095,1.122]},"o":{"x":[0.389,0.389,0.389],"y":[0,0,0.564]},"n":["0p479_0p095_0p389_0","0p479_0p095_0p389_0","0p479_1p122_0p389_0p564"],"t":50,"s":[41.919,41.919,100],"e":[43.482,43.482,100]},{"i":{"x":[0.622,0.622,0.622],"y":[1,1,1]},"o":{"x":[0.292,0.292,0.292],"y":[0.07,0.07,-0.101]},"n":["0p622_1_0p292_0p07","0p622_1_0p292_0p07","0p622_1_0p292_-0p101"],"t":65,"s":[43.482,43.482,100],"e":[60,60,100]},{"t":87.0000035435826}],"ix":6}},"ao":0,"ip":0,"op":121.000004928431,"st":0,"bm":0},{"ddd":0,"ind":2,"ty":0,"nm":"Ball Details","parent":8,"refId":"comp_0","sr":1,"ks":{"o":{"a":0,"k":100,"ix":11},"r":{"a":0,"k":0,"ix":10},"p":{"a":0,"k":[-2.5,-1.8,0],"ix":2},"a":{"a":0,"k":[150,150,0],"ix":1},"s":{"a":0,"k":[100,100,100],"ix":6}},"ao":0,"hasMask":true,"masksProperties":[{"inv":false,"mode":"a","pt":{"a":0,"k":{"i":[[26,-11],[0,0],[0,0],[-35.75,11],[0,0]],"o":[[-7.629,3.228],[0,0],[0,0],[-0.25,-0.25],[0,0]],"v":[[128.5,116],[122.25,127.75],[122.5,185.75],[182.25,185.5],[182.75,118.5]],"c":true},"ix":1},"o":{"a":0,"k":100,"ix":3},"x":{"a":0,"k":0,"ix":4},"nm":"Mask 1"}],"w":300,"h":300,"ip":0,"op":121.000004928431,"st":0,"bm":0},{"ddd":0,"ind":3,"ty":4,"nm":"Path","parent":8,"sr":1,"ks":{"o":{"a":0,"k":100,"ix":11},"r":{"a":0,"k":0,"ix":10},"p":{"a":0,"k":[30,0,0],"ix":2},"a":{"a":0,"k":[0,0,0],"ix":1},"s":{"a":0,"k":[100,100,100],"ix":6}},"ao":0,"shapes":[{"ty":"gr","it":[{"ind":0,"ty":"sh","ix":1,"ks":{"a":0,"k":{"i":[[0,0],[0,0]],"o":[[0,0],[0,0]],"v":[[0,-6.4],[0,6.4]],"c":false},"ix":2},"nm":"Path 1","mn":"ADBE Vector Shape - Group","hd":false},{"ty":"st","c":{"a":0,"k":[0,0,0,1],"ix":3},"o":{"a":0,"k":100,"ix":4},"w":{"a":0,"k":1,"ix":5},"lc":2,"lj":2,"nm":"Stroke 1","mn":"ADBE Vector Graphic - Stroke","hd":false},{"ty":"tr","p":{"a":0,"k":[0,0],"ix":2},"a":{"a":0,"k":[0,0],"ix":1},"s":{"a":0,"k":[500,500],"ix":3},"r":{"a":0,"k":0,"ix":6},"o":{"a":0,"k":100,"ix":7},"sk":{"a":0,"k":0,"ix":4},"sa":{"a":0,"k":0,"ix":5},"nm":"Transform"}],"nm":"Path","np":2,"cix":2,"ix":1,"mn":"ADBE Vector Group","hd":false}],"ip":0,"op":121.000004928431,"st":0,"bm":0},{"ddd":0,"ind":4,"ty":4,"nm":"Path","parent":8,"sr":1,"ks":{"o":{"a":0,"k":100,"ix":11},"r":{"a":0,"k":0,"ix":10},"p":{"a":0,"k":[-30,0,0],"ix":2},"a":{"a":0,"k":[0,0,0],"ix":1},"s":{"a":0,"k":[100,100,100],"ix":6}},"ao":0,"shapes":[{"ty":"gr","it":[{"ind":0,"ty":"sh","ix":1,"ks":{"a":0,"k":{"i":[[0,0],[0,0]],"o":[[0,0],[0,0]],"v":[[0,-6.4],[0,6.4]],"c":false},"ix":2},"nm":"Path 1","mn":"ADBE Vector Shape - Group","hd":false},{"ty":"st","c":{"a":0,"k":[0,0,0,1],"ix":3},"o":{"a":0,"k":100,"ix":4},"w":{"a":0,"k":1,"ix":5},"lc":2,"lj":2,"nm":"Stroke 1","mn":"ADBE Vector Graphic - Stroke","hd":false},{"ty":"tr","p":{"a":0,"k":[0,0],"ix":2},"a":{"a":0,"k":[0,0],"ix":1},"s":{"a":0,"k":[500,500],"ix":3},"r":{"a":0,"k":0,"ix":6},"o":{"a":0,"k":100,"ix":7},"sk":{"a":0,"k":0,"ix":4},"sa":{"a":0,"k":0,"ix":5},"nm":"Transform"}],"nm":"Path","np":2,"cix":2,"ix":1,"mn":"ADBE Vector Group","hd":false}],"ip":0,"op":121.000004928431,"st":0,"bm":0},{"ddd":0,"ind":5,"ty":4,"nm":"Oval","parent":8,"sr":1,"ks":{"o":{"a":0,"k":100,"ix":11},"r":{"a":0,"k":0,"ix":10},"p":{"a":0,"k":[0,0,0],"ix":2},"a":{"a":0,"k":[0,0,0],"ix":1},"s":{"a":0,"k":[100,100,100],"ix":6}},"ao":0,"shapes":[{"ty":"gr","it":[{"d":1,"ty":"el","s":{"a":0,"k":[24,15.72],"ix":2},"p":{"a":0,"k":[0,0],"ix":3},"nm":"Ellipse Path 1","mn":"ADBE Vector Shape - Ellipse","hd":false},{"ty":"st","c":{"a":0,"k":[0,0,0,1],"ix":3},"o":{"a":0,"k":100,"ix":4},"w":{"a":0,"k":1,"ix":5},"lc":2,"lj":2,"nm":"Stroke 1","mn":"ADBE Vector Graphic - Stroke","hd":false},{"ty":"tr","p":{"a":0,"k":[0,0],"ix":2},"a":{"a":0,"k":[0,0],"ix":1},"s":{"a":0,"k":[500,500],"ix":3},"r":{"a":0,"k":0,"ix":6},"o":{"a":0,"k":100,"ix":7},"sk":{"a":0,"k":0,"ix":4},"sa":{"a":0,"k":0,"ix":5},"nm":"Transform"}],"nm":"Oval","np":2,"cix":2,"ix":1,"mn":"ADBE Vector Group","hd":false}],"ip":0,"op":121.000004928431,"st":0,"bm":0},{"ddd":0,"ind":6,"ty":4,"nm":"Path","parent":8,"sr":1,"ks":{"o":{"a":0,"k":100,"ix":11},"r":{"a":0,"k":0,"ix":10},"p":{"a":0,"k":[-27.5,0,0],"ix":2},"a":{"a":0,"k":[0,0,0],"ix":1},"s":{"a":0,"k":[100,100,100],"ix":6}},"ao":0,"shapes":[{"ty":"gr","it":[{"ind":0,"ty":"sh","ix":1,"ks":{"a":0,"k":{"i":[[-5.37,0],[-0.33,-0.03],[1.9,-4.33],[-4.94,-0.37],[0.34,0],[2.02,4.62]],"o":[[0.34,0],[-4.94,0.37],[1.9,4.33],[-0.33,0.02],[-5.37,0],[2.02,-4.62]],"v":[[5.5,-7.86],[6.5,-7.82],[-4.5,0],[6.5,7.82],[5.5,7.86],[-6.5,0]],"c":true},"ix":2},"nm":"Path 1","mn":"ADBE Vector Shape - Group","hd":false},{"ty":"fl","c":{"a":0,"k":[0.929412007332,0.419607996941,0.384314000607,1],"ix":4},"o":{"a":0,"k":100,"ix":5},"r":1,"nm":"Fill 1","mn":"ADBE Vector Graphic - Fill","hd":false},{"ty":"tr","p":{"a":0,"k":[0,0],"ix":2},"a":{"a":0,"k":[0,0],"ix":1},"s":{"a":0,"k":[500,500],"ix":3},"r":{"a":0,"k":0,"ix":6},"o":{"a":0,"k":100,"ix":7},"sk":{"a":0,"k":0,"ix":4},"sa":{"a":0,"k":0,"ix":5},"nm":"Transform"}],"nm":"Path","np":2,"cix":2,"ix":1,"mn":"ADBE Vector Group","hd":false}],"ip":0,"op":121.000004928431,"st":0,"bm":0},{"ddd":0,"ind":7,"ty":4,"nm":"Path","parent":8,"sr":1,"ks":{"o":{"a":0,"k":100,"ix":11},"r":{"a":0,"k":0,"ix":10},"p":{"a":0,"k":[27.5,0,0],"ix":2},"a":{"a":0,"k":[0,0,0],"ix":1},"s":{"a":0,"k":[100,100,100],"ix":6}},"ao":0,"shapes":[{"ty":"gr","it":[{"ind":0,"ty":"sh","ix":1,"ks":{"a":0,"k":{"i":[[5.37,0],[0.33,-0.03],[-1.9,-4.33],[4.94,-0.37],[-0.34,0],[-2.02,4.62]],"o":[[-0.34,0],[4.94,0.37],[-1.9,4.33],[0.33,0.02],[5.37,0],[-2.02,-4.62]],"v":[[-5.5,-7.86],[-6.5,-7.82],[4.5,0],[-6.5,7.82],[-5.5,7.86],[6.5,0]],"c":true},"ix":2},"nm":"Path 1","mn":"ADBE Vector Shape - Group","hd":false},{"ty":"fl","c":{"a":0,"k":[0.827450990677,0.02352900058,0.188234999776,1],"ix":4},"o":{"a":0,"k":100,"ix":5},"r":1,"nm":"Fill 1","mn":"ADBE Vector Graphic - Fill","hd":false},{"ty":"tr","p":{"a":0,"k":[0,0],"ix":2},"a":{"a":0,"k":[0,0],"ix":1},"s":{"a":0,"k":[500,500],"ix":3},"r":{"a":0,"k":0,"ix":6},"o":{"a":0,"k":100,"ix":7},"sk":{"a":0,"k":0,"ix":4},"sa":{"a":0,"k":0,"ix":5},"nm":"Transform"}],"nm":"Path","np":2,"cix":2,"ix":1,"mn":"ADBE Vector Group","hd":false}],"ip":0,"op":121.000004928431,"st":0,"bm":0},{"ddd":0,"ind":8,"ty":4,"nm":"Oval","parent":1,"sr":1,"ks":{"o":{"a":0,"k":100,"ix":11},"r":{"a":1,"k":[{"i":{"x":[0],"y":[1]},"o":{"x":[0.167],"y":[0.204]},"n":["0_1_0p167_0p204"],"t":12,"s":[0],"e":[131]},{"i":{"x":[0.641],"y":[0.777]},"o":{"x":[0.149],"y":[0]},"n":["0p641_0p777_0p149_0"],"t":50,"s":[131],"e":[310.48]},{"i":{"x":[0.808],"y":[1]},"o":{"x":[0.439],"y":[1.256]},"n":["0p808_1_0p439_1p256"],"t":72,"s":[310.48],"e":[360]},{"t":100.000004073084}],"ix":10},"p":{"a":1,"k":[{"i":{"x":0.465,"y":0.14},"o":{"x":0.206,"y":0.434},"n":"0p465_0p14_0p206_0p434","t":0,"s":[2.5,1.8,0],"e":[2.5,10.667,0],"to":[0,7.85082817077637,0],"ti":[0,-15.0371379852295,0]},{"i":{"x":0.6,"y":0.968},"o":{"x":0.245,"y":0.24},"n":"0p6_0p968_0p245_0p24","t":8,"s":[2.5,10.667,0],"e":[2.5,-4.398,0],"to":[0,3.01529693603516,0],"ti":[0,0.59537130594254,0]},{"i":{"x":0.641,"y":0.348},"o":{"x":0.334,"y":0.018},"n":"0p641_0p348_0p334_0p018","t":15,"s":[2.5,-4.398,0],"e":[2.5,-43.803,0],"to":[0,-0.06352705508471,0],"ti":[0,43.2852821350098,0]},{"i":{"x":0.639,"y":0.931},"o":{"x":0.156,"y":1},"n":"0p639_0p931_0p156_1","t":27,"s":[2.5,-43.803,0],"e":[2.5,-60.398,0],"to":[0,-18.9621486663818,0],"ti":[0,0,0]},{"i":{"x":0.39,"y":1},"o":{"x":0,"y":1},"n":"0p39_1_0_1","t":45,"s":[2.5,-60.398,0],"e":[2.5,-60.398,0],"to":[0,0,0],"ti":[0,0,0]},{"i":{"x":0.494,"y":0.842},"o":{"x":0.404,"y":0.02},"n":"0p494_0p842_0p404_0p02","t":55,"s":[2.5,-60.398,0],"e":[2.5,-2.918,0],"to":[0,0,0],"ti":[0,0,0]},{"i":{"x":0.615,"y":1},"o":{"x":0.158,"y":1},"n":"0p615_1_0p158_1","t":71,"s":[2.5,-2.918,0],"e":[2.5,1.8,0],"to":[0,0,0],"ti":[0,1.40632486343384,0]},{"t":100.000004073084}],"ix":2},"a":{"a":0,"k":[0,0,0],"ix":1},"s":{"a":0,"k":[100,100,100],"ix":6}},"ao":0,"shapes":[{"ty":"gr","it":[{"d":1,"ty":"el","s":{"a":0,"k":[24,15.72],"ix":2},"p":{"a":0,"k":[0,0],"ix":3},"nm":"Ellipse Path 1","mn":"ADBE Vector Shape - Ellipse","hd":false},{"ty":"fl","c":{"a":0,"k":[0.905882000923,0.203922003508,0.274509996176,1],"ix":4},"o":{"a":0,"k":100,"ix":5},"r":1,"nm":"Fill 1","mn":"ADBE Vector Graphic - Fill","hd":false},{"ty":"tr","p":{"a":0,"k":[0,0],"ix":2},"a":{"a":0,"k":[0,0],"ix":1},"s":{"a":0,"k":[500,500],"ix":3},"r":{"a":0,"k":0,"ix":6},"o":{"a":0,"k":100,"ix":7},"sk":{"a":0,"k":0,"ix":4},"sa":{"a":0,"k":0,"ix":5},"nm":"Transform"}],"nm":"Oval","np":2,"cix":2,"ix":1,"mn":"ADBE Vector Group","hd":false}],"ip":0,"op":121.000004928431,"st":0,"bm":0}],"markers":[]}