{"v":"5.3.4","fr":29.9700012207031,"ip":0,"op":121.000004928431,"w":136,"h":136,"nm":"5_Golf","ddd":0,"assets":[{"id":"comp_0","layers":[{"ddd":0,"ind":1,"ty":4,"nm":"Path","sr":1,"ks":{"o":{"a":0,"k":100,"ix":11},"r":{"a":0,"k":0,"ix":10},"p":{"a":1,"k":[{"i":{"x":0.35,"y":1},"o":{"x":0.197,"y":0.197},"n":"0p35_1_0p197_0p197","t":0,"s":[162.5,269,0],"e":[162.5,140,0],"to":[0,-19.2811450958252,0],"ti":[0,0,0]},{"i":{"x":0.35,"y":0.35},"o":{"x":0.167,"y":0.167},"n":"0p35_0p35_0p167_0p167","t":30,"s":[162.5,140,0],"e":[162.5,140,0],"to":[0,0,0],"ti":[0,0,0]},{"i":{"x":0.35,"y":1},"o":{"x":0.65,"y":0},"n":"0p35_1_0p65_0","t":57,"s":[162.5,140,0],"e":[162.5,269,0],"to":[0,0,0],"ti":[0,-19.2811450958252,0]},{"t":87.0000035435826}],"ix":2},"a":{"a":0,"k":[0,0,0],"ix":1},"s":{"a":0,"k":[100,100,100],"ix":6}},"ao":0,"shapes":[{"ty":"gr","it":[{"ind":0,"ty":"sh","ix":1,"ks":{"a":1,"k":[{"i":{"x":0.34,"y":1},"o":{"x":0.167,"y":0.167},"n":"0p34_1_0p167_0p167","t":4,"s":[{"i":[[0,0],[0,0],[0,0],[0,0]],"o":[[0,0],[0,0],[0,0],[0,0]],"v":[[-3.5,-3.88],[0.592,-6.976],[-3.5,-10],[-3.5,10]],"c":false}],"e":[{"i":[[0,0],[0,0],[0,0],[0,0]],"o":[[0,0],[0,0],[0,0],[0,0]],"v":[[-3.5,-3.88],[3.5,-6.94],[-3.5,-10],[-3.5,10]],"c":false}]},{"i":{"x":0.833,"y":0.833},"o":{"x":0.167,"y":0},"n":"0p833_0p833_0p167_0","t":30,"s":[{"i":[[0,0],[0,0],[0,0],[0,0]],"o":[[0,0],[0,0],[0,0],[0,0]],"v":[[-3.5,-3.88],[3.5,-6.94],[-3.5,-10],[-3.5,10]],"c":false}],"e":[{"i":[[0,0],[0,0],[0,0],[0,0]],"o":[[0,0],[0,0],[0,0],[0,0]],"v":[[-3.5,-3.88],[3.5,-6.94],[-3.5,-10],[-3.5,10]],"c":false}]},{"i":{"x":0.833,"y":0.833},"o":{"x":0.167,"y":0.167},"n":"0p833_0p833_0p167_0p167","t":57,"s":[{"i":[[0,0],[0,0],[0,0],[0,0]],"o":[[0,0],[0,0],[0,0],[0,0]],"v":[[-3.5,-3.88],[3.5,-6.94],[-3.5,-10],[-3.5,10]],"c":false}],"e":[{"i":[[0,0],[0,0],[0,0],[0,0]],"o":[[0,0],[0,0],[0,0],[0,0]],"v":[[-3.5,-3.88],[0.592,-6.976],[-3.5,-10],[-3.5,10]],"c":false}]},{"t":73.000002973351}],"ix":2},"nm":"Path 1","mn":"ADBE Vector Shape - Group","hd":false},{"ty":"st","c":{"a":0,"k":[0,0,0,1],"ix":3},"o":{"a":0,"k":100,"ix":4},"w":{"a":0,"k":1,"ix":5},"lc":2,"lj":2,"nm":"Stroke 1","mn":"ADBE Vector Graphic - Stroke","hd":false},{"ty":"tr","p":{"a":0,"k":[0,0],"ix":2},"a":{"a":0,"k":[0,0],"ix":1},"s":{"a":0,"k":[500,500],"ix":3},"r":{"a":0,"k":0,"ix":6},"o":{"a":0,"k":100,"ix":7},"sk":{"a":0,"k":0,"ix":4},"sa":{"a":0,"k":0,"ix":5},"nm":"Transform"}],"nm":"Path","np":2,"cix":2,"ix":1,"mn":"ADBE Vector Group","hd":false}],"ip":0,"op":118.000004806239,"st":0,"bm":0},{"ddd":0,"ind":2,"ty":4,"nm":"Path","parent":1,"sr":1,"ks":{"o":{"a":0,"k":100,"ix":11},"r":{"a":0,"k":0,"ix":10},"p":{"a":0,"k":[0,-34.7,0],"ix":2},"a":{"a":0,"k":[0,0,0],"ix":1},"s":{"a":0,"k":[100,100,100],"ix":6}},"ao":0,"shapes":[{"ty":"gr","it":[{"ind":0,"ty":"sh","ix":1,"ks":{"a":1,"k":[{"i":{"x":0.34,"y":1},"o":{"x":0.167,"y":0.167},"n":"0p34_1_0p167_0p167","t":4,"s":[{"i":[[0,0],[0,0],[0,0]],"o":[[0,0],[0,0],[0,0]],"v":[[-3.5,-3.06],[-3.5,3.06],[0.438,0.002]],"c":true}],"e":[{"i":[[0,0],[0,0],[0,0]],"o":[[0,0],[0,0],[0,0]],"v":[[-3.5,-3.06],[-3.5,3.06],[3.5,0]],"c":true}]},{"i":{"x":0.833,"y":0.833},"o":{"x":0.167,"y":0},"n":"0p833_0p833_0p167_0","t":30,"s":[{"i":[[0,0],[0,0],[0,0]],"o":[[0,0],[0,0],[0,0]],"v":[[-3.5,-3.06],[-3.5,3.06],[3.5,0]],"c":true}],"e":[{"i":[[0,0],[0,0],[0,0]],"o":[[0,0],[0,0],[0,0]],"v":[[-3.5,-3.06],[-3.5,3.06],[3.5,0]],"c":true}]},{"i":{"x":0.833,"y":0.833},"o":{"x":0.167,"y":0.167},"n":"0p833_0p833_0p167_0p167","t":57,"s":[{"i":[[0,0],[0,0],[0,0]],"o":[[0,0],[0,0],[0,0]],"v":[[-3.5,-3.06],[-3.5,3.06],[3.5,0]],"c":true}],"e":[{"i":[[0,0],[0,0],[0,0]],"o":[[0,0],[0,0],[0,0]],"v":[[-3.5,-3.06],[-3.5,3.06],[0.438,0.002]],"c":true}]},{"t":73.000002973351}],"ix":2},"nm":"Path 1","mn":"ADBE Vector Shape - Group","hd":false},{"ty":"fl","c":{"a":0,"k":[0.905882000923,0.203922003508,0.274509996176,1],"ix":4},"o":{"a":0,"k":100,"ix":5},"r":1,"nm":"Fill 1","mn":"ADBE Vector Graphic - Fill","hd":false},{"ty":"tr","p":{"a":0,"k":[0,0],"ix":2},"a":{"a":0,"k":[0,0],"ix":1},"s":{"a":0,"k":[500,500],"ix":3},"r":{"a":0,"k":0,"ix":6},"o":{"a":0,"k":100,"ix":7},"sk":{"a":0,"k":0,"ix":4},"sa":{"a":0,"k":0,"ix":5},"nm":"Transform"}],"nm":"Path","np":2,"cix":2,"ix":1,"mn":"ADBE Vector Group","hd":false}],"ip":0,"op":118.000004806239,"st":0,"bm":0}]}],"layers":[{"ddd":0,"ind":1,"ty":0,"nm":"Flag","refId":"comp_0","sr":1,"ks":{"o":{"a":0,"k":100,"ix":11},"r":{"a":0,"k":0,"ix":10},"p":{"a":0,"k":[68,68,0],"ix":2},"a":{"a":0,"k":[150,150,0],"ix":1},"s":{"a":0,"k":[60,60,100],"ix":6}},"ao":0,"hasMask":true,"masksProperties":[{"inv":false,"mode":"a","pt":{"a":0,"k":{"i":[[26.786,0],[0,-34.242],[-26.786,0],[0,34.242]],"o":[[-26.786,0],[0,34.242],[26.786,0],[0,-34.242]],"v":[[160.5,70],[112,132],[160.5,194],[209,132]],"c":true},"ix":1},"o":{"a":0,"k":100,"ix":3},"x":{"a":0,"k":0,"ix":4},"nm":"Mask 1"}],"w":300,"h":300,"ip":3.00000012219251,"op":121.000004928431,"st":3.00000012219251,"bm":0},{"ddd":0,"ind":2,"ty":4,"nm":"Oval","parent":7,"sr":1,"ks":{"o":{"a":0,"k":100,"ix":11},"r":{"a":0,"k":0,"ix":10},"p":{"a":0,"k":[0,0,0],"ix":2},"a":{"a":0,"k":[0,0,0],"ix":1},"s":{"a":0,"k":[100,100,100],"ix":6}},"ao":0,"shapes":[{"ty":"gr","it":[{"d":1,"ty":"el","s":{"a":0,"k":[20,10],"ix":2},"p":{"a":0,"k":[0,0],"ix":3},"nm":"Ellipse Path 1","mn":"ADBE Vector Shape - Ellipse","hd":false},{"ty":"st","c":{"a":0,"k":[0,0,0,1],"ix":3},"o":{"a":0,"k":100,"ix":4},"w":{"a":0,"k":1,"ix":5},"lc":2,"lj":2,"nm":"Stroke 1","mn":"ADBE Vector Graphic - Stroke","hd":false},{"ty":"tr","p":{"a":0,"k":[0,0],"ix":2},"a":{"a":0,"k":[0,0],"ix":1},"s":{"a":0,"k":[500,500],"ix":3},"r":{"a":0,"k":0,"ix":6},"o":{"a":0,"k":100,"ix":7},"sk":{"a":0,"k":0,"ix":4},"sa":{"a":0,"k":0,"ix":5},"nm":"Transform"}],"nm":"Oval","np":2,"cix":2,"ix":1,"mn":"ADBE Vector Group","hd":false}],"ip":0,"op":121.000004928431,"st":0,"bm":0},{"ddd":0,"ind":3,"ty":4,"nm":"Oval","parent":4,"sr":1,"ks":{"o":{"a":0,"k":100,"ix":11},"r":{"a":0,"k":0,"ix":10},"p":{"a":0,"k":[0,0,0],"ix":2},"a":{"a":0,"k":[0,0,0],"ix":1},"s":{"a":0,"k":[100,100,100],"ix":6}},"ao":0,"shapes":[{"ty":"gr","it":[{"d":1,"ty":"el","s":{"a":0,"k":[8,4],"ix":2},"p":{"a":0,"k":[0,0],"ix":3},"nm":"Ellipse Path 1","mn":"ADBE Vector Shape - Ellipse","hd":false},{"ty":"st","c":{"a":0,"k":[0,0,0,1],"ix":3},"o":{"a":0,"k":100,"ix":4},"w":{"a":0,"k":1,"ix":5},"lc":2,"lj":2,"nm":"Stroke 1","mn":"ADBE Vector Graphic - Stroke","hd":false},{"ty":"tr","p":{"a":0,"k":[0,0],"ix":2},"a":{"a":0,"k":[0,0],"ix":1},"s":{"a":0,"k":[500,500],"ix":3},"r":{"a":0,"k":0,"ix":6},"o":{"a":0,"k":100,"ix":7},"sk":{"a":0,"k":0,"ix":4},"sa":{"a":0,"k":0,"ix":5},"nm":"Transform"}],"nm":"Oval","np":2,"cix":2,"ix":1,"mn":"ADBE Vector Group","hd":false}],"ip":0,"op":121.000004928431,"st":0,"bm":0},{"ddd":0,"ind":4,"ty":4,"nm":"Oval","sr":1,"ks":{"o":{"a":0,"k":100,"ix":11},"r":{"a":0,"k":0,"ix":10},"p":{"a":0,"k":[68,92,0],"ix":2},"a":{"a":0,"k":[0,0,0],"ix":1},"s":{"a":1,"k":[{"i":{"x":[0.339,0.339,0.339],"y":[0.846,0.846,-12.666]},"o":{"x":[0.001,0.001,0.001],"y":[0,0,0]},"n":["0p339_0p846_0p001_0","0p339_0p846_0p001_0","0p339_-12p666_0p001_0"],"t":5,"s":[0,0,100],"e":[53.418,53.418,100]},{"i":{"x":[0.629,0.629,0.629],"y":[1,1,1]},"o":{"x":[0.296,0.296,0.296],"y":[1.116,1.116,12.239]},"n":["0p629_1_0p296_1p116","0p629_1_0p296_1p116","0p629_1_0p296_12p239"],"t":15,"s":[53.418,53.418,100],"e":[60,60,100]},{"i":{"x":[0.36,0.36,0.36],"y":[1,1,1]},"o":{"x":[0.167,0.167,0.167],"y":[0,0,0]},"n":["0p36_1_0p167_0","0p36_1_0p167_0","0p36_1_0p167_0"],"t":35,"s":[60,60,100],"e":[60,60,100]},{"i":{"x":[0.501,0.501,0.501],"y":[0.804,0.804,1]},"o":{"x":[0.429,0.429,0.429],"y":[0,0,0]},"n":["0p501_0p804_0p429_0","0p501_0p804_0p429_0","0p501_1_0p429_0"],"t":70,"s":[60,60,100],"e":[5.614,5.614,100]},{"i":{"x":[0.597,0.597,0.597],"y":[1,1,1]},"o":{"x":[0.271,0.271,0.271],"y":[1.031,1.031,0]},"n":["0p597_1_0p271_1p031","0p597_1_0p271_1p031","0p597_1_0p271_0"],"t":85,"s":[5.614,5.614,100],"e":[0,0,100]},{"t":100.000004073084}],"ix":6}},"ao":0,"shapes":[{"ty":"gr","it":[{"d":1,"ty":"el","s":{"a":0,"k":[8,4],"ix":2},"p":{"a":0,"k":[0,0],"ix":3},"nm":"Ellipse Path 1","mn":"ADBE Vector Shape - Ellipse","hd":false},{"ty":"fl","c":{"a":0,"k":[0.862744987011,0.392156988382,0.074510000646,1],"ix":4},"o":{"a":0,"k":100,"ix":5},"r":1,"nm":"Fill 1","mn":"ADBE Vector Graphic - Fill","hd":false},{"ty":"tr","p":{"a":0,"k":[0,0],"ix":2},"a":{"a":0,"k":[0,0],"ix":1},"s":{"a":0,"k":[500,500],"ix":3},"r":{"a":0,"k":0,"ix":6},"o":{"a":0,"k":100,"ix":7},"sk":{"a":0,"k":0,"ix":4},"sa":{"a":0,"k":0,"ix":5},"nm":"Transform"}],"nm":"Oval","np":2,"cix":2,"ix":1,"mn":"ADBE Vector Group","hd":false}],"ip":0,"op":121.000004928431,"st":0,"bm":0},{"ddd":0,"ind":5,"ty":4,"nm":"Path","parent":7,"sr":1,"ks":{"o":{"a":0,"k":100,"ix":11},"r":{"a":0,"k":0,"ix":10},"p":{"a":0,"k":[22.5,0,0],"ix":2},"a":{"a":0,"k":[0,0,0],"ix":1},"s":{"a":0,"k":[100,100,100],"ix":6}},"ao":0,"shapes":[{"ty":"gr","it":[{"ind":0,"ty":"sh","ix":1,"ks":{"a":0,"k":{"i":[[5.52,0],[0.33,-0.02],[0,-2.59],[5.05,-0.25],[-0.34,0],[0,2.76]],"o":[[-0.34,0],[5.05,0.25],[0,2.59],[0.33,0.02],[5.52,0],[0,-2.76]],"v":[[-4.5,-5],[-5.5,-4.97],[3.5,0],[-5.5,4.97],[-4.5,5],[5.5,0]],"c":true},"ix":2},"nm":"Path 1","mn":"ADBE Vector Shape - Group","hd":false},{"ty":"fl","c":{"a":0,"k":[0.545098006725,0.701960980892,0.11372499913,1],"ix":4},"o":{"a":0,"k":100,"ix":5},"r":1,"nm":"Fill 1","mn":"ADBE Vector Graphic - Fill","hd":false},{"ty":"tr","p":{"a":0,"k":[0,0],"ix":2},"a":{"a":0,"k":[0,0],"ix":1},"s":{"a":0,"k":[500,500],"ix":3},"r":{"a":0,"k":0,"ix":6},"o":{"a":0,"k":100,"ix":7},"sk":{"a":0,"k":0,"ix":4},"sa":{"a":0,"k":0,"ix":5},"nm":"Transform"}],"nm":"Path","np":2,"cix":2,"ix":1,"mn":"ADBE Vector Group","hd":false}],"ip":0,"op":121.000004928431,"st":0,"bm":0},{"ddd":0,"ind":6,"ty":4,"nm":"Path","parent":7,"sr":1,"ks":{"o":{"a":0,"k":100,"ix":11},"r":{"a":0,"k":0,"ix":10},"p":{"a":0,"k":[-22.5,0,0],"ix":2},"a":{"a":0,"k":[0,0,0],"ix":1},"s":{"a":0,"k":[100,100,100],"ix":6}},"ao":0,"shapes":[{"ty":"gr","it":[{"ind":0,"ty":"sh","ix":1,"ks":{"a":0,"k":{"i":[[0,2.59],[-5.05,0.25],[0.34,0],[0,-2.76],[-5.52,0],[-0.33,0.02]],"o":[[0,-2.59],[-0.33,-0.02],[-5.52,0],[0,2.76],[0.34,0],[-5.05,-0.25]],"v":[[-3.5,0],[5.5,-4.97],[4.5,-5],[-5.5,0],[4.5,5],[5.5,4.97]],"c":true},"ix":2},"nm":"Path 1","mn":"ADBE Vector Shape - Group","hd":false},{"ty":"fl","c":{"a":0,"k":[0.866666972637,0.874509990215,0.294117987156,1],"ix":4},"o":{"a":0,"k":100,"ix":5},"r":1,"nm":"Fill 1","mn":"ADBE Vector Graphic - Fill","hd":false},{"ty":"tr","p":{"a":0,"k":[0,0],"ix":2},"a":{"a":0,"k":[0,0],"ix":1},"s":{"a":0,"k":[500,500],"ix":3},"r":{"a":0,"k":0,"ix":6},"o":{"a":0,"k":100,"ix":7},"sk":{"a":0,"k":0,"ix":4},"sa":{"a":0,"k":0,"ix":5},"nm":"Transform"}],"nm":"Path","np":2,"cix":2,"ix":1,"mn":"ADBE Vector Group","hd":false}],"ip":0,"op":121.000004928431,"st":0,"bm":0},{"ddd":0,"ind":7,"ty":4,"nm":"Shape","sr":1,"ks":{"o":{"a":0,"k":100,"ix":11},"r":{"a":0,"k":0,"ix":10},"p":{"a":0,"k":[68.3,92,0],"ix":2},"a":{"a":0,"k":[0.5,5,0],"ix":1},"s":{"a":1,"k":[{"i":{"x":[0.339,0.339,0.339],"y":[0.846,0.846,-12.666]},"o":{"x":[0.001,0.001,0.001],"y":[0,0,0]},"n":["0p339_0p846_0p001_0","0p339_0p846_0p001_0","0p339_-12p666_0p001_0"],"t":0,"s":[0,0,100],"e":[53.418,53.418,100]},{"i":{"x":[0.629,0.629,0.629],"y":[1,1,1]},"o":{"x":[0.296,0.296,0.296],"y":[1.116,1.116,12.239]},"n":["0p629_1_0p296_1p116","0p629_1_0p296_1p116","0p629_1_0p296_12p239"],"t":10,"s":[53.418,53.418,100],"e":[60,60,100]},{"i":{"x":[0.36,0.36,0.36],"y":[1,1,1]},"o":{"x":[0.001,0.001,0.001],"y":[0,0,0]},"n":["0p36_1_0p001_0","0p36_1_0p001_0","0p36_1_0p001_0"],"t":30,"s":[60,60,100],"e":[60,60,100]},{"i":{"x":[0.501,0.501,0.501],"y":[0.804,0.804,1]},"o":{"x":[0.429,0.429,0.429],"y":[0,0,0]},"n":["0p501_0p804_0p429_0","0p501_0p804_0p429_0","0p501_1_0p429_0"],"t":75,"s":[60,60,100],"e":[5.614,5.614,100]},{"i":{"x":[0.597,0.597,0.597],"y":[1,1,1]},"o":{"x":[0.271,0.271,0.271],"y":[1.031,1.031,0]},"n":["0p597_1_0p271_1p031","0p597_1_0p271_1p031","0p597_1_0p271_0"],"t":90,"s":[5.614,5.614,100],"e":[0,0,100]},{"t":105.000004276738}],"ix":6}},"ao":0,"shapes":[{"ty":"gr","it":[{"ind":0,"ty":"sh","ix":1,"ks":{"a":0,"k":{"i":[[5.52,0],[0,-2.76],[-5.52,0],[0,2.76]],"o":[[-5.52,0],[0,2.76],[5.52,0],[0,-2.76]],"v":[[0,-5],[-10,0],[0,5],[10,0]],"c":true},"ix":2},"nm":"Path 1","mn":"ADBE Vector Shape - Group","hd":false},{"ty":"mm","mm":1,"nm":"Merge Paths 1","mn":"ADBE Vector Filter - Merge","hd":false},{"ty":"fl","c":{"a":0,"k":[0.686275005341,0.796078026295,0.215685993433,1],"ix":4},"o":{"a":0,"k":100,"ix":5},"r":1,"nm":"Fill 1","mn":"ADBE Vector Graphic - Fill","hd":false},{"ty":"tr","p":{"a":0,"k":[0,0],"ix":2},"a":{"a":0,"k":[0,0],"ix":1},"s":{"a":0,"k":[500,500],"ix":3},"r":{"a":0,"k":0,"ix":6},"o":{"a":0,"k":100,"ix":7},"sk":{"a":0,"k":0,"ix":4},"sa":{"a":0,"k":0,"ix":5},"nm":"Transform"}],"nm":"Shape","np":3,"cix":2,"ix":1,"mn":"ADBE Vector Group","hd":false}],"ip":0,"op":121.000004928431,"st":0,"bm":0}],"markers":[]}