{"v":"5.3.4","fr":29.9700012207031,"ip":0,"op":141.000005743048,"w":136,"h":136,"nm":"6_Golf_clubs","ddd":0,"assets":[],"layers":[{"ddd":0,"ind":1,"ty":3,"nm":"Null 1","sr":1,"ks":{"o":{"a":0,"k":0,"ix":11},"r":{"a":0,"k":0,"ix":10},"p":{"a":1,"k":[{"i":{"x":0.357,"y":0.912},"o":{"x":0.19,"y":0.079},"n":"0p357_0p912_0p19_0p079","t":0,"s":[68,296,0],"e":[68,56.554,0],"to":[0,-23.3816604614258,0],"ti":[0,31.4145584106445,0]},{"i":{"x":0.632,"y":1},"o":{"x":0.164,"y":1},"n":"0p632_1_0p164_1","t":12,"s":[68,56.554,0],"e":[68,64,0],"to":[0,-2.03997421264648,0],"ti":[0,0,0]},{"i":{"x":0.31,"y":1},"o":{"x":0.167,"y":0},"n":"0p31_1_0p167_0","t":30,"s":[68,64,0],"e":[68,68,0],"to":[0,0,0],"ti":[0,0,0]},{"i":{"x":0.599,"y":0},"o":{"x":0.198,"y":0},"n":"0p599_0_0p198_0","t":83,"s":[68,68,0],"e":[68,74.844,0],"to":[0,0,0],"ti":[0,0,0]},{"i":{"x":0.445,"y":0.675},"o":{"x":0.324,"y":0.043},"n":"0p445_0p675_0p324_0p043","t":96,"s":[68,74.844,0],"e":[68,-93.104,0],"to":[0,0,0],"ti":[0,0,0]},{"i":{"x":0.627,"y":0.382},"o":{"x":0.137,"y":1},"n":"0p627_0p382_0p137_1","t":113,"s":[68,-93.104,0],"e":[68,-107.356,0],"to":[0,0,0],"ti":[0,0,0]},{"t":131.000005335739}],"ix":2},"a":{"a":0,"k":[0,0,0],"ix":1},"s":{"a":1,"k":[{"i":{"x":[0.372,0.372,0.372],"y":[0.844,0.844,-0.032]},"o":{"x":[0.198,0.198,0.198],"y":[0.114,0.114,-3.211]},"n":["0p372_0p844_0p198_0p114","0p372_0p844_0p198_0p114","0p372_-0p032_0p198_-3p211"],"t":83,"s":[60,60,100],"e":[43.042,43.042,100]},{"t":96.0000039101602}],"ix":6}},"ao":0,"ip":0,"op":141.000005743048,"st":0,"bm":0},{"ddd":0,"ind":2,"ty":4,"nm":"Path","parent":7,"sr":1,"ks":{"o":{"a":0,"k":100,"ix":11},"r":{"a":0,"k":0,"ix":10},"p":{"a":0,"k":[59.233,58.102,0],"ix":2},"a":{"a":0,"k":[0,0,0],"ix":1},"s":{"a":0,"k":[100,100,100],"ix":6}},"ao":0,"shapes":[{"ty":"gr","it":[{"ind":0,"ty":"sh","ix":1,"ks":{"a":0,"k":{"i":[[0,0],[-2.08,0.55],[0.36,-1.63],[0.4,0],[0,0],[0.35,0.42],[0,0]],"o":[[0,0],[2.09,-0.55],[-0.39,1.8],[0,0],[-0.55,0],[0,0],[0,0]],"v":[[3.358,6.625],[7.148,5.625],[9.678,7.415],[7.438,9.125],[6.438,9.125],[4.798,8.355],[-9.762,-9.125]],"c":false},"ix":2},"nm":"Path 1","mn":"ADBE Vector Shape - Group","hd":false},{"ty":"st","c":{"a":0,"k":[0,0,0,1],"ix":3},"o":{"a":0,"k":100,"ix":4},"w":{"a":0,"k":1,"ix":5},"lc":2,"lj":2,"nm":"Stroke 1","mn":"ADBE Vector Graphic - Stroke","hd":false},{"ty":"tr","p":{"a":0,"k":[0,0],"ix":2},"a":{"a":0,"k":[0,0],"ix":1},"s":{"a":0,"k":[500,500],"ix":3},"r":{"a":0,"k":0,"ix":6},"o":{"a":0,"k":100,"ix":7},"sk":{"a":0,"k":0,"ix":4},"sa":{"a":0,"k":0,"ix":5},"nm":"Transform"}],"nm":"Path","np":2,"cix":2,"ix":1,"mn":"ADBE Vector Group","hd":false}],"ip":0,"op":141.000005743048,"st":0,"bm":0},{"ddd":0,"ind":3,"ty":4,"nm":"Path","parent":7,"sr":1,"ks":{"o":{"a":0,"k":100,"ix":11},"r":{"a":0,"k":0,"ix":10},"p":{"a":0,"k":[0,0,0],"ix":2},"a":{"a":0,"k":[0,0,0],"ix":1},"s":{"a":0,"k":[100,100,100],"ix":6}},"ao":0,"shapes":[{"ty":"gr","it":[{"ind":0,"ty":"sh","ix":1,"ks":{"a":0,"k":{"i":[[0,0],[-0.19,-0.21],[0,0],[-0.18,0.21],[0,0],[0.18,0.21],[0,0],[0.18,-0.21]],"o":[[-0.19,0.21],[0,0],[0.18,0.21],[0,0],[0.18,-0.21],[0,0],[-0.19,-0.21],[0,0]],"v":[[-2.26,-2.283],[-2.26,-1.512],[1.27,2.717],[1.91,2.717],[2.27,2.288],[2.27,1.518],[-1.26,-2.712],[-1.9,-2.712]],"c":true},"ix":2},"nm":"Path 1","mn":"ADBE Vector Shape - Group","hd":false},{"ty":"st","c":{"a":0,"k":[0,0,0,1],"ix":3},"o":{"a":0,"k":100,"ix":4},"w":{"a":0,"k":1,"ix":5},"lc":2,"lj":2,"nm":"Stroke 1","mn":"ADBE Vector Graphic - Stroke","hd":false},{"ty":"tr","p":{"a":0,"k":[0,0],"ix":2},"a":{"a":0,"k":[0,0],"ix":1},"s":{"a":0,"k":[500,500],"ix":3},"r":{"a":0,"k":0,"ix":6},"o":{"a":0,"k":100,"ix":7},"sk":{"a":0,"k":0,"ix":4},"sa":{"a":0,"k":0,"ix":5},"nm":"Transform"}],"nm":"Path","np":2,"cix":2,"ix":1,"mn":"ADBE Vector Group","hd":false}],"ip":0,"op":141.000005743048,"st":0,"bm":0},{"ddd":0,"ind":4,"ty":4,"nm":"Path","parent":7,"sr":1,"ks":{"o":{"a":0,"k":100,"ix":11},"r":{"a":0,"k":0,"ix":10},"p":{"a":0,"k":[87.275,96.625,0],"ix":2},"a":{"a":0,"k":[0,0,0],"ix":1},"s":{"a":0,"k":[100,100,100],"ix":6}},"ao":0,"shapes":[{"ty":"gr","it":[{"ind":0,"ty":"sh","ix":1,"ks":{"a":0,"k":{"i":[[0,0],[0,0],[-0.54,-0.03],[0.09,0],[0,0],[0.35,0.42],[0,0]],"o":[[0,0],[0.34,0.4],[-0.18,0.01],[0,0],[-0.55,0],[0,0],[0,0]],"v":[[-1.04,-1.41],[0.69,0.64],[2.25,1.4],[1.83,1.41],[0.83,1.41],[-0.81,0.64],[-2.25,-1.09]],"c":true},"ix":2},"nm":"Path 1","mn":"ADBE Vector Shape - Group","hd":false},{"ty":"fl","c":{"a":0,"k":[0.615685999393,0.615685999393,0.611765027046,1],"ix":4},"o":{"a":0,"k":100,"ix":5},"r":1,"nm":"Fill 1","mn":"ADBE Vector Graphic - Fill","hd":false},{"ty":"tr","p":{"a":0,"k":[0,0],"ix":2},"a":{"a":0,"k":[0,0],"ix":1},"s":{"a":0,"k":[500,500],"ix":3},"r":{"a":0,"k":0,"ix":6},"o":{"a":0,"k":100,"ix":7},"sk":{"a":0,"k":0,"ix":4},"sa":{"a":0,"k":0,"ix":5},"nm":"Transform"}],"nm":"Path","np":2,"cix":2,"ix":1,"mn":"ADBE Vector Group","hd":false}],"ip":0,"op":141.000005743048,"st":0,"bm":0},{"ddd":0,"ind":5,"ty":4,"nm":"Path","parent":7,"sr":1,"ks":{"o":{"a":0,"k":100,"ix":11},"r":{"a":0,"k":0,"ix":10},"p":{"a":0,"k":[99.524,94.545,0],"ix":2},"a":{"a":0,"k":[0,0,0],"ix":1},"s":{"a":0,"k":[100,100,100],"ix":6}},"ao":0,"shapes":[{"ty":"gr","it":[{"ind":0,"ty":"sh","ix":1,"ks":{"a":0,"k":{"i":[[-0.3,1.38],[0.66,0.24],[0.33,-1.53],[0.4,0],[0,0],[0.02,0]],"o":[[0.22,-0.99],[1.8,-0.36],[-0.39,1.8],[0,0],[-0.03,0],[0.59,-0.06]],"v":[[0.12,0.123],[-0.54,-1.747],[1.62,0.123],[-0.62,1.833],[-1.62,1.833],[-1.7,1.823]],"c":true},"ix":2},"nm":"Path 1","mn":"ADBE Vector Shape - Group","hd":false},{"ty":"fl","c":{"a":0,"k":[0.929412007332,0.929412007332,0.929412007332,1],"ix":4},"o":{"a":0,"k":100,"ix":5},"r":1,"nm":"Fill 1","mn":"ADBE Vector Graphic - Fill","hd":false},{"ty":"tr","p":{"a":0,"k":[0,0],"ix":2},"a":{"a":0,"k":[0,0],"ix":1},"s":{"a":0,"k":[500,500],"ix":3},"r":{"a":0,"k":0,"ix":6},"o":{"a":0,"k":100,"ix":7},"sk":{"a":0,"k":0,"ix":4},"sa":{"a":0,"k":0,"ix":5},"nm":"Transform"}],"nm":"Path","np":2,"cix":2,"ix":1,"mn":"ADBE Vector Group","hd":false}],"ip":0,"op":141.000005743048,"st":0,"bm":0},{"ddd":0,"ind":6,"ty":4,"nm":"Path","parent":7,"sr":1,"ks":{"o":{"a":0,"k":100,"ix":11},"r":{"a":0,"k":0,"ix":10},"p":{"a":0,"k":[92.033,94.517,0],"ix":2},"a":{"a":0,"k":[0,0,0],"ix":1},"s":{"a":0,"k":[100,100,100],"ix":6}},"ao":0,"shapes":[{"ty":"gr","it":[{"ind":0,"ty":"sh","ix":1,"ks":{"a":0,"k":{"i":[[0,0],[-2.08,0.55],[0.36,-1.63],[0.4,0],[0,0],[0.35,0.42],[0,0]],"o":[[0,0],[2.09,-0.55],[-0.39,1.8],[0,0],[-0.55,0],[0,0],[0,0]],"v":[[-3.202,-0.662],[0.588,-1.662],[3.118,0.128],[0.878,1.838],[-0.122,1.838],[-1.762,1.068],[-3.202,-0.662]],"c":false},"ix":2},"nm":"Path 1","mn":"ADBE Vector Shape - Group","hd":false},{"ty":"fl","c":{"a":0,"k":[0.776471018791,0.776471018791,0.776471018791,1],"ix":4},"o":{"a":0,"k":100,"ix":5},"r":1,"nm":"Fill 1","mn":"ADBE Vector Graphic - Fill","hd":false},{"ty":"tr","p":{"a":0,"k":[0,0],"ix":2},"a":{"a":0,"k":[0,0],"ix":1},"s":{"a":0,"k":[500,500],"ix":3},"r":{"a":0,"k":0,"ix":6},"o":{"a":0,"k":100,"ix":7},"sk":{"a":0,"k":0,"ix":4},"sa":{"a":0,"k":0,"ix":5},"nm":"Transform"}],"nm":"Path","np":2,"cix":2,"ix":1,"mn":"ADBE Vector Group","hd":false}],"ip":0,"op":141.000005743048,"st":0,"bm":0},{"ddd":0,"ind":7,"ty":4,"nm":"Path","parent":1,"sr":1,"ks":{"o":{"a":0,"k":100,"ix":11},"r":{"a":1,"k":[{"i":{"x":[0.383],"y":[0.863]},"o":{"x":[0.203],"y":[0.088]},"n":["0p383_0p863_0p203_0p088"],"t":30,"s":[40],"e":[3.102]},{"i":{"x":[0.613],"y":[1]},"o":{"x":[0.283],"y":[1.124]},"n":["0p613_1_0p283_1p124"],"t":42,"s":[3.102],"e":[0]},{"i":{"x":[0.31],"y":[1]},"o":{"x":[0.167],"y":[0]},"n":["0p31_1_0p167_0"],"t":60,"s":[0],"e":[0]},{"i":{"x":[0.483],"y":[0.814]},"o":{"x":[0.464],"y":[0]},"n":["0p483_0p814_0p464_0"],"t":70,"s":[0],"e":[35.795]},{"i":{"x":[0.584],"y":[1]},"o":{"x":[0.26],"y":[0.8]},"n":["0p584_1_0p26_0p8"],"t":83,"s":[35.795],"e":[40]},{"t":96.0000039101602}],"ix":10},"p":{"a":1,"k":[{"i":{"x":0.383,"y":0.863},"o":{"x":0.203,"y":0.088},"n":"0p383_0p863_0p203_0p088","t":30,"s":[0.003,-42.175,0],"e":[-41.996,-42.175,0],"to":[-6.69941711425781,0,0],"ti":[10.8555002212524,0,0]},{"i":{"x":0.613,"y":1},"o":{"x":0.252,"y":1},"n":"0p613_1_0p252_1","t":42,"s":[-41.996,-42.175,0],"e":[-45.525,-42.175,0],"to":[-1.43989598751068,0,0],"ti":[0,0,0]},{"i":{"x":0.31,"y":1},"o":{"x":0.167,"y":0},"n":"0p31_1_0p167_0","t":60,"s":[-45.525,-42.175,0],"e":[-45.525,-42.175,0],"to":[0,0,0],"ti":[0,0,0]},{"i":{"x":0.483,"y":0.814},"o":{"x":0.464,"y":0},"n":"0p483_0p814_0p464_0","t":70,"s":[-45.525,-42.175,0],"e":[-4.783,-42.175,0],"to":[0,0,0],"ti":[0,0,0]},{"i":{"x":0.584,"y":1},"o":{"x":0.26,"y":0.8},"n":"0p584_1_0p26_0p8","t":83,"s":[-4.783,-42.175,0],"e":[0.003,-42.175,0],"to":[0,0,0],"ti":[-0.98846882581711,0,0]},{"t":96.0000039101602}],"ix":2},"a":{"a":0,"k":[0,0,0],"ix":1},"s":{"a":0,"k":[100,100,100],"ix":6}},"ao":0,"shapes":[{"ty":"gr","it":[{"ind":0,"ty":"sh","ix":1,"ks":{"a":0,"k":{"i":[[0,0],[-0.19,-0.21],[0,0],[-0.18,0.21],[0,0],[0.18,0.21],[0,0],[0.18,-0.21]],"o":[[-0.19,0.21],[0,0],[0.18,0.21],[0,0],[0.18,-0.21],[0,0],[-0.19,-0.21],[0,0]],"v":[[-2.26,-2.283],[-2.26,-1.512],[1.27,2.717],[1.91,2.717],[2.27,2.288],[2.27,1.518],[-1.26,-2.712],[-1.9,-2.712]],"c":true},"ix":2},"nm":"Path 1","mn":"ADBE Vector Shape - Group","hd":false},{"ty":"fl","c":{"a":0,"k":[0.529411971569,0.529411971569,0.529411971569,1],"ix":4},"o":{"a":0,"k":100,"ix":5},"r":1,"nm":"Fill 1","mn":"ADBE Vector Graphic - Fill","hd":false},{"ty":"tr","p":{"a":0,"k":[0,0],"ix":2},"a":{"a":0,"k":[0,0],"ix":1},"s":{"a":0,"k":[500,500],"ix":3},"r":{"a":0,"k":0,"ix":6},"o":{"a":0,"k":100,"ix":7},"sk":{"a":0,"k":0,"ix":4},"sa":{"a":0,"k":0,"ix":5},"nm":"Transform"}],"nm":"Path","np":2,"cix":2,"ix":1,"mn":"ADBE Vector Group","hd":false}],"ip":0,"op":141.000005743048,"st":0,"bm":0},{"ddd":0,"ind":8,"ty":4,"nm":"Path","parent":13,"sr":1,"ks":{"o":{"a":0,"k":100,"ix":11},"r":{"a":0,"k":0,"ix":10},"p":{"a":0,"k":[-59.233,58.102,0],"ix":2},"a":{"a":0,"k":[0,0,0],"ix":1},"s":{"a":0,"k":[100,100,100],"ix":6}},"ao":0,"shapes":[{"ty":"gr","it":[{"ind":0,"ty":"sh","ix":1,"ks":{"a":0,"k":{"i":[[0,0],[2.08,0.55],[-0.36,-1.63],[-0.4,0],[0,0],[-0.35,0.42],[0,0]],"o":[[0,0],[-2.09,-0.55],[0.39,1.8],[0,0],[0.55,0],[0,0],[0,0]],"v":[[-3.362,6.625],[-7.152,5.625],[-9.682,7.415],[-7.442,9.125],[-6.442,9.125],[-4.802,8.355],[9.758,-9.125]],"c":false},"ix":2},"nm":"Path 1","mn":"ADBE Vector Shape - Group","hd":false},{"ty":"st","c":{"a":0,"k":[0,0,0,1],"ix":3},"o":{"a":0,"k":100,"ix":4},"w":{"a":0,"k":1,"ix":5},"lc":2,"lj":2,"nm":"Stroke 1","mn":"ADBE Vector Graphic - Stroke","hd":false},{"ty":"tr","p":{"a":0,"k":[0,0],"ix":2},"a":{"a":0,"k":[0,0],"ix":1},"s":{"a":0,"k":[500,500],"ix":3},"r":{"a":0,"k":0,"ix":6},"o":{"a":0,"k":100,"ix":7},"sk":{"a":0,"k":0,"ix":4},"sa":{"a":0,"k":0,"ix":5},"nm":"Transform"}],"nm":"Path","np":2,"cix":2,"ix":1,"mn":"ADBE Vector Group","hd":false}],"ip":0,"op":141.000005743048,"st":0,"bm":0},{"ddd":0,"ind":9,"ty":4,"nm":"Path","parent":13,"sr":1,"ks":{"o":{"a":0,"k":100,"ix":11},"r":{"a":0,"k":0,"ix":10},"p":{"a":0,"k":[-87.275,96.625,0],"ix":2},"a":{"a":0,"k":[0,0,0],"ix":1},"s":{"a":0,"k":[100,100,100],"ix":6}},"ao":0,"shapes":[{"ty":"gr","it":[{"ind":0,"ty":"sh","ix":1,"ks":{"a":0,"k":{"i":[[0,0],[0,0],[0.54,-0.03],[-0.09,0],[0,0],[-0.35,0.42],[0,0]],"o":[[0,0],[-0.34,0.4],[0.18,0.01],[0,0],[0.55,0],[0,0],[0,0]],"v":[[1.04,-1.41],[-0.69,0.64],[-2.25,1.4],[-1.83,1.41],[-0.83,1.41],[0.81,0.64],[2.25,-1.09]],"c":true},"ix":2},"nm":"Path 1","mn":"ADBE Vector Shape - Group","hd":false},{"ty":"fl","c":{"a":0,"k":[0.615685999393,0.615685999393,0.611765027046,1],"ix":4},"o":{"a":0,"k":100,"ix":5},"r":1,"nm":"Fill 1","mn":"ADBE Vector Graphic - Fill","hd":false},{"ty":"tr","p":{"a":0,"k":[0,0],"ix":2},"a":{"a":0,"k":[0,0],"ix":1},"s":{"a":0,"k":[500,500],"ix":3},"r":{"a":0,"k":0,"ix":6},"o":{"a":0,"k":100,"ix":7},"sk":{"a":0,"k":0,"ix":4},"sa":{"a":0,"k":0,"ix":5},"nm":"Transform"}],"nm":"Path","np":2,"cix":2,"ix":1,"mn":"ADBE Vector Group","hd":false}],"ip":0,"op":141.000005743048,"st":0,"bm":0},{"ddd":0,"ind":10,"ty":4,"nm":"Path","parent":13,"sr":1,"ks":{"o":{"a":0,"k":100,"ix":11},"r":{"a":0,"k":0,"ix":10},"p":{"a":0,"k":[-99.524,94.545,0],"ix":2},"a":{"a":0,"k":[0,0,0],"ix":1},"s":{"a":0,"k":[100,100,100],"ix":6}},"ao":0,"shapes":[{"ty":"gr","it":[{"ind":0,"ty":"sh","ix":1,"ks":{"a":0,"k":{"i":[[0.3,1.38],[-0.66,0.24],[-0.33,-1.53],[-0.4,0],[0,0],[-0.02,0]],"o":[[-0.22,-0.99],[-1.8,-0.36],[0.39,1.8],[0,0],[0.03,0],[-0.59,-0.06]],"v":[[-0.12,0.123],[0.54,-1.747],[-1.62,0.123],[0.62,1.833],[1.62,1.833],[1.7,1.823]],"c":true},"ix":2},"nm":"Path 1","mn":"ADBE Vector Shape - Group","hd":false},{"ty":"fl","c":{"a":0,"k":[0.929412007332,0.929412007332,0.929412007332,1],"ix":4},"o":{"a":0,"k":100,"ix":5},"r":1,"nm":"Fill 1","mn":"ADBE Vector Graphic - Fill","hd":false},{"ty":"tr","p":{"a":0,"k":[0,0],"ix":2},"a":{"a":0,"k":[0,0],"ix":1},"s":{"a":0,"k":[500,500],"ix":3},"r":{"a":0,"k":0,"ix":6},"o":{"a":0,"k":100,"ix":7},"sk":{"a":0,"k":0,"ix":4},"sa":{"a":0,"k":0,"ix":5},"nm":"Transform"}],"nm":"Path","np":2,"cix":2,"ix":1,"mn":"ADBE Vector Group","hd":false}],"ip":0,"op":141.000005743048,"st":0,"bm":0},{"ddd":0,"ind":11,"ty":4,"nm":"Path","parent":13,"sr":1,"ks":{"o":{"a":0,"k":100,"ix":11},"r":{"a":0,"k":0,"ix":10},"p":{"a":0,"k":[-92.033,94.517,0],"ix":2},"a":{"a":0,"k":[0,0,0],"ix":1},"s":{"a":0,"k":[100,100,100],"ix":6}},"ao":0,"shapes":[{"ty":"gr","it":[{"ind":0,"ty":"sh","ix":1,"ks":{"a":0,"k":{"i":[[0,0],[2.08,0.55],[-0.36,-1.63],[-0.4,0],[0,0],[-0.35,0.42],[0,0]],"o":[[0,0],[-2.09,-0.55],[0.39,1.8],[0,0],[0.55,0],[0,0],[0,0]],"v":[[3.198,-0.662],[-0.592,-1.662],[-3.122,0.128],[-0.882,1.838],[0.118,1.838],[1.758,1.068],[3.198,-0.662]],"c":false},"ix":2},"nm":"Path 1","mn":"ADBE Vector Shape - Group","hd":false},{"ty":"fl","c":{"a":0,"k":[0.776471018791,0.776471018791,0.776471018791,1],"ix":4},"o":{"a":0,"k":100,"ix":5},"r":1,"nm":"Fill 1","mn":"ADBE Vector Graphic - Fill","hd":false},{"ty":"tr","p":{"a":0,"k":[0,0],"ix":2},"a":{"a":0,"k":[0,0],"ix":1},"s":{"a":0,"k":[500,500],"ix":3},"r":{"a":0,"k":0,"ix":6},"o":{"a":0,"k":100,"ix":7},"sk":{"a":0,"k":0,"ix":4},"sa":{"a":0,"k":0,"ix":5},"nm":"Transform"}],"nm":"Path","np":2,"cix":2,"ix":1,"mn":"ADBE Vector Group","hd":false}],"ip":0,"op":141.000005743048,"st":0,"bm":0},{"ddd":0,"ind":12,"ty":4,"nm":"Path","parent":13,"sr":1,"ks":{"o":{"a":0,"k":100,"ix":11},"r":{"a":0,"k":0,"ix":10},"p":{"a":0,"k":[0,0,0],"ix":2},"a":{"a":0,"k":[0,0,0],"ix":1},"s":{"a":0,"k":[100,100,100],"ix":6}},"ao":0,"shapes":[{"ty":"gr","it":[{"ind":0,"ty":"sh","ix":1,"ks":{"a":0,"k":{"i":[[0,0],[0.18,-0.21],[0,0],[0.18,0.21],[0,0],[-0.18,0.21],[0,0],[-0.18,-0.21]],"o":[[0.18,0.21],[0,0],[-0.18,0.21],[0,0],[-0.18,-0.21],[0,0],[0.18,-0.21],[0,0]],"v":[[2.27,-2.283],[2.27,-1.512],[-1.26,2.717],[-1.9,2.717],[-2.26,2.288],[-2.26,1.518],[1.27,-2.712],[1.91,-2.712]],"c":true},"ix":2},"nm":"Path 1","mn":"ADBE Vector Shape - Group","hd":false},{"ty":"st","c":{"a":0,"k":[0,0,0,1],"ix":3},"o":{"a":0,"k":100,"ix":4},"w":{"a":0,"k":1,"ix":5},"lc":2,"lj":2,"nm":"Stroke 1","mn":"ADBE Vector Graphic - Stroke","hd":false},{"ty":"tr","p":{"a":0,"k":[0,0],"ix":2},"a":{"a":0,"k":[0,0],"ix":1},"s":{"a":0,"k":[500,500],"ix":3},"r":{"a":0,"k":0,"ix":6},"o":{"a":0,"k":100,"ix":7},"sk":{"a":0,"k":0,"ix":4},"sa":{"a":0,"k":0,"ix":5},"nm":"Transform"}],"nm":"Path","np":2,"cix":2,"ix":1,"mn":"ADBE Vector Group","hd":false}],"ip":0,"op":141.000005743048,"st":0,"bm":0},{"ddd":0,"ind":13,"ty":4,"nm":"Path","parent":1,"sr":1,"ks":{"o":{"a":0,"k":100,"ix":11},"r":{"a":1,"k":[{"i":{"x":[0.383],"y":[0.863]},"o":{"x":[0.203],"y":[0.088]},"n":["0p383_0p863_0p203_0p088"],"t":30,"s":[-40],"e":[-3.102]},{"i":{"x":[0.613],"y":[1]},"o":{"x":[0.283],"y":[1.124]},"n":["0p613_1_0p283_1p124"],"t":42,"s":[-3.102],"e":[0]},{"i":{"x":[0.31],"y":[1]},"o":{"x":[0.167],"y":[0]},"n":["0p31_1_0p167_0"],"t":60,"s":[0],"e":[0]},{"i":{"x":[0.483],"y":[0.814]},"o":{"x":[0.464],"y":[0]},"n":["0p483_0p814_0p464_0"],"t":70,"s":[0],"e":[-35.795]},{"i":{"x":[0.584],"y":[1]},"o":{"x":[0.26],"y":[1.046]},"n":["0p584_1_0p26_1p046"],"t":83,"s":[-35.795],"e":[-40]},{"t":100.000004073084}],"ix":10},"p":{"a":1,"k":[{"i":{"x":0.383,"y":0.863},"o":{"x":0.203,"y":0.088},"n":"0p383_0p863_0p203_0p088","t":30,"s":[-0.027,-42.175,0],"e":[46.606,-42.175,0],"to":[7.43865251541138,0,0],"ti":[-12.053466796875,0,0]},{"i":{"x":0.613,"y":1},"o":{"x":0.252,"y":1},"n":"0p613_1_0p252_1","t":42,"s":[46.606,-42.175,0],"e":[50.525,-42.175,0],"to":[1.59885835647583,0,0],"ti":[0,0,0]},{"i":{"x":0.31,"y":1},"o":{"x":0.167,"y":0},"n":"0p31_1_0p167_0","t":60,"s":[50.525,-42.175,0],"e":[50.525,-42.175,0],"to":[0,0,0],"ti":[0,0,0]},{"i":{"x":0.483,"y":0.814},"o":{"x":0.464,"y":0},"n":"0p483_0p814_0p464_0","t":70,"s":[50.525,-42.175,0],"e":[5.287,-42.175,0],"to":[0,0,0],"ti":[0,0,0]},{"i":{"x":0.584,"y":1},"o":{"x":0.249,"y":1},"n":"0p584_1_0p249_1","t":83,"s":[5.287,-42.175,0],"e":[-0.027,-42.175,0],"to":[0,0,0],"ti":[1.09754168987274,0,0]},{"t":100.000004073084}],"ix":2},"a":{"a":0,"k":[0,0,0],"ix":1},"s":{"a":0,"k":[100,100,100],"ix":6}},"ao":0,"shapes":[{"ty":"gr","it":[{"ind":0,"ty":"sh","ix":1,"ks":{"a":0,"k":{"i":[[0,0],[0.18,-0.21],[0,0],[0.18,0.21],[0,0],[-0.18,0.21],[0,0],[-0.18,-0.21]],"o":[[0.18,0.21],[0,0],[-0.18,0.21],[0,0],[-0.18,-0.21],[0,0],[0.18,-0.21],[0,0]],"v":[[2.27,-2.283],[2.27,-1.512],[-1.26,2.717],[-1.9,2.717],[-2.26,2.288],[-2.26,1.518],[1.27,-2.712],[1.91,-2.712]],"c":true},"ix":2},"nm":"Path 1","mn":"ADBE Vector Shape - Group","hd":false},{"ty":"fl","c":{"a":0,"k":[0.529411971569,0.529411971569,0.529411971569,1],"ix":4},"o":{"a":0,"k":100,"ix":5},"r":1,"nm":"Fill 1","mn":"ADBE Vector Graphic - Fill","hd":false},{"ty":"tr","p":{"a":0,"k":[0,0],"ix":2},"a":{"a":0,"k":[0,0],"ix":1},"s":{"a":0,"k":[500,500],"ix":3},"r":{"a":0,"k":0,"ix":6},"o":{"a":0,"k":100,"ix":7},"sk":{"a":0,"k":0,"ix":4},"sa":{"a":0,"k":0,"ix":5},"nm":"Transform"}],"nm":"Path","np":2,"cix":2,"ix":1,"mn":"ADBE Vector Group","hd":false}],"ip":0,"op":141.000005743048,"st":0,"bm":0}],"markers":[]}