{"v":"5.3.4","fr":29.9700012207031,"ip":0,"op":150.000006109625,"w":136,"h":136,"nm":"8_Ribbon","ddd":0,"assets":[],"layers":[{"ddd":0,"ind":1,"ty":3,"nm":"Null 1","sr":1,"ks":{"o":{"a":0,"k":0,"ix":11},"r":{"a":0,"k":0,"ix":10},"p":{"a":1,"k":[{"i":{"x":0.374,"y":0.374},"o":{"x":0.199,"y":0.199},"n":"0p374_0p374_0p199_0p199","t":21,"s":[68,68,0],"e":[68,68,0],"to":[0,0,0],"ti":[0,0,0]},{"i":{"x":0.62,"y":0.62},"o":{"x":0.289,"y":0.289},"n":"0p62_0p62_0p289_0p289","t":34,"s":[68,68,0],"e":[68,68,0],"to":[0,0,0],"ti":[0,0,0]},{"t":51.0000020772726}],"ix":2},"a":{"a":0,"k":[0,0,0],"ix":1},"s":{"a":0,"k":[60,60,100],"ix":6}},"ao":0,"ip":0,"op":150.000006109625,"st":0,"bm":0},{"ddd":0,"ind":2,"ty":4,"nm":"Oval","parent":6,"sr":1,"ks":{"o":{"a":0,"k":100,"ix":11},"r":{"a":0,"k":0,"ix":10},"p":{"a":0,"k":[0,0,0],"ix":2},"a":{"a":0,"k":[0,0,0],"ix":1},"s":{"a":1,"k":[{"i":{"x":[0.383,0.383,0.383],"y":[0.874,0.874,-10.588]},"o":{"x":[0.203,0.203,0.203],"y":[0.081,0.081,7.453]},"n":["0p383_0p874_0p203_0p081","0p383_0p874_0p203_0p081","0p383_-10p588_0p203_7p453"],"t":5,"s":[0,0,100],"e":[92.246,92.246,100]},{"i":{"x":[0.613,0.613,0.613],"y":[1,1,1]},"o":{"x":[0.283,0.283,0.283],"y":[1.187,1.187,9.202]},"n":["0p613_1_0p283_1p187","0p613_1_0p283_1p187","0p613_1_0p283_9p202"],"t":16,"s":[92.246,92.246,100],"e":[100,100,100]},{"i":{"x":[0.3,0.3,0.3],"y":[1,1,1]},"o":{"x":[0.167,0.167,0.167],"y":[0,0,0]},"n":["0p3_1_0p167_0","0p3_1_0p167_0","0p3_1_0p167_0"],"t":35,"s":[100,100,100],"e":[100,100,100]},{"i":{"x":[0.464,0.464,0.464],"y":[0.85,0.85,1]},"o":{"x":[0.556,0.556,0.556],"y":[0,0,0]},"n":["0p464_0p85_0p556_0","0p464_0p85_0p556_0","0p464_1_0p556_0"],"t":99,"s":[100,100,100],"e":[6.405,6.405,100]},{"i":{"x":[0.595,0.595,0.595],"y":[1,1,1]},"o":{"x":[0.269,0.269,0.269],"y":[1.257,1.257,0]},"n":["0p595_1_0p269_1p257","0p595_1_0p269_1p257","0p595_1_0p269_0"],"t":113,"s":[6.405,6.405,100],"e":[0,0,100]},{"t":129.000005254278}],"ix":6}},"ao":0,"shapes":[{"ty":"gr","it":[{"d":1,"ty":"el","s":{"a":0,"k":[10,10],"ix":2},"p":{"a":0,"k":[0,0],"ix":3},"nm":"Ellipse Path 1","mn":"ADBE Vector Shape - Ellipse","hd":false},{"ty":"st","c":{"a":0,"k":[0,0,0,1],"ix":3},"o":{"a":0,"k":100,"ix":4},"w":{"a":0,"k":1,"ix":5},"lc":2,"lj":2,"nm":"Stroke 1","mn":"ADBE Vector Graphic - Stroke","hd":false},{"ty":"tr","p":{"a":0,"k":[0,0],"ix":2},"a":{"a":0,"k":[0,0],"ix":1},"s":{"a":0,"k":[500,500],"ix":3},"r":{"a":0,"k":0,"ix":6},"o":{"a":0,"k":100,"ix":7},"sk":{"a":0,"k":0,"ix":4},"sa":{"a":0,"k":0,"ix":5},"nm":"Transform"}],"nm":"Oval","np":2,"cix":2,"ix":1,"mn":"ADBE Vector Group","hd":false}],"ip":0,"op":150.000006109625,"st":0,"bm":0},{"ddd":0,"ind":3,"ty":4,"nm":"Oval","parent":6,"sr":1,"ks":{"o":{"a":0,"k":100,"ix":11},"r":{"a":0,"k":0,"ix":10},"p":{"a":0,"k":[0,0,0],"ix":2},"a":{"a":0,"k":[0,0,0],"ix":1},"s":{"a":0,"k":[100,100,100],"ix":6}},"ao":0,"shapes":[{"ty":"gr","it":[{"d":1,"ty":"el","s":{"a":0,"k":[16,16],"ix":2},"p":{"a":0,"k":[0,0],"ix":3},"nm":"Ellipse Path 1","mn":"ADBE Vector Shape - Ellipse","hd":false},{"ty":"st","c":{"a":0,"k":[0,0,0,1],"ix":3},"o":{"a":0,"k":100,"ix":4},"w":{"a":0,"k":1,"ix":5},"lc":2,"lj":2,"nm":"Stroke 1","mn":"ADBE Vector Graphic - Stroke","hd":false},{"ty":"tr","p":{"a":0,"k":[0,0],"ix":2},"a":{"a":0,"k":[0,0],"ix":1},"s":{"a":0,"k":[500,500],"ix":3},"r":{"a":0,"k":0,"ix":6},"o":{"a":0,"k":100,"ix":7},"sk":{"a":0,"k":0,"ix":4},"sa":{"a":0,"k":0,"ix":5},"nm":"Transform"}],"nm":"Oval","np":2,"cix":2,"ix":1,"mn":"ADBE Vector Group","hd":false}],"ip":0,"op":150.000006109625,"st":0,"bm":0},{"ddd":0,"ind":4,"ty":4,"nm":"Path","parent":6,"sr":1,"ks":{"o":{"a":0,"k":100,"ix":11},"r":{"a":0,"k":0,"ix":10},"p":{"a":0,"k":[-17.5,0,0],"ix":2},"a":{"a":0,"k":[0,0,0],"ix":1},"s":{"a":0,"k":[100,100,100],"ix":6}},"ao":0,"shapes":[{"ty":"gr","it":[{"ind":0,"ty":"sh","ix":1,"ks":{"a":0,"k":{"i":[[-4.42,0],[-0.33,-0.04],[0,-4.08],[-3.94,-0.49],[0.34,0],[0,4.42]],"o":[[0.34,0],[-3.94,0.49],[0,4.08],[-0.33,0.04],[-4.42,0],[0,-4.42]],"v":[[3.5,-8],[4.5,-7.93],[-2.5,0],[4.5,7.93],[3.5,8],[-4.5,0]],"c":true},"ix":2},"nm":"Path 1","mn":"ADBE Vector Shape - Group","hd":false},{"ty":"fl","c":{"a":0,"k":[1,0.874509990215,0.262744992971,1],"ix":4},"o":{"a":0,"k":100,"ix":5},"r":1,"nm":"Fill 1","mn":"ADBE Vector Graphic - Fill","hd":false},{"ty":"tr","p":{"a":0,"k":[0,0],"ix":2},"a":{"a":0,"k":[0,0],"ix":1},"s":{"a":0,"k":[500,500],"ix":3},"r":{"a":0,"k":0,"ix":6},"o":{"a":0,"k":100,"ix":7},"sk":{"a":0,"k":0,"ix":4},"sa":{"a":0,"k":0,"ix":5},"nm":"Transform"}],"nm":"Path","np":2,"cix":2,"ix":1,"mn":"ADBE Vector Group","hd":false}],"ip":0,"op":150.000006109625,"st":0,"bm":0},{"ddd":0,"ind":5,"ty":4,"nm":"Path","parent":6,"sr":1,"ks":{"o":{"a":0,"k":100,"ix":11},"r":{"a":0,"k":0,"ix":10},"p":{"a":0,"k":[17.5,0,0],"ix":2},"a":{"a":0,"k":[0,0,0],"ix":1},"s":{"a":0,"k":[100,100,100],"ix":6}},"ao":0,"shapes":[{"ty":"gr","it":[{"ind":0,"ty":"sh","ix":1,"ks":{"a":0,"k":{"i":[[4.42,0],[0.33,-0.04],[0,-4.08],[3.94,-0.49],[-0.34,0],[0,4.42]],"o":[[-0.34,0],[3.94,0.49],[0,4.08],[0.33,0.04],[4.42,0],[0,-4.42]],"v":[[-3.5,-8],[-4.5,-7.93],[2.5,0],[-4.5,7.93],[-3.5,8],[4.5,0]],"c":true},"ix":2},"nm":"Path 1","mn":"ADBE Vector Shape - Group","hd":false},{"ty":"fl","c":{"a":0,"k":[0.894118010998,0.607842981815,0,1],"ix":4},"o":{"a":0,"k":100,"ix":5},"r":1,"nm":"Fill 1","mn":"ADBE Vector Graphic - Fill","hd":false},{"ty":"tr","p":{"a":0,"k":[0,0],"ix":2},"a":{"a":0,"k":[0,0],"ix":1},"s":{"a":0,"k":[500,500],"ix":3},"r":{"a":0,"k":0,"ix":6},"o":{"a":0,"k":100,"ix":7},"sk":{"a":0,"k":0,"ix":4},"sa":{"a":0,"k":0,"ix":5},"nm":"Transform"}],"nm":"Path","np":2,"cix":2,"ix":1,"mn":"ADBE Vector Group","hd":false}],"ip":0,"op":150.000006109625,"st":0,"bm":0},{"ddd":0,"ind":6,"ty":4,"nm":"Oval","parent":1,"sr":1,"ks":{"o":{"a":0,"k":100,"ix":11},"r":{"a":0,"k":0,"ix":10},"p":{"a":1,"k":[{"i":{"x":0.374,"y":0.871},"o":{"x":0.199,"y":0.092},"n":"0p374_0p871_0p199_0p092","t":21,"s":[0,0,0],"e":[0,-16.424,0],"to":[0,-2.63453817367554,0],"ti":[0,4.01566505432129,0]},{"i":{"x":0.62,"y":1},"o":{"x":0.243,"y":1},"n":"0p62_1_0p243_1","t":34,"s":[0,-16.424,0],"e":[0,-17.5,0],"to":[0,-0.43003106117249,0],"ti":[0,0,0]},{"i":{"x":0.3,"y":0.3},"o":{"x":0.167,"y":0.167},"n":"0p3_0p3_0p167_0p167","t":51,"s":[0,-17.5,0],"e":[0,-17.5,0],"to":[0,0,0],"ti":[0,0,0]},{"i":{"x":0.408,"y":0.849},"o":{"x":0.432,"y":0},"n":"0p408_0p849_0p432_0","t":76,"s":[0,-17.5,0],"e":[0,-0.787,0],"to":[0,0,0],"ti":[0,0,0]},{"i":{"x":0.615,"y":1},"o":{"x":0.242,"y":1},"n":"0p615_1_0p242_1","t":93,"s":[0,-0.787,0],"e":[0,0,0],"to":[0,0,0],"ti":[0,-0.19832091033459,0]},{"t":106.000004317469}],"ix":2},"a":{"a":0,"k":[0,0,0],"ix":1},"s":{"a":1,"k":[{"i":{"x":[0.383,0.383,0.383],"y":[0.874,0.874,-10.588]},"o":{"x":[0.203,0.203,0.203],"y":[0.081,0.081,7.453]},"n":["0p383_0p874_0p203_0p081","0p383_0p874_0p203_0p081","0p383_-10p588_0p203_7p453"],"t":0,"s":[0,0,100],"e":[92.246,92.246,100]},{"i":{"x":[0.613,0.613,0.613],"y":[1,1,1]},"o":{"x":[0.283,0.283,0.283],"y":[1.187,1.187,9.202]},"n":["0p613_1_0p283_1p187","0p613_1_0p283_1p187","0p613_1_0p283_9p202"],"t":11,"s":[92.246,92.246,100],"e":[100,100,100]},{"i":{"x":[0.3,0.3,0.3],"y":[1,1,1]},"o":{"x":[0.171,0.171,0.171],"y":[0,0,0]},"n":["0p3_1_0p171_0","0p3_1_0p171_0","0p3_1_0p171_0"],"t":30,"s":[100,100,100],"e":[100,100,100]},{"i":{"x":[0.43,0.43,0.43],"y":[0.853,0.853,1]},"o":{"x":[0.448,0.448,0.448],"y":[0,0,0]},"n":["0p43_0p853_0p448_0","0p43_0p853_0p448_0","0p43_1_0p448_0"],"t":102,"s":[100,100,100],"e":[6.102,6.102,100]},{"i":{"x":[0.605,0.605,0.605],"y":[1,1,1]},"o":{"x":[0.277,0.277,0.277],"y":[1.259,1.259,0]},"n":["0p605_1_0p277_1p259","0p605_1_0p277_1p259","0p605_1_0p277_0"],"t":116,"s":[6.102,6.102,100],"e":[0,0,100]},{"i":{"x":[0.501,0.501,0.501],"y":[1,1,1]},"o":{"x":[0.69,0.69,0.69],"y":[0,0,0]},"n":["0p501_1_0p69_0","0p501_1_0p69_0","0p501_1_0p69_0"],"t":132,"s":[0,0,100],"e":[0,0,100]},{"t":154.000006272549}],"ix":6}},"ao":0,"shapes":[{"ty":"gr","it":[{"d":1,"ty":"el","s":{"a":0,"k":[16,16],"ix":2},"p":{"a":0,"k":[0,0],"ix":3},"nm":"Ellipse Path 1","mn":"ADBE Vector Shape - Ellipse","hd":false},{"ty":"fl","c":{"a":0,"k":[0.984314024448,0.7333329916,0.129411995411,1],"ix":4},"o":{"a":0,"k":100,"ix":5},"r":1,"nm":"Fill 1","mn":"ADBE Vector Graphic - Fill","hd":false},{"ty":"tr","p":{"a":0,"k":[0,0],"ix":2},"a":{"a":0,"k":[0,0],"ix":1},"s":{"a":0,"k":[500,500],"ix":3},"r":{"a":0,"k":0,"ix":6},"o":{"a":0,"k":100,"ix":7},"sk":{"a":0,"k":0,"ix":4},"sa":{"a":0,"k":0,"ix":5},"nm":"Transform"}],"nm":"Oval","np":2,"cix":2,"ix":1,"mn":"ADBE Vector Group","hd":false}],"ip":0,"op":150.000006109625,"st":0,"bm":0},{"ddd":0,"ind":7,"ty":4,"nm":"Path 3","parent":8,"sr":1,"ks":{"o":{"a":0,"k":100,"ix":11},"r":{"a":0,"k":0,"ix":10},"p":{"a":0,"k":[0,-0.025,0],"ix":2},"a":{"a":0,"k":[0,0,0],"ix":1},"s":{"a":0,"k":[100,100,100],"ix":6}},"ao":0,"shapes":[{"ty":"gr","it":[{"ind":0,"ty":"sh","ix":1,"ks":{"a":0,"k":{"i":[[0,0],[0,0],[0,0],[0,0],[0,0]],"o":[[0,0],[0,0],[0,0],[0,0],[0,0]],"v":[[0,-2.525],[7.76,5.235],[7.76,0.995],[12,0.995],[5.78,-5.225]],"c":false},"ix":2},"nm":"Path 1","mn":"ADBE Vector Shape - Group","hd":false},{"ty":"st","c":{"a":0,"k":[0,0,0,1],"ix":3},"o":{"a":0,"k":100,"ix":4},"w":{"a":0,"k":1,"ix":5},"lc":2,"lj":2,"nm":"Stroke 1","mn":"ADBE Vector Graphic - Stroke","hd":false},{"ty":"tr","p":{"a":0,"k":[0,0],"ix":2},"a":{"a":0,"k":[0,0],"ix":1},"s":{"a":0,"k":[500,500],"ix":3},"r":{"a":0,"k":0,"ix":6},"o":{"a":0,"k":100,"ix":7},"sk":{"a":0,"k":0,"ix":4},"sa":{"a":0,"k":0,"ix":5},"nm":"Transform"}],"nm":"Path","np":2,"cix":2,"ix":1,"mn":"ADBE Vector Group","hd":false}],"ip":0,"op":150.000006109625,"st":0,"bm":0},{"ddd":0,"ind":8,"ty":4,"nm":"Path 2","parent":6,"sr":1,"ks":{"o":{"a":0,"k":100,"ix":11},"r":{"a":1,"k":[{"i":{"x":[0.399],"y":[0.845]},"o":{"x":[0.247],"y":[0.125]},"n":["0p399_0p845_0p247_0p125"],"t":25,"s":[46],"e":[3.496]},{"i":{"x":[0.609],"y":[1]},"o":{"x":[0.28],"y":[1.001]},"n":["0p609_1_0p28_1p001"],"t":39,"s":[3.496],"e":[0]},{"i":{"x":[0.3],"y":[1]},"o":{"x":[0.167],"y":[0]},"n":["0p3_1_0p167_0"],"t":55,"s":[0],"e":[0]},{"i":{"x":[0.432],"y":[0.863]},"o":{"x":[0.453],"y":[0]},"n":["0p432_0p863_0p453_0"],"t":76,"s":[0],"e":[43.187]},{"i":{"x":[0.605],"y":[1]},"o":{"x":[0.277],"y":[1.338]},"n":["0p605_1_0p277_1p338"],"t":89,"s":[43.187],"e":[46]},{"t":106.000004317469}],"ix":10},"p":{"a":1,"k":[{"i":{"x":0.399,"y":0.845},"o":{"x":0.247,"y":0.125},"n":"0p399_0p845_0p247_0p125","t":25,"s":[0.028,-37.3,0],"e":[0.028,22.759,0],"to":[0,7.90204429626465,0],"ti":[0,-13.8044519424438,0]},{"i":{"x":0.609,"y":1},"o":{"x":0.28,"y":1},"n":"0p609_1_0p28_1","t":39,"s":[0.028,22.759,0],"e":[0.028,27.7,0],"to":[0,2.90265798568726,0],"ti":[0,0,0]},{"i":{"x":0.3,"y":1},"o":{"x":0.167,"y":0},"n":"0p3_1_0p167_0","t":55,"s":[0.028,27.7,0],"e":[0.028,27.7,0],"to":[0,0,0],"ti":[0,0,0]},{"i":{"x":0.432,"y":0.863},"o":{"x":0.453,"y":0},"n":"0p432_0p863_0p453_0","t":76,"s":[0.028,27.7,0],"e":[0.028,-33.32,0],"to":[0,0,0],"ti":[0,0,0]},{"i":{"x":0.605,"y":1},"o":{"x":0.207,"y":1},"n":"0p605_1_0p207_1","t":89,"s":[0.028,-33.32,0],"e":[0.028,-37.3,0],"to":[0,0,0],"ti":[0,0.82861661911011,0]},{"t":106.000004317469}],"ix":2},"a":{"a":0,"k":[0.028,-26.15,0],"ix":1},"s":{"a":0,"k":[100,100,100],"ix":6}},"ao":0,"shapes":[{"ty":"gr","it":[{"ind":0,"ty":"sh","ix":1,"ks":{"a":0,"k":{"i":[[-2.27,0],[-1.46,1.51],[0,0],[0,0],[0,0],[0,0]],"o":[[2.27,0],[0,0],[0,0],[0,0],[0,0],[0,0]],"v":[[0,-2.77],[5.78,-5.23],[12,0.99],[7.76,0.99],[7.76,5.23],[0,-2.53]],"c":false},"ix":2},"nm":"Path 1","mn":"ADBE Vector Shape - Group","hd":false},{"ty":"fl","c":{"a":0,"k":[0.905882000923,0.203922003508,0.274509996176,1],"ix":4},"o":{"a":0,"k":100,"ix":5},"r":1,"nm":"Fill 1","mn":"ADBE Vector Graphic - Fill","hd":false},{"ty":"tr","p":{"a":0,"k":[0,0],"ix":2},"a":{"a":0,"k":[0,0],"ix":1},"s":{"a":0,"k":[500,500],"ix":3},"r":{"a":0,"k":0,"ix":6},"o":{"a":0,"k":100,"ix":7},"sk":{"a":0,"k":0,"ix":4},"sa":{"a":0,"k":0,"ix":5},"nm":"Transform"}],"nm":"Path","np":2,"cix":2,"ix":1,"mn":"ADBE Vector Group","hd":false}],"ip":0,"op":150.000006109625,"st":0,"bm":0},{"ddd":0,"ind":9,"ty":4,"nm":"Path","parent":10,"sr":1,"ks":{"o":{"a":0,"k":100,"ix":11},"r":{"a":0,"k":0,"ix":10},"p":{"a":0,"k":[0,-0.025,0],"ix":2},"a":{"a":0,"k":[0,0,0],"ix":1},"s":{"a":0,"k":[100,100,100],"ix":6}},"ao":0,"shapes":[{"ty":"gr","it":[{"ind":0,"ty":"sh","ix":1,"ks":{"a":0,"k":{"i":[[0,0],[0,0],[0,0],[0,0],[0,0]],"o":[[0,0],[0,0],[0,0],[0,0],[0,0]],"v":[[-5.77,-5.235],[-12,0.995],[-7.76,0.995],[-7.76,5.235],[0,-2.525]],"c":false},"ix":2},"nm":"Path 1","mn":"ADBE Vector Shape - Group","hd":false},{"ty":"st","c":{"a":0,"k":[0,0,0,1],"ix":3},"o":{"a":0,"k":100,"ix":4},"w":{"a":0,"k":1,"ix":5},"lc":2,"lj":2,"nm":"Stroke 1","mn":"ADBE Vector Graphic - Stroke","hd":false},{"ty":"tr","p":{"a":0,"k":[0,0],"ix":2},"a":{"a":0,"k":[0,0],"ix":1},"s":{"a":0,"k":[500,500],"ix":3},"r":{"a":0,"k":0,"ix":6},"o":{"a":0,"k":100,"ix":7},"sk":{"a":0,"k":0,"ix":4},"sa":{"a":0,"k":0,"ix":5},"nm":"Transform"}],"nm":"Path","np":2,"cix":2,"ix":1,"mn":"ADBE Vector Group","hd":false}],"ip":0,"op":150.000006109625,"st":0,"bm":0},{"ddd":0,"ind":10,"ty":4,"nm":"Path","parent":6,"sr":1,"ks":{"o":{"a":0,"k":100,"ix":11},"r":{"a":1,"k":[{"i":{"x":[0.399],"y":[0.845]},"o":{"x":[0.247],"y":[0.125]},"n":["0p399_0p845_0p247_0p125"],"t":21,"s":[-46],"e":[-3.496]},{"i":{"x":[0.609],"y":[1]},"o":{"x":[0.28],"y":[1.001]},"n":["0p609_1_0p28_1p001"],"t":35,"s":[-3.496],"e":[0]},{"i":{"x":[0.3],"y":[1]},"o":{"x":[0.167],"y":[0]},"n":["0p3_1_0p167_0"],"t":51,"s":[0],"e":[0]},{"i":{"x":[0.432],"y":[0.863]},"o":{"x":[0.453],"y":[0]},"n":["0p432_0p863_0p453_0"],"t":81,"s":[0],"e":[-43.187]},{"i":{"x":[0.605],"y":[1]},"o":{"x":[0.277],"y":[1.338]},"n":["0p605_1_0p277_1p338"],"t":94,"s":[-43.187],"e":[-46]},{"t":111.000004521123}],"ix":10},"p":{"a":1,"k":[{"i":{"x":0.399,"y":0.845},"o":{"x":0.247,"y":0.125},"n":"0p399_0p845_0p247_0p125","t":21,"s":[0,-37.35,0],"e":[0,22.709,0],"to":[0,7.9022011756897,0],"ti":[0,-13.8044157028198,0]},{"i":{"x":0.609,"y":1},"o":{"x":0.28,"y":1},"n":"0p609_1_0p28_1","t":35,"s":[0,22.709,0],"e":[0,27.65,0],"to":[0,2.90268707275391,0],"ti":[0,0,0]},{"i":{"x":0.3,"y":1},"o":{"x":0.167,"y":0},"n":"0p3_1_0p167_0","t":51,"s":[0,27.65,0],"e":[0,27.65,0],"to":[0,0,0],"ti":[0,0,0]},{"i":{"x":0.432,"y":0.863},"o":{"x":0.453,"y":0},"n":"0p432_0p863_0p453_0","t":81,"s":[0,27.65,0],"e":[0,-33.37,0],"to":[0,0,0],"ti":[0,0,0]},{"i":{"x":0.605,"y":1},"o":{"x":0.207,"y":1},"n":"0p605_1_0p207_1","t":94,"s":[0,-33.37,0],"e":[0,-37.35,0],"to":[0,0,0],"ti":[0,0.82862675189972,0]},{"t":111.000004521123}],"ix":2},"a":{"a":0,"k":[0,-26.2,0],"ix":1},"s":{"a":0,"k":[100,100,100],"ix":6}},"ao":0,"shapes":[{"ty":"gr","it":[{"ind":0,"ty":"sh","ix":1,"ks":{"a":0,"k":{"i":[[0,0],[-2.268,-0.106],[0,0],[0,0],[0,0],[0,0],[0,0]],"o":[[1.46,1.52],[0.012,-0.015],[0,0],[0,0],[0,0],[0,0],[0,0]],"v":[[-5.77,-5.23],[0,-2.77],[0,-2.53],[-7.76,5.23],[-7.76,0.99],[-12,0.99],[-5.77,-5.23]],"c":false},"ix":2},"nm":"Path 1","mn":"ADBE Vector Shape - Group","hd":false},{"ty":"fl","c":{"a":0,"k":[0.905882000923,0.203922003508,0.274509996176,1],"ix":4},"o":{"a":0,"k":100,"ix":5},"r":1,"nm":"Fill 1","mn":"ADBE Vector Graphic - Fill","hd":false},{"ty":"tr","p":{"a":0,"k":[0,0],"ix":2},"a":{"a":0,"k":[0,0],"ix":1},"s":{"a":0,"k":[500,500],"ix":3},"r":{"a":0,"k":0,"ix":6},"o":{"a":0,"k":100,"ix":7},"sk":{"a":0,"k":0,"ix":4},"sa":{"a":0,"k":0,"ix":5},"nm":"Transform"}],"nm":"Path","np":2,"cix":2,"ix":1,"mn":"ADBE Vector Group","hd":false}],"ip":0,"op":150.000006109625,"st":0,"bm":0}],"markers":[]}