{"v":"5.5.6","fr":29.9700012207031,"ip":0,"op":150.000006109625,"w":136,"h":136,"nm":"5_Breve","ddd":0,"assets":[{"id":"comp_0","layers":[{"ddd":0,"ind":1,"ty":4,"nm":"Path","sr":1,"ks":{"o":{"a":0,"k":100,"ix":11},"r":{"a":0,"k":0,"ix":10},"p":{"a":0,"k":[52,92,0],"ix":2},"a":{"a":0,"k":[0,0,0],"ix":1},"s":{"a":0,"k":[100,100,100],"ix":6}},"ao":0,"shapes":[{"ty":"gr","it":[{"ind":0,"ty":"sh","ix":1,"ks":{"a":0,"k":{"i":[[0,4.63],[0,0],[-4.97,0],[-0.33,0.04]],"o":[[0,0],[0,4.97],[0.34,0],[-4.5,-0.5]],"v":[[-3,-4.5],[-5,-4.5],[4,4.5],[5,4.44]],"c":true},"ix":2},"nm":"Path 1","mn":"ADBE Vector Shape - Group","hd":false},{"ty":"fl","c":{"a":0,"k":[0.752941012383,0.403921991587,0.149020001292,1],"ix":4},"o":{"a":0,"k":100,"ix":5},"r":1,"bm":0,"nm":"Fill 1","mn":"ADBE Vector Graphic - Fill","hd":false},{"ty":"tr","p":{"a":0,"k":[0,0],"ix":2},"a":{"a":0,"k":[0,0],"ix":1},"s":{"a":0,"k":[300,300],"ix":3},"r":{"a":0,"k":0,"ix":6},"o":{"a":0,"k":100,"ix":7},"sk":{"a":0,"k":0,"ix":4},"sa":{"a":0,"k":0,"ix":5},"nm":"Transform"}],"nm":"Path","np":2,"cix":2,"bm":0,"ix":1,"mn":"ADBE Vector Group","hd":false}],"ip":0,"op":150.349506123861,"st":0,"bm":0},{"ddd":0,"ind":2,"ty":4,"nm":"Rectangle","sr":1,"ks":{"o":{"a":0,"k":100,"ix":11},"r":{"a":0,"k":0,"ix":10},"p":{"a":0,"k":[40,65,0],"ix":2},"a":{"a":0,"k":[0,0,0],"ix":1},"s":{"a":0,"k":[100,100,100],"ix":6}},"ao":0,"shapes":[{"ty":"gr","it":[{"ty":"rc","d":1,"s":{"a":0,"k":[2,9],"ix":2},"p":{"a":0,"k":[0,0],"ix":3},"r":{"a":0,"k":0,"ix":4},"nm":"Rectangle Path 1","mn":"ADBE Vector Shape - Rect","hd":false},{"ty":"fl","c":{"a":0,"k":[1,0.97647100687,0.682353019714,1],"ix":4},"o":{"a":0,"k":100,"ix":5},"r":1,"bm":0,"nm":"Fill 1","mn":"ADBE Vector Graphic - Fill","hd":false},{"ty":"tr","p":{"a":0,"k":[0,0],"ix":2},"a":{"a":0,"k":[0,0],"ix":1},"s":{"a":0,"k":[300,300],"ix":3},"r":{"a":0,"k":0,"ix":6},"o":{"a":0,"k":100,"ix":7},"sk":{"a":0,"k":0,"ix":4},"sa":{"a":0,"k":0,"ix":5},"nm":"Transform"}],"nm":"Rectangle","np":2,"cix":2,"bm":0,"ix":1,"mn":"ADBE Vector Group","hd":false}],"ip":0,"op":150.349506123861,"st":0,"bm":0},{"ddd":0,"ind":3,"ty":4,"nm":"Path","sr":1,"ks":{"o":{"a":0,"k":100,"ix":11},"r":{"a":0,"k":0,"ix":10},"p":{"a":0,"k":[76,92,0],"ix":2},"a":{"a":0,"k":[0,0,0],"ix":1},"s":{"a":0,"k":[100,100,100],"ix":6}},"ao":0,"shapes":[{"ty":"gr","it":[{"ind":0,"ty":"sh","ix":1,"ks":{"a":0,"k":{"i":[[0,0],[4.5,-0.5],[-0.34,0],[0,4.97]],"o":[[0,4.63],[0.33,0.04],[4.97,0],[0,0]],"v":[[3,-4.5],[-5,4.44],[-4,4.5],[5,-4.5]],"c":true},"ix":2},"nm":"Path 1","mn":"ADBE Vector Shape - Group","hd":false},{"ty":"fl","c":{"a":0,"k":[0.560783982277,0.235293999314,0.094117999077,1],"ix":4},"o":{"a":0,"k":100,"ix":5},"r":1,"bm":0,"nm":"Fill 1","mn":"ADBE Vector Graphic - Fill","hd":false},{"ty":"tr","p":{"a":0,"k":[0,0],"ix":2},"a":{"a":0,"k":[0,0],"ix":1},"s":{"a":0,"k":[300,300],"ix":3},"r":{"a":0,"k":0,"ix":6},"o":{"a":0,"k":100,"ix":7},"sk":{"a":0,"k":0,"ix":4},"sa":{"a":0,"k":0,"ix":5},"nm":"Transform"}],"nm":"Path","np":2,"cix":2,"bm":0,"ix":1,"mn":"ADBE Vector Group","hd":false}],"ip":0,"op":150.349506123861,"st":0,"bm":0},{"ddd":0,"ind":4,"ty":4,"nm":"Rectangle","sr":1,"ks":{"o":{"a":0,"k":100,"ix":11},"r":{"a":0,"k":0,"ix":10},"p":{"a":0,"k":[88,65,0],"ix":2},"a":{"a":0,"k":[0,0,0],"ix":1},"s":{"a":0,"k":[100,100,100],"ix":6}},"ao":0,"shapes":[{"ty":"gr","it":[{"ty":"rc","d":1,"s":{"a":0,"k":[2,9],"ix":2},"p":{"a":0,"k":[0,0],"ix":3},"r":{"a":0,"k":0,"ix":4},"nm":"Rectangle Path 1","mn":"ADBE Vector Shape - Rect","hd":false},{"ty":"fl","c":{"a":0,"k":[0.823529005051,0.666666984558,0.337255001068,1],"ix":4},"o":{"a":0,"k":100,"ix":5},"r":1,"bm":0,"nm":"Fill 1","mn":"ADBE Vector Graphic - Fill","hd":false},{"ty":"tr","p":{"a":0,"k":[0,0],"ix":2},"a":{"a":0,"k":[0,0],"ix":1},"s":{"a":0,"k":[300,300],"ix":3},"r":{"a":0,"k":0,"ix":6},"o":{"a":0,"k":100,"ix":7},"sk":{"a":0,"k":0,"ix":4},"sa":{"a":0,"k":0,"ix":5},"nm":"Transform"}],"nm":"Rectangle","np":2,"cix":2,"bm":0,"ix":1,"mn":"ADBE Vector Group","hd":false}],"ip":0,"op":150.349506123861,"st":0,"bm":0},{"ddd":0,"ind":5,"ty":4,"nm":"Path","sr":1,"ks":{"o":{"a":0,"k":100,"ix":11},"r":{"a":0,"k":0,"ix":10},"p":{"a":0,"k":[86.5,42.5,0],"ix":2},"a":{"a":0,"k":[0,0,0],"ix":1},"s":{"a":0,"k":[100,100,100],"ix":6}},"ao":0,"shapes":[{"ty":"gr","it":[{"ind":0,"ty":"sh","ix":1,"ks":{"a":0,"k":{"i":[[0.55,0],[0,0],[0,-0.55],[0,0],[0,0],[0,0]],"o":[[0,0],[0.55,0],[0,0],[0,0],[0,0],[0,-0.55]],"v":[[0.5,-3],[-1.5,-3],[-0.5,-2],[-0.5,3],[1.5,3],[1.5,-2]],"c":true},"ix":2},"nm":"Path 1","mn":"ADBE Vector Shape - Group","hd":false},{"ty":"fl","c":{"a":0,"k":[0.819607973099,0.827450990677,0.831372976303,1],"ix":4},"o":{"a":0,"k":100,"ix":5},"r":1,"bm":0,"nm":"Fill 1","mn":"ADBE Vector Graphic - Fill","hd":false},{"ty":"tr","p":{"a":0,"k":[0,0],"ix":2},"a":{"a":0,"k":[0,0],"ix":1},"s":{"a":0,"k":[300,300],"ix":3},"r":{"a":0,"k":0,"ix":6},"o":{"a":0,"k":100,"ix":7},"sk":{"a":0,"k":0,"ix":4},"sa":{"a":0,"k":0,"ix":5},"nm":"Transform"}],"nm":"Path","np":2,"cix":2,"bm":0,"ix":1,"mn":"ADBE Vector Group","hd":false}],"ip":0,"op":150.349506123861,"st":0,"bm":0},{"ddd":0,"ind":6,"ty":4,"nm":"Path","sr":1,"ks":{"o":{"a":0,"k":100,"ix":11},"r":{"a":0,"k":0,"ix":10},"p":{"a":0,"k":[64,92,0],"ix":2},"a":{"a":0,"k":[0,0,0],"ix":1},"s":{"a":0,"k":[100,100,100],"ix":6}},"ao":0,"shapes":[{"ty":"gr","it":[{"ind":0,"ty":"sh","ix":1,"ks":{"a":0,"k":{"i":[[0,4.97],[0,0],[-4.97,0]],"o":[[0,0],[0,4.97],[4.97,0]],"v":[[9,-4.5],[-9,-4.5],[0,4.5]],"c":true},"ix":2},"nm":"Path 1","mn":"ADBE Vector Shape - Group","hd":false},{"ty":"fl","c":{"a":0,"k":[0.686275005341,0.33333298564,0.105881996453,1],"ix":4},"o":{"a":0,"k":100,"ix":5},"r":1,"bm":0,"nm":"Fill 1","mn":"ADBE Vector Graphic - Fill","hd":false},{"ty":"tr","p":{"a":0,"k":[0,0],"ix":2},"a":{"a":0,"k":[0,0],"ix":1},"s":{"a":0,"k":[300,300],"ix":3},"r":{"a":0,"k":0,"ix":6},"o":{"a":0,"k":100,"ix":7},"sk":{"a":0,"k":0,"ix":4},"sa":{"a":0,"k":0,"ix":5},"nm":"Transform"}],"nm":"Path","np":2,"cix":2,"bm":0,"ix":1,"mn":"ADBE Vector Group","hd":false}],"ip":0,"op":150.349506123861,"st":0,"bm":0},{"ddd":0,"ind":7,"ty":4,"nm":"Rectangle","sr":1,"ks":{"o":{"a":0,"k":100,"ix":11},"r":{"a":0,"k":0,"ix":10},"p":{"a":0,"k":[64,65,0],"ix":2},"a":{"a":0,"k":[0,0,0],"ix":1},"s":{"a":0,"k":[100,100,100],"ix":6}},"ao":0,"shapes":[{"ty":"gr","it":[{"ty":"rc","d":1,"s":{"a":0,"k":[18,9],"ix":2},"p":{"a":0,"k":[0,0],"ix":3},"r":{"a":0,"k":0,"ix":4},"nm":"Rectangle Path 1","mn":"ADBE Vector Shape - Rect","hd":false},{"ty":"fl","c":{"a":0,"k":[1,0.882353007793,0.498039007187,1],"ix":4},"o":{"a":0,"k":100,"ix":5},"r":1,"bm":0,"nm":"Fill 1","mn":"ADBE Vector Graphic - Fill","hd":false},{"ty":"tr","p":{"a":0,"k":[0,0],"ix":2},"a":{"a":0,"k":[0,0],"ix":1},"s":{"a":0,"k":[300,300],"ix":3},"r":{"a":0,"k":0,"ix":6},"o":{"a":0,"k":100,"ix":7},"sk":{"a":0,"k":0,"ix":4},"sa":{"a":0,"k":0,"ix":5},"nm":"Transform"}],"nm":"Rectangle","np":2,"cix":2,"bm":0,"ix":1,"mn":"ADBE Vector Group","hd":false}],"ip":0,"op":150.349506123861,"st":0,"bm":0},{"ddd":0,"ind":8,"ty":4,"nm":"Path","sr":1,"ks":{"o":{"a":0,"k":100,"ix":11},"r":{"a":0,"k":0,"ix":10},"p":{"a":0,"k":[64,42.5,0],"ix":2},"a":{"a":0,"k":[0,0,0],"ix":1},"s":{"a":0,"k":[100,100,100],"ix":6}},"ao":0,"shapes":[{"ty":"gr","it":[{"ind":0,"ty":"sh","ix":1,"ks":{"a":0,"k":{"i":[[0,0],[0,0],[0,0],[-0.55,0],[0,0],[0,-0.55]],"o":[[0,0],[0,0],[0,-0.55],[0,0],[0.55,0],[0,0]],"v":[[9,3],[-9,3],[-9,-2],[-8,-3],[8,-3],[9,-2]],"c":true},"ix":2},"nm":"Path 1","mn":"ADBE Vector Shape - Group","hd":false},{"ty":"fl","c":{"a":0,"k":[1,1,1,1],"ix":4},"o":{"a":0,"k":100,"ix":5},"r":1,"bm":0,"nm":"Fill 1","mn":"ADBE Vector Graphic - Fill","hd":false},{"ty":"tr","p":{"a":0,"k":[0,0],"ix":2},"a":{"a":0,"k":[0,0],"ix":1},"s":{"a":0,"k":[300,300],"ix":3},"r":{"a":0,"k":0,"ix":6},"o":{"a":0,"k":100,"ix":7},"sk":{"a":0,"k":0,"ix":4},"sa":{"a":0,"k":0,"ix":5},"nm":"Transform"}],"nm":"Path","np":2,"cix":2,"bm":0,"ix":1,"mn":"ADBE Vector Group","hd":false}],"ip":0,"op":150.349506123861,"st":0,"bm":0}]}],"layers":[{"ddd":0,"ind":1,"ty":3,"nm":"Animation","sr":1,"ks":{"o":{"a":0,"k":0,"ix":11},"r":{"a":0,"k":0,"ix":10},"p":{"a":1,"k":[{"i":{"x":0.653,"y":0.977},"o":{"x":0.32,"y":0.033},"t":0,"s":[68,12.708,0],"to":[0,-0.723,0],"ti":[0,-2.994,0]},{"i":{"x":0.657,"y":0.735},"o":{"x":0.322,"y":0.026},"t":12,"s":[68,97.291,0],"to":[0,1.01,0],"ti":[0,9.573,0]},{"i":{"x":0.664,"y":0.999},"o":{"x":0.33,"y":0.393},"t":17,"s":[68,69.039,0],"to":[0,-4.291,0],"ti":[0,0.07,0]},{"i":{"x":0.666,"y":0.874},"o":{"x":0.332,"y":0.002},"t":23,"s":[68,47.016,0],"to":[0,-0.008,0],"ti":[0,-5.972,0]},{"i":{"x":0.577,"y":0.996},"o":{"x":0.093,"y":0.052},"t":30,"s":[68,66.5,0],"to":[0,1.071,0],"ti":[0,-0.087,0]},{"i":{"x":0.696,"y":0.718},"o":{"x":0.354,"y":0.009},"t":34,"s":[68,73.967,0],"to":[0,0.027,0],"ti":[0,1.761,0]},{"i":{"x":0.7,"y":1},"o":{"x":0.192,"y":1},"t":40,"s":[68,69.365,0],"to":[0,-1.038,0],"ti":[0,0,0]},{"i":{"x":0.7,"y":0.7},"o":{"x":0.167,"y":0.167},"t":50,"s":[68,68,0],"to":[0,0,0],"ti":[0,0,0]},{"i":{"x":0.615,"y":0.815},"o":{"x":0.169,"y":0},"t":90,"s":[68,68,0],"to":[0,0,0],"ti":[0,0,0]},{"i":{"x":0.712,"y":1},"o":{"x":0.272,"y":1},"t":96,"s":[68,88.072,0],"to":[0,0,0],"ti":[0,0,0]},{"i":{"x":0.617,"y":0.821},"o":{"x":0.168,"y":0},"t":105,"s":[68,92,0],"to":[0,0,0],"ti":[0,0,0]},{"i":{"x":0.718,"y":1},"o":{"x":0.126,"y":1},"t":116,"s":[68,-146.831,0],"to":[0,0,0],"ti":[0,0,0]},{"t":131.000005335739,"s":[68,-166,0]}],"ix":2},"a":{"a":0,"k":[0,0,0],"ix":1},"s":{"a":1,"k":[{"i":{"x":[0.28,0.28,0.28],"y":[1,1,1]},"o":{"x":[0.221,0.221,0.221],"y":[0.186,0.186,9.301]},"t":0,"s":[50,50,100]},{"i":{"x":[0.833,0.833,0.833],"y":[1,1,1]},"o":{"x":[0.167,0.167,0.167],"y":[0,0,0]},"t":30,"s":[100,100,100]},{"i":{"x":[0.642,0.642,0.642],"y":[0.792,0.792,1.397]},"o":{"x":[0.157,0.157,0.157],"y":[0,0,0]},"t":90,"s":[100,100,100]},{"i":{"x":[0.808,0.808,0.808],"y":[1,1,1]},"o":{"x":[0.438,0.438,0.438],"y":[1.306,1.306,-0.728]},"t":96,"s":[83.74,83.74,100]},{"t":105.000004276738,"s":[79,79,100]}],"ix":6}},"ao":0,"ip":0,"op":150.000006109625,"st":0,"bm":0},{"ddd":0,"ind":2,"ty":4,"nm":"Path 7","parent":8,"sr":1,"ks":{"o":{"a":0,"k":100,"ix":11},"r":{"a":0,"k":0,"ix":10},"p":{"a":0,"k":[-27,-34.5,0],"ix":2},"a":{"a":0,"k":[0,0,0],"ix":1},"s":{"a":0,"k":[100,100,100],"ix":6}},"ao":0,"shapes":[{"ty":"gr","it":[{"ind":0,"ty":"sh","ix":1,"ks":{"a":0,"k":{"i":[[0,0],[0,0]],"o":[[0,0],[0,0]],"v":[[0,-7],[0,7]],"c":false},"ix":2},"nm":"Path 1","mn":"ADBE Vector Shape - Group","hd":false},{"ty":"st","c":{"a":0,"k":[0,0,0,1],"ix":3},"o":{"a":0,"k":100,"ix":4},"w":{"a":0,"k":1,"ix":5},"lc":2,"lj":2,"bm":0,"nm":"Stroke 1","mn":"ADBE Vector Graphic - Stroke","hd":false},{"ty":"tr","p":{"a":0,"k":[0,0],"ix":2},"a":{"a":0,"k":[0,0],"ix":1},"s":{"a":0,"k":[300,300],"ix":3},"r":{"a":0,"k":0,"ix":6},"o":{"a":0,"k":100,"ix":7},"sk":{"a":0,"k":0,"ix":4},"sa":{"a":0,"k":0,"ix":5},"nm":"Transform"}],"nm":"Path","np":2,"cix":2,"bm":0,"ix":1,"mn":"ADBE Vector Group","hd":false},{"ty":"tm","s":{"a":0,"k":0,"ix":1},"e":{"a":1,"k":[{"i":{"x":[0.28],"y":[1]},"o":{"x":[0.167],"y":[0.167]},"t":8,"s":[0]},{"t":26.0000010590017,"s":[100]}],"ix":2},"o":{"a":0,"k":0,"ix":3},"m":1,"ix":2,"nm":"Trim Paths 1","mn":"ADBE Vector Filter - Trim","hd":false}],"ip":0,"op":150.349506123861,"st":0,"bm":0},{"ddd":0,"ind":3,"ty":4,"nm":"Path 6","parent":8,"sr":1,"ks":{"o":{"a":0,"k":100,"ix":11},"r":{"a":0,"k":0,"ix":10},"p":{"a":0,"k":[0,-57,0],"ix":2},"a":{"a":0,"k":[0,0,0],"ix":1},"s":{"a":0,"k":[100,100,100],"ix":6}},"ao":0,"shapes":[{"ty":"gr","it":[{"ind":0,"ty":"sh","ix":1,"ks":{"a":0,"k":{"i":[[0,0],[0.55,0],[0,0],[0,-0.55]],"o":[[0,-0.55],[0,0],[-0.55,0],[0,0]],"v":[[9,0.5],[8,-0.5],[-8,-0.5],[-9,0.5]],"c":false},"ix":2},"nm":"Path 1","mn":"ADBE Vector Shape - Group","hd":false},{"ty":"st","c":{"a":0,"k":[0,0,0,1],"ix":3},"o":{"a":0,"k":100,"ix":4},"w":{"a":0,"k":1,"ix":5},"lc":2,"lj":2,"bm":0,"nm":"Stroke 1","mn":"ADBE Vector Graphic - Stroke","hd":false},{"ty":"tr","p":{"a":0,"k":[0,0],"ix":2},"a":{"a":0,"k":[0,0],"ix":1},"s":{"a":0,"k":[300,300],"ix":3},"r":{"a":0,"k":0,"ix":6},"o":{"a":0,"k":100,"ix":7},"sk":{"a":0,"k":0,"ix":4},"sa":{"a":0,"k":0,"ix":5},"nm":"Transform"}],"nm":"Path","np":2,"cix":2,"bm":0,"ix":1,"mn":"ADBE Vector Group","hd":false},{"ty":"tm","s":{"a":0,"k":0,"ix":1},"e":{"a":1,"k":[{"i":{"x":[0.28],"y":[1]},"o":{"x":[0.167],"y":[0.167]},"t":8,"s":[0]},{"t":39.0000015885026,"s":[100]}],"ix":2},"o":{"a":0,"k":0,"ix":3},"m":1,"ix":2,"nm":"Trim Paths 1","mn":"ADBE Vector Filter - Trim","hd":false}],"ip":0,"op":150.349506123861,"st":0,"bm":0},{"ddd":0,"ind":4,"ty":4,"nm":"Path 5","parent":8,"sr":1,"ks":{"o":{"a":0,"k":100,"ix":11},"r":{"a":0,"k":0,"ix":10},"p":{"a":0,"k":[27,-34.5,0],"ix":2},"a":{"a":0,"k":[0,0,0],"ix":1},"s":{"a":0,"k":[100,100,100],"ix":6}},"ao":0,"shapes":[{"ty":"gr","it":[{"ind":0,"ty":"sh","ix":1,"ks":{"a":0,"k":{"i":[[0,0],[0,0]],"o":[[0,0],[0,0]],"v":[[0,7],[0,-7]],"c":false},"ix":2},"nm":"Path 1","mn":"ADBE Vector Shape - Group","hd":false},{"ty":"st","c":{"a":0,"k":[0,0,0,1],"ix":3},"o":{"a":0,"k":100,"ix":4},"w":{"a":0,"k":1,"ix":5},"lc":2,"lj":2,"bm":0,"nm":"Stroke 1","mn":"ADBE Vector Graphic - Stroke","hd":false},{"ty":"tr","p":{"a":0,"k":[0,0],"ix":2},"a":{"a":0,"k":[0,0],"ix":1},"s":{"a":0,"k":[300,300],"ix":3},"r":{"a":0,"k":0,"ix":6},"o":{"a":0,"k":100,"ix":7},"sk":{"a":0,"k":0,"ix":4},"sa":{"a":0,"k":0,"ix":5},"nm":"Transform"}],"nm":"Path","np":2,"cix":2,"bm":0,"ix":1,"mn":"ADBE Vector Group","hd":false},{"ty":"tm","s":{"a":0,"k":0,"ix":1},"e":{"a":1,"k":[{"i":{"x":[0.28],"y":[1]},"o":{"x":[0.167],"y":[0.167]},"t":8,"s":[0]},{"t":25.0000010182709,"s":[100]}],"ix":2},"o":{"a":0,"k":0,"ix":3},"m":1,"ix":2,"nm":"Trim Paths 1","mn":"ADBE Vector Filter - Trim","hd":false}],"ip":0,"op":150.349506123861,"st":0,"bm":0},{"ddd":0,"ind":5,"ty":4,"nm":"Path 4","parent":8,"sr":1,"ks":{"o":{"a":0,"k":100,"ix":11},"r":{"a":0,"k":0,"ix":10},"p":{"a":0,"k":[0,-13.5,0],"ix":2},"a":{"a":0,"k":[0,0,0],"ix":1},"s":{"a":0,"k":[100,100,100],"ix":6}},"ao":0,"shapes":[{"ty":"gr","it":[{"ind":0,"ty":"sh","ix":1,"ks":{"a":0,"k":{"i":[[0,0],[0,0]],"o":[[0,0],[0,0]],"v":[[-9,0],[9,0]],"c":false},"ix":2},"nm":"Path 1","mn":"ADBE Vector Shape - Group","hd":false},{"ty":"st","c":{"a":0,"k":[0,0,0,1],"ix":3},"o":{"a":0,"k":100,"ix":4},"w":{"a":0,"k":1,"ix":5},"lc":2,"lj":2,"bm":0,"nm":"Stroke 1","mn":"ADBE Vector Graphic - Stroke","hd":false},{"ty":"tr","p":{"a":0,"k":[0,0],"ix":2},"a":{"a":0,"k":[0,0],"ix":1},"s":{"a":0,"k":[300,300],"ix":3},"r":{"a":0,"k":0,"ix":6},"o":{"a":0,"k":100,"ix":7},"sk":{"a":0,"k":0,"ix":4},"sa":{"a":0,"k":0,"ix":5},"nm":"Transform"}],"nm":"Path","np":2,"cix":2,"bm":0,"ix":1,"mn":"ADBE Vector Group","hd":false},{"ty":"tm","s":{"a":0,"k":0,"ix":1},"e":{"a":1,"k":[{"i":{"x":[0.28],"y":[1]},"o":{"x":[0.167],"y":[0.167]},"t":8,"s":[0]},{"t":16.0000006516934,"s":[100]}],"ix":2},"o":{"a":0,"k":0,"ix":3},"m":1,"ix":2,"nm":"Trim Paths 1","mn":"ADBE Vector Filter - Trim","hd":false}],"ip":0,"op":150.349506123861,"st":0,"bm":0},{"ddd":0,"ind":6,"ty":4,"nm":"Path 3","parent":8,"sr":1,"ks":{"o":{"a":0,"k":100,"ix":11},"r":{"a":0,"k":0,"ix":10},"p":{"a":0,"k":[0,-41.5,0],"ix":2},"a":{"a":0,"k":[0,0,0],"ix":1},"s":{"a":0,"k":[100,100,100],"ix":6}},"ao":0,"shapes":[{"ty":"gr","it":[{"ind":0,"ty":"sh","ix":1,"ks":{"a":0,"k":{"i":[[0,0],[0,0]],"o":[[0,0],[0,0]],"v":[[-9,0],[9,0]],"c":false},"ix":2},"nm":"Path 1","mn":"ADBE Vector Shape - Group","hd":false},{"ty":"st","c":{"a":0,"k":[0,0,0,1],"ix":3},"o":{"a":0,"k":100,"ix":4},"w":{"a":0,"k":1,"ix":5},"lc":2,"lj":2,"bm":0,"nm":"Stroke 1","mn":"ADBE Vector Graphic - Stroke","hd":false},{"ty":"tr","p":{"a":0,"k":[0,0],"ix":2},"a":{"a":0,"k":[0,0],"ix":1},"s":{"a":0,"k":[300,300],"ix":3},"r":{"a":0,"k":0,"ix":6},"o":{"a":0,"k":100,"ix":7},"sk":{"a":0,"k":0,"ix":4},"sa":{"a":0,"k":0,"ix":5},"nm":"Transform"}],"nm":"Path","np":2,"cix":2,"bm":0,"ix":1,"mn":"ADBE Vector Group","hd":false},{"ty":"tm","s":{"a":0,"k":0,"ix":1},"e":{"a":1,"k":[{"i":{"x":[0.28],"y":[1]},"o":{"x":[0.167],"y":[0.167]},"t":8,"s":[0]},{"t":24.00000097754,"s":[100]}],"ix":2},"o":{"a":0,"k":0,"ix":3},"m":1,"ix":2,"nm":"Trim Paths 1","mn":"ADBE Vector Filter - Trim","hd":false}],"ip":0,"op":150.349506123861,"st":0,"bm":0},{"ddd":0,"ind":7,"ty":4,"nm":"Path 9","parent":8,"sr":1,"ks":{"o":{"a":0,"k":100,"ix":11},"r":{"a":0,"k":0,"ix":10},"p":{"a":0,"k":[36,-31.5,0],"ix":2},"a":{"a":0,"k":[0,0,0],"ix":1},"s":{"a":0,"k":[100,100,100],"ix":6}},"ao":0,"shapes":[{"ty":"gr","it":[{"ind":0,"ty":"sh","ix":1,"ks":{"a":0,"k":{"i":[[0,0],[0,-3.31],[3.31,0]],"o":[[3.31,0],[0,3.31],[0,0]],"v":[[-3,-6],[3,0],[-3,6]],"c":false},"ix":2},"nm":"Path 1","mn":"ADBE Vector Shape - Group","hd":false},{"ty":"st","c":{"a":0,"k":[0,0,0,1],"ix":3},"o":{"a":0,"k":100,"ix":4},"w":{"a":0,"k":1,"ix":5},"lc":2,"lj":2,"bm":0,"nm":"Stroke 1","mn":"ADBE Vector Graphic - Stroke","hd":false},{"ty":"tr","p":{"a":0,"k":[0,0],"ix":2},"a":{"a":0,"k":[0,0],"ix":1},"s":{"a":0,"k":[300,300],"ix":3},"r":{"a":0,"k":0,"ix":6},"o":{"a":0,"k":100,"ix":7},"sk":{"a":0,"k":0,"ix":4},"sa":{"a":0,"k":0,"ix":5},"nm":"Transform"}],"nm":"Path","np":2,"cix":2,"bm":0,"ix":1,"mn":"ADBE Vector Group","hd":false},{"ty":"tm","s":{"a":0,"k":0,"ix":1},"e":{"a":1,"k":[{"i":{"x":[0.28],"y":[1]},"o":{"x":[0.167],"y":[0.167]},"t":8,"s":[0]},{"t":20.0000008146167,"s":[100]}],"ix":2},"o":{"a":0,"k":0,"ix":3},"m":1,"ix":2,"nm":"Trim Paths 1","mn":"ADBE Vector Filter - Trim","hd":false}],"ip":0,"op":150.349506123861,"st":0,"bm":0},{"ddd":0,"ind":8,"ty":4,"nm":"Path 8","parent":1,"sr":1,"ks":{"o":{"a":0,"k":100,"ix":11},"r":{"a":0,"k":0,"ix":10},"p":{"a":1,"k":[{"i":{"x":0.338,"y":0.991},"o":{"x":0.23,"y":0.023},"t":0,"s":[-6.5,-597,0],"to":[0,-44.604,0],"ti":[0,23.452,0]},{"i":{"x":0.629,"y":1},"o":{"x":0.297,"y":0.875},"t":6,"s":[-6.5,35.581,0],"to":[0,-2.517,0],"ti":[0,0.479,0]},{"t":30.0000012219251,"s":[-6.5,24,0]}],"ix":2},"a":{"a":0,"k":[0,0,0],"ix":1},"s":{"a":0,"k":[100,100,100],"ix":6}},"ao":0,"ef":[{"ty":5,"nm":"Bounce Controller Position","np":6,"mn":"Pseudo/MDS Bounce Controller","ix":1,"en":1,"ef":[{"ty":0,"nm":"Amplitude","mn":"Pseudo/MDS Bounce Controller-0001","ix":1,"v":{"a":0,"k":50,"ix":1}},{"ty":0,"nm":"Gravity","mn":"Pseudo/MDS Bounce Controller-0002","ix":2,"v":{"a":0,"k":15,"ix":2}},{"ty":0,"nm":"Max Jumps","mn":"Pseudo/MDS Bounce Controller-0003","ix":3,"v":{"a":0,"k":5,"ix":3}},{"ty":7,"nm":"Jump In/Out","mn":"Pseudo/MDS Bounce Controller-0004","ix":4,"v":{"a":0,"k":0,"ix":4}}]}],"shapes":[{"ty":"gr","it":[{"ind":0,"ty":"sh","ix":1,"ks":{"a":0,"k":{"i":[[0,0],[4.97,0],[0,4.97]],"o":[[0,4.97],[-4.97,0],[0,0]],"v":[[9,-4.5],[0,4.5],[-9,-4.5]],"c":false},"ix":2},"nm":"Path 1","mn":"ADBE Vector Shape - Group","hd":false},{"ty":"st","c":{"a":0,"k":[0,0,0,1],"ix":3},"o":{"a":0,"k":100,"ix":4},"w":{"a":0,"k":1,"ix":5},"lc":2,"lj":2,"bm":0,"nm":"Stroke 1","mn":"ADBE Vector Graphic - Stroke","hd":false},{"ty":"tr","p":{"a":0,"k":[0,0],"ix":2},"a":{"a":0,"k":[0,0],"ix":1},"s":{"a":0,"k":[300,300],"ix":3},"r":{"a":0,"k":0,"ix":6},"o":{"a":0,"k":100,"ix":7},"sk":{"a":0,"k":0,"ix":4},"sa":{"a":0,"k":0,"ix":5},"nm":"Transform"}],"nm":"Path","np":2,"cix":2,"bm":0,"ix":1,"mn":"ADBE Vector Group","hd":false},{"ty":"tm","s":{"a":0,"k":0,"ix":1},"e":{"a":1,"k":[{"i":{"x":[0.28],"y":[1]},"o":{"x":[0.167],"y":[0.167]},"t":2,"s":[0]},{"t":26.0000010590017,"s":[100]}],"ix":2},"o":{"a":0,"k":0,"ix":3},"m":1,"ix":2,"nm":"Trim Paths 1","mn":"ADBE Vector Filter - Trim","hd":false}],"ip":0,"op":150.349506123861,"st":0,"bm":0},{"ddd":0,"ind":9,"ty":4,"nm":"Fluid 4","parent":8,"td":1,"sr":1,"ks":{"o":{"a":0,"k":100,"ix":11},"r":{"a":0,"k":0,"ix":10},"p":{"a":0,"k":[10.5,-24,0],"ix":2},"a":{"a":0,"k":[0,0,0],"ix":1},"s":{"a":0,"k":[100,100,100],"ix":6}},"ao":0,"shapes":[{"ty":"gr","it":[{"ind":0,"ty":"sh","ix":1,"ks":{"a":1,"k":[{"i":{"x":0.833,"y":0.833},"o":{"x":0.167,"y":0.167},"t":13,"s":[{"i":[[8.5,-7.5],[8.897,-0.463],[6.594,4.073],[2.5,-13.5],[-1.5,-17],[-28.5,-7.5],[-7,14]],"o":[[-5.203,4.591],[-5.637,0.293],[-17,-10.5],[-2.5,13.5],[1.5,17],[28.5,7.5],[7,-14]],"v":[[16.5,35.5],[-5.051,45.144],[-23.5,40],[-53,42],[-47,70],[-5,79.5],[36,51]],"c":true}]},{"i":{"x":0.833,"y":0.833},"o":{"x":0.167,"y":0.167},"t":27,"s":[{"i":[[9.569,-5.265],[51.101,-18.808],[20.642,-4.414],[2.5,-13.5],[-1.5,-17],[-28.5,-7.5],[-7,14]],"o":[[-13.61,4.55],[-25.899,-13.808],[-27.491,5.879],[-2.5,13.5],[1.5,17],[28.5,7.5],[7,-14]],"v":[[35.288,-4.495],[47.899,-15.692],[-5.009,-8.879],[-54.709,-34.209],[-47,70],[-5,79.5],[36,51]],"c":true}]},{"i":{"x":0.27,"y":1},"o":{"x":0.167,"y":0.167},"t":38,"s":[{"i":[[9.569,-5.265],[10.934,1.239],[6.289,3.884],[2.5,-13.5],[-1.5,-17],[-28.5,-7.5],[-7,14]],"o":[[-13.61,4.55],[-6.304,-0.616],[-17,-10.5],[-2.5,13.5],[1.5,17],[28.5,7.5],[7,-14]],"v":[[22.788,-35.495],[-14.101,-29.192],[-46.509,-40.379],[-51.209,22.791],[-47,70],[-5,79.5],[36,51]],"c":true}]},{"t":49.0000019958109,"s":[{"i":[[8.5,-7.5],[13.983,3.898],[6.594,4.073],[2.5,-13.5],[-1.5,-17],[-28.5,-7.5],[-7,14]],"o":[[-5.203,4.591],[-8.861,-2.47],[-17,-10.5],[-2.5,13.5],[1.5,17],[28.5,7.5],[7,-14]],"v":[[39.5,-42.5],[6.306,-42.836],[-18,-53],[-47.5,-17],[-47,70],[-5,79.5],[36,51]],"c":true}]}],"ix":2},"nm":"Path 1","mn":"ADBE Vector Shape - Group","hd":false},{"ty":"st","c":{"a":0,"k":[1,1,1,1],"ix":3},"o":{"a":0,"k":100,"ix":4},"w":{"a":0,"k":0,"ix":5},"lc":1,"lj":1,"ml":4,"bm":0,"nm":"Stroke 1","mn":"ADBE Vector Graphic - Stroke","hd":false},{"ty":"fl","c":{"a":0,"k":[0.078431006039,0.07058800342,0.2,1],"ix":4},"o":{"a":0,"k":100,"ix":5},"r":1,"bm":0,"nm":"Fill 1","mn":"ADBE Vector Graphic - Fill","hd":false},{"ty":"tr","p":{"a":0,"k":[0,0],"ix":2},"a":{"a":0,"k":[0,0],"ix":1},"s":{"a":0,"k":[100,100],"ix":3},"r":{"a":0,"k":0,"ix":6},"o":{"a":0,"k":100,"ix":7},"sk":{"a":0,"k":0,"ix":4},"sa":{"a":0,"k":0,"ix":5},"nm":"Transform"}],"nm":"Shape 1","np":3,"cix":2,"bm":0,"ix":1,"mn":"ADBE Vector Group","hd":false}],"ip":13.0000005295009,"op":156.00000635401,"st":13.0000005295009,"bm":0},{"ddd":0,"ind":10,"ty":0,"nm":"Fluid","parent":8,"tt":1,"refId":"comp_0","sr":1,"ks":{"o":{"a":0,"k":100,"ix":11},"r":{"a":0,"k":0,"ix":10},"p":{"a":0,"k":[5.5,-24,0],"ix":2},"a":{"a":0,"k":[68,68,0],"ix":1},"s":{"a":0,"k":[100,100,100],"ix":6}},"ao":0,"w":136,"h":136,"ip":13.0000005295009,"op":163.000006639126,"st":13.0000005295009,"bm":0},{"ddd":0,"ind":11,"ty":4,"nm":"Fluid 3","parent":8,"td":1,"sr":1,"ks":{"o":{"a":1,"k":[{"i":{"x":[0.28],"y":[1]},"o":{"x":[0.167],"y":[0.133]},"t":33,"s":[100]},{"t":53.0000021587343,"s":[0]}],"ix":11},"r":{"a":0,"k":0,"ix":10},"p":{"a":0,"k":[10.5,-24,0],"ix":2},"a":{"a":0,"k":[0,0,0],"ix":1},"s":{"a":0,"k":[100,100,100],"ix":6}},"ao":0,"shapes":[{"ty":"gr","it":[{"ind":0,"ty":"sh","ix":1,"ks":{"a":1,"k":[{"i":{"x":0.833,"y":0.833},"o":{"x":0.167,"y":0.167},"t":10,"s":[{"i":[[8.5,-7.5],[8.897,-0.463],[6.594,4.073],[2.5,-13.5],[-1.5,-17],[-28.5,-7.5],[-7,14]],"o":[[-5.203,4.591],[-5.637,0.293],[-17,-10.5],[-2.5,13.5],[1.5,17],[28.5,7.5],[7,-14]],"v":[[16.5,35.5],[-5.051,45.144],[-23.5,40],[-53,42],[-47,70],[-5,79.5],[36,51]],"c":true}]},{"i":{"x":0.833,"y":0.833},"o":{"x":0.167,"y":0.167},"t":24,"s":[{"i":[[9.569,-5.265],[51.101,-18.808],[20.642,-4.414],[2.5,-13.5],[-1.5,-17],[-28.5,-7.5],[-7,14]],"o":[[-13.61,4.55],[-25.899,-13.808],[-27.491,5.879],[-2.5,13.5],[1.5,17],[28.5,7.5],[7,-14]],"v":[[35.288,-4.495],[47.899,-15.692],[-5.009,-8.879],[-54.709,-34.209],[-47,70],[-5,79.5],[36,51]],"c":true}]},{"i":{"x":0.27,"y":1},"o":{"x":0.167,"y":0.167},"t":35,"s":[{"i":[[9.569,-5.265],[10.934,1.239],[6.289,3.884],[2.5,-13.5],[-1.5,-17],[-28.5,-7.5],[-7,14]],"o":[[-13.61,4.55],[-6.304,-0.616],[-17,-10.5],[-2.5,13.5],[1.5,17],[28.5,7.5],[7,-14]],"v":[[22.788,-35.495],[-14.101,-29.192],[-46.509,-40.379],[-51.209,22.791],[-47,70],[-5,79.5],[36,51]],"c":true}]},{"t":46.0000018736184,"s":[{"i":[[8.5,-7.5],[13.983,3.898],[6.594,4.073],[2.5,-13.5],[-1.5,-17],[-28.5,-7.5],[-7,14]],"o":[[-5.203,4.591],[-8.861,-2.47],[-17,-10.5],[-2.5,13.5],[1.5,17],[28.5,7.5],[7,-14]],"v":[[39.5,-42.5],[6.306,-42.836],[-18,-53],[-47.5,-17],[-47,70],[-5,79.5],[36,51]],"c":true}]}],"ix":2},"nm":"Path 1","mn":"ADBE Vector Shape - Group","hd":false},{"ty":"st","c":{"a":0,"k":[1,1,1,1],"ix":3},"o":{"a":0,"k":100,"ix":4},"w":{"a":0,"k":0,"ix":5},"lc":1,"lj":1,"ml":4,"bm":0,"nm":"Stroke 1","mn":"ADBE Vector Graphic - Stroke","hd":false},{"ty":"fl","c":{"a":0,"k":[0.078431006039,0.07058800342,0.2,1],"ix":4},"o":{"a":0,"k":100,"ix":5},"r":1,"bm":0,"nm":"Fill 1","mn":"ADBE Vector Graphic - Fill","hd":false},{"ty":"tr","p":{"a":0,"k":[0,0],"ix":2},"a":{"a":0,"k":[0,0],"ix":1},"s":{"a":0,"k":[100,100],"ix":3},"r":{"a":0,"k":0,"ix":6},"o":{"a":0,"k":100,"ix":7},"sk":{"a":0,"k":0,"ix":4},"sa":{"a":0,"k":0,"ix":5},"nm":"Transform"}],"nm":"Shape 1","np":3,"cix":2,"bm":0,"ix":1,"mn":"ADBE Vector Group","hd":false}],"ip":10.0000004073083,"op":153.000006231818,"st":10.0000004073083,"bm":0},{"ddd":0,"ind":12,"ty":0,"nm":"Fluid","parent":8,"tt":1,"refId":"comp_0","sr":1,"ks":{"o":{"a":0,"k":100,"ix":11},"r":{"a":0,"k":0,"ix":10},"p":{"a":0,"k":[5.5,-24,0],"ix":2},"a":{"a":0,"k":[68,68,0],"ix":1},"s":{"a":0,"k":[100,100,100],"ix":6}},"ao":0,"ef":[{"ty":21,"nm":"Fill","np":9,"mn":"ADBE Fill","ix":1,"en":1,"ef":[{"ty":10,"nm":"Fill Mask","mn":"ADBE Fill-0001","ix":1,"v":{"a":0,"k":0,"ix":1}},{"ty":7,"nm":"All Masks","mn":"ADBE Fill-0007","ix":2,"v":{"a":0,"k":0,"ix":2}},{"ty":2,"nm":"Color","mn":"ADBE Fill-0002","ix":3,"v":{"a":0,"k":[1,0.976470649242,0.68235296011,1],"ix":3}},{"ty":7,"nm":"Invert","mn":"ADBE Fill-0006","ix":4,"v":{"a":0,"k":0,"ix":4}},{"ty":0,"nm":"Horizontal Feather","mn":"ADBE Fill-0003","ix":5,"v":{"a":0,"k":0,"ix":5}},{"ty":0,"nm":"Vertical Feather","mn":"ADBE Fill-0004","ix":6,"v":{"a":0,"k":0,"ix":6}},{"ty":0,"nm":"Opacity","mn":"ADBE Fill-0005","ix":7,"v":{"a":0,"k":1,"ix":7}}]}],"w":136,"h":136,"ip":10.0000004073083,"op":160.000006516934,"st":10.0000004073083,"bm":0},{"ddd":0,"ind":13,"ty":4,"nm":"Fluid 2","parent":8,"td":1,"sr":1,"ks":{"o":{"a":1,"k":[{"i":{"x":[0.28],"y":[1]},"o":{"x":[0.167],"y":[0.133]},"t":30,"s":[100]},{"t":50.0000020365418,"s":[0]}],"ix":11},"r":{"a":0,"k":0,"ix":10},"p":{"a":0,"k":[10.5,-24,0],"ix":2},"a":{"a":0,"k":[0,0,0],"ix":1},"s":{"a":0,"k":[100,100,100],"ix":6}},"ao":0,"shapes":[{"ty":"gr","it":[{"ind":0,"ty":"sh","ix":1,"ks":{"a":1,"k":[{"i":{"x":0.833,"y":0.833},"o":{"x":0.167,"y":0.167},"t":7,"s":[{"i":[[8.5,-7.5],[8.897,-0.463],[6.594,4.073],[2.5,-13.5],[-1.5,-17],[-28.5,-7.5],[-7,14]],"o":[[-5.203,4.591],[-5.637,0.293],[-17,-10.5],[-2.5,13.5],[1.5,17],[28.5,7.5],[7,-14]],"v":[[16.5,35.5],[-5.051,45.144],[-23.5,40],[-53,42],[-47,70],[-5,79.5],[36,51]],"c":true}]},{"i":{"x":0.833,"y":0.833},"o":{"x":0.167,"y":0.167},"t":21,"s":[{"i":[[9.569,-5.265],[51.101,-18.808],[20.642,-4.414],[2.5,-13.5],[-1.5,-17],[-28.5,-7.5],[-7,14]],"o":[[-13.61,4.55],[-25.899,-13.808],[-27.491,5.879],[-2.5,13.5],[1.5,17],[28.5,7.5],[7,-14]],"v":[[35.288,-4.495],[47.899,-15.692],[-5.009,-8.879],[-54.709,-34.209],[-47,70],[-5,79.5],[36,51]],"c":true}]},{"i":{"x":0.27,"y":1},"o":{"x":0.167,"y":0.167},"t":32,"s":[{"i":[[9.569,-5.265],[10.934,1.239],[6.289,3.884],[2.5,-13.5],[-1.5,-17],[-28.5,-7.5],[-7,14]],"o":[[-13.61,4.55],[-6.304,-0.616],[-17,-10.5],[-2.5,13.5],[1.5,17],[28.5,7.5],[7,-14]],"v":[[22.788,-35.495],[-14.101,-29.192],[-46.509,-40.379],[-51.209,22.791],[-47,70],[-5,79.5],[36,51]],"c":true}]},{"t":43.0000017514259,"s":[{"i":[[8.5,-7.5],[13.983,3.898],[6.594,4.073],[2.5,-13.5],[-1.5,-17],[-28.5,-7.5],[-7,14]],"o":[[-5.203,4.591],[-8.861,-2.47],[-17,-10.5],[-2.5,13.5],[1.5,17],[28.5,7.5],[7,-14]],"v":[[39.5,-42.5],[6.306,-42.836],[-18,-53],[-47.5,-17],[-47,70],[-5,79.5],[36,51]],"c":true}]}],"ix":2},"nm":"Path 1","mn":"ADBE Vector Shape - Group","hd":false},{"ty":"st","c":{"a":0,"k":[1,1,1,1],"ix":3},"o":{"a":0,"k":100,"ix":4},"w":{"a":0,"k":0,"ix":5},"lc":1,"lj":1,"ml":4,"bm":0,"nm":"Stroke 1","mn":"ADBE Vector Graphic - Stroke","hd":false},{"ty":"fl","c":{"a":0,"k":[0.078431006039,0.07058800342,0.2,1],"ix":4},"o":{"a":0,"k":100,"ix":5},"r":1,"bm":0,"nm":"Fill 1","mn":"ADBE Vector Graphic - Fill","hd":false},{"ty":"tr","p":{"a":0,"k":[0,0],"ix":2},"a":{"a":0,"k":[0,0],"ix":1},"s":{"a":0,"k":[100,100],"ix":3},"r":{"a":0,"k":0,"ix":6},"o":{"a":0,"k":100,"ix":7},"sk":{"a":0,"k":0,"ix":4},"sa":{"a":0,"k":0,"ix":5},"nm":"Transform"}],"nm":"Shape 1","np":3,"cix":2,"bm":0,"ix":1,"mn":"ADBE Vector Group","hd":false}],"ip":7.00000028511585,"op":150.000006109625,"st":7.00000028511585,"bm":0},{"ddd":0,"ind":14,"ty":0,"nm":"Fluid","parent":8,"tt":1,"refId":"comp_0","sr":1,"ks":{"o":{"a":0,"k":100,"ix":11},"r":{"a":0,"k":0,"ix":10},"p":{"a":0,"k":[5.5,-24,0],"ix":2},"a":{"a":0,"k":[68,68,0],"ix":1},"s":{"a":0,"k":[100,100,100],"ix":6}},"ao":0,"ef":[{"ty":21,"nm":"Fill","np":9,"mn":"ADBE Fill","ix":1,"en":1,"ef":[{"ty":10,"nm":"Fill Mask","mn":"ADBE Fill-0001","ix":1,"v":{"a":0,"k":0,"ix":1}},{"ty":7,"nm":"All Masks","mn":"ADBE Fill-0007","ix":2,"v":{"a":0,"k":0,"ix":2}},{"ty":2,"nm":"Color","mn":"ADBE Fill-0002","ix":3,"v":{"a":0,"k":[0.922273278236,0.922273278236,0.922273278236,1],"ix":3}},{"ty":7,"nm":"Invert","mn":"ADBE Fill-0006","ix":4,"v":{"a":0,"k":0,"ix":4}},{"ty":0,"nm":"Horizontal Feather","mn":"ADBE Fill-0003","ix":5,"v":{"a":0,"k":0,"ix":5}},{"ty":0,"nm":"Vertical Feather","mn":"ADBE Fill-0004","ix":6,"v":{"a":0,"k":0,"ix":6}},{"ty":0,"nm":"Opacity","mn":"ADBE Fill-0005","ix":7,"v":{"a":0,"k":1,"ix":7}}]}],"w":136,"h":136,"ip":7.00000028511585,"op":157.000006394741,"st":7.00000028511585,"bm":0},{"ddd":0,"ind":15,"ty":4,"nm":"Drop 3","sr":1,"ks":{"o":{"a":0,"k":100,"ix":11},"r":{"a":0,"k":0,"ix":10},"p":{"a":0,"k":[77.5,69.5,0],"ix":2},"a":{"a":0,"k":[-6,-15,0],"ix":1},"s":{"a":0,"k":[100,100,100],"ix":6}},"ao":0,"shapes":[{"ty":"gr","it":[{"ind":0,"ty":"sh","ix":1,"ks":{"a":0,"k":{"i":[[0,0],[0,0]],"o":[[0,0],[0,0]],"v":[[-11.5,-99],[-11.5,44]],"c":false},"ix":2},"nm":"Path 1","mn":"ADBE Vector Shape - Group","hd":false},{"ty":"st","c":{"a":0,"k":[1,0.882353001015,0.498039245605,1],"ix":3},"o":{"a":0,"k":100,"ix":4},"w":{"a":0,"k":4,"ix":5},"lc":1,"lj":1,"ml":4,"bm":0,"nm":"Stroke 1","mn":"ADBE Vector Graphic - Stroke","hd":false},{"ty":"tr","p":{"a":0,"k":[0,0],"ix":2},"a":{"a":0,"k":[0,0],"ix":1},"s":{"a":0,"k":[100,100],"ix":3},"r":{"a":0,"k":0,"ix":6},"o":{"a":0,"k":100,"ix":7},"sk":{"a":0,"k":0,"ix":4},"sa":{"a":0,"k":0,"ix":5},"nm":"Transform"}],"nm":"Shape 1","np":3,"cix":2,"bm":0,"ix":1,"mn":"ADBE Vector Group","hd":false},{"ty":"tm","s":{"a":1,"k":[{"i":{"x":[0.28],"y":[1]},"o":{"x":[0.167],"y":[0.093]},"t":10,"s":[0]},{"t":24.00000097754,"s":[100]}],"ix":1},"e":{"a":1,"k":[{"i":{"x":[0.28],"y":[1]},"o":{"x":[0.167],"y":[0.189]},"t":2,"s":[0]},{"t":36.0000014663101,"s":[100]}],"ix":2},"o":{"a":0,"k":0,"ix":3},"m":1,"ix":3,"nm":"Trim Paths 1","mn":"ADBE Vector Filter - Trim","hd":false}],"ip":2.00000008146167,"op":18.000000733155,"st":2.00000008146167,"bm":0},{"ddd":0,"ind":16,"ty":4,"nm":"Drop 2","sr":1,"ks":{"o":{"a":0,"k":100,"ix":11},"r":{"a":0,"k":0,"ix":10},"p":{"a":0,"k":[60.349,66.104,0],"ix":2},"a":{"a":0,"k":[-6,-15,0],"ix":1},"s":{"a":0,"k":[100,100,100],"ix":6}},"ao":0,"shapes":[{"ty":"gr","it":[{"ind":0,"ty":"sh","ix":1,"ks":{"a":0,"k":{"i":[[0,0],[0,0]],"o":[[0,0],[0,0]],"v":[[-11.651,-88.5],[-11.651,31.5]],"c":false},"ix":2},"nm":"Path 1","mn":"ADBE Vector Shape - Group","hd":false},{"ty":"st","c":{"a":0,"k":[1,0.882353001015,0.498039245605,1],"ix":3},"o":{"a":0,"k":100,"ix":4},"w":{"a":0,"k":4,"ix":5},"lc":1,"lj":1,"ml":4,"bm":0,"nm":"Stroke 1","mn":"ADBE Vector Graphic - Stroke","hd":false},{"ty":"tr","p":{"a":0,"k":[0,0],"ix":2},"a":{"a":0,"k":[0,0],"ix":1},"s":{"a":0,"k":[100,100],"ix":3},"r":{"a":0,"k":0,"ix":6},"o":{"a":0,"k":100,"ix":7},"sk":{"a":0,"k":0,"ix":4},"sa":{"a":0,"k":0,"ix":5},"nm":"Transform"}],"nm":"Shape 1","np":3,"cix":2,"bm":0,"ix":1,"mn":"ADBE Vector Group","hd":false},{"ty":"tm","s":{"a":1,"k":[{"i":{"x":[0.28],"y":[1]},"o":{"x":[0.167],"y":[0.133]},"t":12,"s":[0]},{"t":32.0000013033867,"s":[100]}],"ix":1},"e":{"a":1,"k":[{"i":{"x":[0.28],"y":[1]},"o":{"x":[0.167],"y":[0.172]},"t":3,"s":[0]},{"t":34.0000013848484,"s":[100]}],"ix":2},"o":{"a":0,"k":0,"ix":3},"m":1,"ix":3,"nm":"Trim Paths 1","mn":"ADBE Vector Filter - Trim","hd":false}],"ip":3.00000012219251,"op":18.000000733155,"st":3.00000012219251,"bm":0},{"ddd":0,"ind":17,"ty":4,"nm":"Drop","sr":1,"ks":{"o":{"a":0,"k":100,"ix":11},"r":{"a":0,"k":0,"ix":10},"p":{"a":0,"k":[68,68,0],"ix":2},"a":{"a":0,"k":[-6,-15,0],"ix":1},"s":{"a":0,"k":[100,100,100],"ix":6}},"ao":0,"shapes":[{"ty":"gr","it":[{"ind":0,"ty":"sh","ix":1,"ks":{"a":0,"k":{"i":[[0,0],[0,0]],"o":[[0,0],[0,0]],"v":[[-11.5,-104],[-11.5,31]],"c":false},"ix":2},"nm":"Path 1","mn":"ADBE Vector Shape - Group","hd":false},{"ty":"st","c":{"a":0,"k":[0.475888480392,0.321211631625,0.200051057105,1],"ix":3},"o":{"a":0,"k":100,"ix":4},"w":{"a":0,"k":4,"ix":5},"lc":1,"lj":1,"ml":4,"bm":0,"nm":"Stroke 1","mn":"ADBE Vector Graphic - Stroke","hd":false},{"ty":"tr","p":{"a":0,"k":[0,0],"ix":2},"a":{"a":0,"k":[0,0],"ix":1},"s":{"a":0,"k":[100,100],"ix":3},"r":{"a":0,"k":0,"ix":6},"o":{"a":0,"k":100,"ix":7},"sk":{"a":0,"k":0,"ix":4},"sa":{"a":0,"k":0,"ix":5},"nm":"Transform"}],"nm":"Shape 1","np":3,"cix":2,"bm":0,"ix":1,"mn":"ADBE Vector Group","hd":false},{"ty":"tm","s":{"a":1,"k":[{"i":{"x":[0.28],"y":[1]},"o":{"x":[0.167],"y":[0.16]},"t":9,"s":[0]},{"t":33.0000013441176,"s":[100]}],"ix":1},"e":{"a":1,"k":[{"i":{"x":[0.28],"y":[1]},"o":{"x":[0.167],"y":[0.15]},"t":0,"s":[0]},{"t":27.0000010997325,"s":[100]}],"ix":2},"o":{"a":0,"k":0,"ix":3},"m":1,"ix":3,"nm":"Trim Paths 1","mn":"ADBE Vector Filter - Trim","hd":false}],"ip":0,"op":18.000000733155,"st":0,"bm":0}],"markers":[]}