{"v":"5.3.4","fr":29.9700012207031,"ip":0,"op":121.000004928431,"w":136,"h":136,"nm":"28_Tshirt13","ddd":0,"assets":[],"layers":[{"ddd":0,"ind":1,"ty":3,"nm":"Null 1","sr":1,"ks":{"o":{"a":0,"k":0,"ix":11},"r":{"a":0,"k":0,"ix":10},"p":{"a":1,"k":[{"i":{"x":0.454,"y":0.917},"o":{"x":0.186,"y":0.066},"n":"0p454_0p917_0p186_0p066","t":0,"s":[68,364,0],"e":[68,57.321,0],"to":[0,-45.4350662231445,0],"ti":[0,65.2742691040039,0]},{"i":{"x":0.648,"y":0.903},"o":{"x":0.315,"y":0.776},"n":"0p648_0p903_0p315_0p776","t":11,"s":[68,57.321,0],"e":[68,74.693,0],"to":[0,-4.76151275634766,0],"ti":[0,-4.03269815444946,0]},{"i":{"x":0.657,"y":1},"o":{"x":0.324,"y":0.182},"n":"0p657_1_0p324_0p182","t":22,"s":[68,74.693,0],"e":[68,68,0],"to":[0,0.71052205562592,0],"ti":[0,0,0]},{"i":{"x":0.657,"y":0.657},"o":{"x":0.167,"y":0.167},"n":"0p657_0p657_0p167_0p167","t":30,"s":[68,68,0],"e":[68,68,0],"to":[0,0,0],"ti":[0,0,0]},{"i":{"x":0.611,"y":0.444},"o":{"x":0.17,"y":0},"n":"0p611_0p444_0p17_0","t":80,"s":[68,68,0],"e":[68,86.446,0],"to":[0,0,0],"ti":[0,0,0]},{"i":{"x":0.687,"y":1},"o":{"x":0.241,"y":1},"n":"0p687_1_0p241_1","t":88,"s":[68,86.446,0],"e":[68,92,0],"to":[0,0,0],"ti":[0,0,0]},{"i":{"x":0.616,"y":0.83},"o":{"x":0.169,"y":0},"n":"0p616_0p83_0p169_0","t":95,"s":[68,92,0],"e":[68,-178.763,0],"to":[0,0,0],"ti":[0,0,0]},{"i":{"x":0.702,"y":1},"o":{"x":0.222,"y":1},"n":"0p702_1_0p222_1","t":104,"s":[68,-178.763,0],"e":[68,-226,0],"to":[0,0,0],"ti":[0,0,0]},{"t":120.0000048877}],"ix":2},"a":{"a":0,"k":[0,0,0],"ix":1},"s":{"a":0,"k":[60,60,100],"ix":6}},"ao":0,"ip":0,"op":121.000004928431,"st":0,"bm":0},{"ddd":0,"ind":2,"ty":4,"nm":"Stroke 472","parent":1,"sr":1,"ks":{"o":{"a":0,"k":100,"ix":11},"r":{"a":0,"k":0,"ix":10},"p":{"a":0,"k":[0.001,8.75,0],"ix":2},"a":{"a":0,"k":[0,0,0],"ix":1},"s":{"a":0,"k":[100,100,100],"ix":6}},"ao":0,"shapes":[{"ty":"gr","it":[{"ind":0,"ty":"sh","ix":1,"ks":{"a":0,"k":{"i":[[0,0],[0,0]],"o":[[0,0],[0,0]],"v":[[0,-10.25],[0,10.25]],"c":false},"ix":2},"nm":"Path 1","mn":"ADBE Vector Shape - Group","hd":false},{"ty":"st","c":{"a":0,"k":[0.113609999418,0.112988002598,0.1074699983,1],"ix":3},"o":{"a":0,"k":100,"ix":4},"w":{"a":0,"k":1,"ix":5},"lc":2,"lj":2,"nm":"Stroke 1","mn":"ADBE Vector Graphic - Stroke","hd":false},{"ty":"tr","p":{"a":0,"k":[0,0],"ix":2},"a":{"a":0,"k":[0,0],"ix":1},"s":{"a":0,"k":[500,500],"ix":3},"r":{"a":0,"k":0,"ix":6},"o":{"a":0,"k":100,"ix":7},"sk":{"a":0,"k":0,"ix":4},"sa":{"a":0,"k":0,"ix":5},"nm":"Transform"}],"nm":"Stroke 472","np":2,"cix":2,"ix":1,"mn":"ADBE Vector Group","hd":false}],"ip":0,"op":121.000004928431,"st":0,"bm":0},{"ddd":0,"ind":3,"ty":4,"nm":"Stroke 471","parent":1,"sr":1,"ks":{"o":{"a":0,"k":100,"ix":11},"r":{"a":0,"k":0,"ix":10},"p":{"a":0,"k":[0,-5,0],"ix":2},"a":{"a":0,"k":[0,0,0],"ix":1},"s":{"a":0,"k":[100,100,100],"ix":6}},"ao":0,"shapes":[{"ty":"gr","it":[{"ind":0,"ty":"sh","ix":1,"ks":{"a":0,"k":{"i":[[0,0],[0,0],[0,0.55],[0,0],[-3.85,0],[0,0],[-1.93,0],[0,1.93],[0,0],[0,-3.85],[0,0],[0.55,0],[0,0]],"o":[[0,0],[-0.55,0],[0,0],[0,-3.85],[0,0],[0,1.93],[1.93,0],[0,0],[3.85,0],[0,0],[0,0.55],[0,0],[0,0]],"v":[[-7.58,11],[-11,11],[-12,10],[-12,-4],[-5,-11],[-3.5,-11],[0,-7.5],[3.5,-11],[5,-11],[12,-4],[12,10],[11,11],[7.58,11]],"c":false},"ix":2},"nm":"Path 1","mn":"ADBE Vector Shape - Group","hd":false},{"ty":"st","c":{"a":0,"k":[0.113609999418,0.112988002598,0.1074699983,1],"ix":3},"o":{"a":0,"k":100,"ix":4},"w":{"a":0,"k":1,"ix":5},"lc":2,"lj":2,"nm":"Stroke 1","mn":"ADBE Vector Graphic - Stroke","hd":false},{"ty":"tr","p":{"a":0,"k":[0,0],"ix":2},"a":{"a":0,"k":[0,0],"ix":1},"s":{"a":0,"k":[500,500],"ix":3},"r":{"a":0,"k":0,"ix":6},"o":{"a":0,"k":100,"ix":7},"sk":{"a":0,"k":0,"ix":4},"sa":{"a":0,"k":0,"ix":5},"nm":"Transform"}],"nm":"Stroke 471","np":2,"cix":2,"ix":1,"mn":"ADBE Vector Group","hd":false}],"ip":0,"op":121.000004928431,"st":0,"bm":0},{"ddd":0,"ind":4,"ty":4,"nm":"Stroke 470","parent":1,"sr":1,"ks":{"o":{"a":0,"k":100,"ix":11},"r":{"a":0,"k":0,"ix":10},"p":{"a":0,"k":[0.001,20,0],"ix":2},"a":{"a":0,"k":[0,0,0],"ix":1},"s":{"a":0,"k":[100,100,100],"ix":6}},"ao":0,"shapes":[{"ty":"gr","it":[{"ind":0,"ty":"sh","ix":1,"ks":{"a":0,"k":{"i":[[0,0],[0,0],[0.55,0],[0,0],[-0.12,0.54],[2.33,5.71]],"o":[[-2.33,5.71],[0.12,0.54],[0,0],[-0.55,0],[0,0],[0,0]],"v":[[8,-8],[7.78,7.02],[7,8],[-7,8],[-7.78,7.02],[-8,-8]],"c":false},"ix":2},"nm":"Path 1","mn":"ADBE Vector Shape - Group","hd":false},{"ty":"st","c":{"a":0,"k":[0.113609999418,0.112988002598,0.1074699983,1],"ix":3},"o":{"a":0,"k":100,"ix":4},"w":{"a":0,"k":1,"ix":5},"lc":2,"lj":2,"nm":"Stroke 1","mn":"ADBE Vector Graphic - Stroke","hd":false},{"ty":"tr","p":{"a":0,"k":[0,0],"ix":2},"a":{"a":0,"k":[0,0],"ix":1},"s":{"a":0,"k":[500,500],"ix":3},"r":{"a":0,"k":0,"ix":6},"o":{"a":0,"k":100,"ix":7},"sk":{"a":0,"k":0,"ix":4},"sa":{"a":0,"k":0,"ix":5},"nm":"Transform"}],"nm":"Stroke 470","np":2,"cix":2,"ix":1,"mn":"ADBE Vector Group","hd":false}],"ip":0,"op":121.000004928431,"st":0,"bm":0},{"ddd":0,"ind":5,"ty":4,"nm":"Fill 469","parent":1,"sr":1,"ks":{"o":{"a":0,"k":100,"ix":11},"r":{"a":0,"k":0,"ix":10},"p":{"a":0,"k":[38.743,-5,0],"ix":2},"a":{"a":0,"k":[0,0,0],"ix":1},"s":{"a":0,"k":[100,100,100],"ix":6}},"ao":0,"shapes":[{"ty":"gr","it":[{"ind":0,"ty":"sh","ix":1,"ks":{"a":0,"k":{"i":[[0,0],[0,0],[3.62,0.26],[0,0.01],[0,0],[0,-3.85],[0,0],[0.55,0],[0,0],[0,0.55]],"o":[[0,0],[0,-3.68],[0,0],[0,0],[3.85,0],[0,0],[0,0.55],[0,0],[0.55,0],[0,0]],"v":[[2.249,10],[2.249,-4],[-4.251,-10.98],[-4.251,-11],[-2.751,-11],[4.249,-4],[4.249,10],[3.249,11],[1.249,11],[2.249,10]],"c":false},"ix":2},"nm":"Path 1","mn":"ADBE Vector Shape - Group","hd":false},{"ty":"fl","c":{"a":0,"k":[0.867452979088,0.484728991985,0.521912992001,1],"ix":4},"o":{"a":0,"k":100,"ix":5},"r":1,"nm":"Fill 1","mn":"ADBE Vector Graphic - Fill","hd":false},{"ty":"tr","p":{"a":0,"k":[0,0],"ix":2},"a":{"a":0,"k":[0,0],"ix":1},"s":{"a":0,"k":[500,500],"ix":3},"r":{"a":0,"k":0,"ix":6},"o":{"a":0,"k":100,"ix":7},"sk":{"a":0,"k":0,"ix":4},"sa":{"a":0,"k":0,"ix":5},"nm":"Transform"}],"nm":"Fill 469","np":2,"cix":2,"ix":1,"mn":"ADBE Vector Group","hd":false}],"ip":0,"op":121.000004928431,"st":0,"bm":0},{"ddd":0,"ind":6,"ty":4,"nm":"Fill 468","parent":1,"sr":1,"ks":{"o":{"a":0,"k":100,"ix":11},"r":{"a":0,"k":0,"ix":10},"p":{"a":0,"k":[-38.742,-5,0],"ix":2},"a":{"a":0,"k":[0,0,0],"ix":1},"s":{"a":0,"k":[100,100,100],"ix":6}},"ao":0,"shapes":[{"ty":"gr","it":[{"ind":0,"ty":"sh","ix":1,"ks":{"a":0,"k":{"i":[[0,0],[0,0],[-3.62,0.26],[0,0.01],[0,0],[0,-3.85],[0,0],[-0.55,0],[0,0],[0,0.55]],"o":[[0,0],[0,-3.68],[0,0],[0,0],[-3.85,0],[0,0],[0,0.55],[0,0],[-0.55,0],[0,0]],"v":[[-2.251,10],[-2.251,-4],[4.249,-10.98],[4.249,-11],[2.749,-11],[-4.251,-4],[-4.251,10],[-3.251,11],[-1.251,11],[-2.251,10]],"c":false},"ix":2},"nm":"Path 1","mn":"ADBE Vector Shape - Group","hd":false},{"ty":"fl","c":{"a":0,"k":[0.968796014786,0.779316008091,0.812748014927,1],"ix":4},"o":{"a":0,"k":100,"ix":5},"r":1,"nm":"Fill 1","mn":"ADBE Vector Graphic - Fill","hd":false},{"ty":"tr","p":{"a":0,"k":[0,0],"ix":2},"a":{"a":0,"k":[0,0],"ix":1},"s":{"a":0,"k":[500,500],"ix":3},"r":{"a":0,"k":0,"ix":6},"o":{"a":0,"k":100,"ix":7},"sk":{"a":0,"k":0,"ix":4},"sa":{"a":0,"k":0,"ix":5},"nm":"Transform"}],"nm":"Fill 468","np":2,"cix":2,"ix":1,"mn":"ADBE Vector Group","hd":false}],"ip":0,"op":121.000004928431,"st":0,"bm":0},{"ddd":0,"ind":7,"ty":4,"nm":"Fill 467","parent":1,"sr":1,"ks":{"o":{"a":0,"k":100,"ix":11},"r":{"a":0,"k":0,"ix":10},"p":{"a":0,"k":[0.001,0,0],"ix":2},"a":{"a":0,"k":[0,0,0],"ix":1},"s":{"a":0,"k":[100,100,100],"ix":6}},"ao":0,"shapes":[{"ty":"gr","it":[{"ind":0,"ty":"sh","ix":1,"ks":{"a":0,"k":{"i":[[0,0],[0,0],[1.93,0],[0,1.93],[0,0],[0,-3.85],[0,0],[-0.55,0],[0,0],[0,0],[-0.55,0],[0,0],[0.12,0.54],[0.11,0.64],[0,0],[0,0.55],[0,0],[3.85,0]],"o":[[0,0],[0,1.93],[-1.93,0],[0,0],[-3.85,0],[0,0],[0,0.55],[0,0],[-0.11,0.64],[-0.12,0.54],[0,0],[0.55,0],[0,0],[0,0],[0.55,0],[0,0],[0,-3.85],[0,0]],"v":[[5,-12],[3.5,-12],[0,-8.5],[-3.5,-12],[-5,-12],[-12,-5],[-12,9],[-11,10],[-7.58,10],[-7.78,11.02],[-7,12],[7,12],[7.78,11.02],[7.58,10],[11,10],[12,9],[12,-5],[5,-12]],"c":false},"ix":2},"nm":"Path 1","mn":"ADBE Vector Shape - Group","hd":false},{"ty":"fl","c":{"a":0,"k":[0.947776973248,0.61151099205,0.662666022778,1],"ix":4},"o":{"a":0,"k":100,"ix":5},"r":1,"nm":"Fill 1","mn":"ADBE Vector Graphic - Fill","hd":false},{"ty":"tr","p":{"a":0,"k":[0,0],"ix":2},"a":{"a":0,"k":[0,0],"ix":1},"s":{"a":0,"k":[500,500],"ix":3},"r":{"a":0,"k":0,"ix":6},"o":{"a":0,"k":100,"ix":7},"sk":{"a":0,"k":0,"ix":4},"sa":{"a":0,"k":0,"ix":5},"nm":"Transform"}],"nm":"Fill 467","np":2,"cix":2,"ix":1,"mn":"ADBE Vector Group","hd":false}],"ip":0,"op":121.000004928431,"st":0,"bm":0}],"markers":[]}