{"v":"5.3.4","fr":29.9700012207031,"ip":0,"op":121.000004928431,"w":136,"h":136,"nm":"34_Undershirt4","ddd":0,"assets":[],"layers":[{"ddd":0,"ind":1,"ty":3,"nm":"Null 1","sr":1,"ks":{"o":{"a":0,"k":0,"ix":11},"r":{"a":0,"k":0,"ix":10},"p":{"a":1,"k":[{"i":{"x":0.454,"y":0.917},"o":{"x":0.186,"y":0.066},"n":"0p454_0p917_0p186_0p066","t":0,"s":[68,364,0],"e":[68,57.321,0],"to":[0,-45.4350662231445,0],"ti":[0,65.2742691040039,0]},{"i":{"x":0.648,"y":0.903},"o":{"x":0.315,"y":0.776},"n":"0p648_0p903_0p315_0p776","t":11,"s":[68,57.321,0],"e":[68,74.693,0],"to":[0,-4.76151275634766,0],"ti":[0,-4.03269815444946,0]},{"i":{"x":0.657,"y":1},"o":{"x":0.324,"y":0.182},"n":"0p657_1_0p324_0p182","t":22,"s":[68,74.693,0],"e":[68,68,0],"to":[0,0.71052205562592,0],"ti":[0,0,0]},{"i":{"x":0.657,"y":0.657},"o":{"x":0.167,"y":0.167},"n":"0p657_0p657_0p167_0p167","t":30,"s":[68,68,0],"e":[68,68,0],"to":[0,0,0],"ti":[0,0,0]},{"i":{"x":0.611,"y":0.444},"o":{"x":0.17,"y":0},"n":"0p611_0p444_0p17_0","t":80,"s":[68,68,0],"e":[68,86.446,0],"to":[0,0,0],"ti":[0,0,0]},{"i":{"x":0.687,"y":1},"o":{"x":0.241,"y":1},"n":"0p687_1_0p241_1","t":88,"s":[68,86.446,0],"e":[68,92,0],"to":[0,0,0],"ti":[0,0,0]},{"i":{"x":0.616,"y":0.83},"o":{"x":0.169,"y":0},"n":"0p616_0p83_0p169_0","t":95,"s":[68,92,0],"e":[68,-178.763,0],"to":[0,0,0],"ti":[0,0,0]},{"i":{"x":0.702,"y":1},"o":{"x":0.222,"y":1},"n":"0p702_1_0p222_1","t":104,"s":[68,-178.763,0],"e":[68,-226,0],"to":[0,0,0],"ti":[0,0,0]},{"t":120.0000048877}],"ix":2},"a":{"a":0,"k":[0,0,0],"ix":1},"s":{"a":0,"k":[60,60,100],"ix":6}},"ao":0,"ip":0,"op":121.000004928431,"st":0,"bm":0},{"ddd":0,"ind":2,"ty":4,"nm":"Stroke 449","parent":1,"sr":1,"ks":{"o":{"a":0,"k":100,"ix":11},"r":{"a":0,"k":0,"ix":10},"p":{"a":0,"k":[0,0,0],"ix":2},"a":{"a":0,"k":[0,0,0],"ix":1},"s":{"a":0,"k":[100,100,100],"ix":6}},"ao":0,"shapes":[{"ty":"gr","it":[{"ind":0,"ty":"sh","ix":1,"ks":{"a":0,"k":{"i":[[-2.33,5.71],[0,1.66],[0,0],[0,0],[0,0],[1.93,0],[0,1.93],[0,0],[0,0],[0,0],[1.66,0],[0,0],[-0.55,0],[0,0],[0.12,0.54]],"o":[[-1.66,0],[0,0],[0,0],[0,0],[0,1.93],[-1.93,0],[0,0],[0,0],[0,0],[0,1.66],[2.33,5.71],[-0.12,0.54],[0,0],[0.55,0],[0,0]],"v":[[9,-4],[6,-7],[6,-12],[3.5,-12],[3.5,-10],[0,-6.5],[-3.5,-10],[-3.5,-12],[-6,-12],[-6,-7],[-9,-4],[-8.78,11.02],[-8,12],[8,12],[8.78,11.02]],"c":true},"ix":2},"nm":"Path 1","mn":"ADBE Vector Shape - Group","hd":false},{"ty":"st","c":{"a":0,"k":[0.113609999418,0.112988002598,0.1074699983,1],"ix":3},"o":{"a":0,"k":100,"ix":4},"w":{"a":0,"k":1,"ix":5},"lc":2,"lj":2,"nm":"Stroke 1","mn":"ADBE Vector Graphic - Stroke","hd":false},{"ty":"tr","p":{"a":0,"k":[0,0],"ix":2},"a":{"a":0,"k":[0,0],"ix":1},"s":{"a":0,"k":[500,500],"ix":3},"r":{"a":0,"k":0,"ix":6},"o":{"a":0,"k":100,"ix":7},"sk":{"a":0,"k":0,"ix":4},"sa":{"a":0,"k":0,"ix":5},"nm":"Transform"}],"nm":"Stroke 449","np":2,"cix":2,"ix":1,"mn":"ADBE Vector Group","hd":false}],"ip":0,"op":121.000004928431,"st":0,"bm":0},{"ddd":0,"ind":3,"ty":4,"nm":"Fill 446","parent":1,"sr":1,"ks":{"o":{"a":0,"k":100,"ix":11},"r":{"a":0,"k":0,"ix":10},"p":{"a":0,"k":[32.502,0,0],"ix":2},"a":{"a":0,"k":[0,0,0],"ix":1},"s":{"a":0,"k":[100,100,100],"ix":6}},"ao":0,"shapes":[{"ty":"gr","it":[{"ind":0,"ty":"sh","ix":1,"ks":{"a":0,"k":{"i":[[0,0],[-2.33,5.71],[0,1.66],[0,0],[0,0],[0,0],[-1.66,0],[0,0],[0.55,0],[0,0],[0.12,0.54]],"o":[[0,0],[-1.66,0],[0,0],[0,0],[0,0],[0,1.66],[-2.33,5.71],[0.12,0.54],[0,0],[0.55,0],[0,0]],"v":[[0.28,11.02],[0.5,-4],[-2.5,-7],[-2.5,-12],[-0.5,-12],[-0.5,-7],[2.5,-4],[2.28,11.02],[1.5,12],[-0.5,12],[0.28,11.02]],"c":false},"ix":2},"nm":"Path 1","mn":"ADBE Vector Shape - Group","hd":false},{"ty":"fl","c":{"a":0,"k":[0.851535975933,0.851311028004,0.850531995296,1],"ix":4},"o":{"a":0,"k":100,"ix":5},"r":1,"nm":"Fill 1","mn":"ADBE Vector Graphic - Fill","hd":false},{"ty":"tr","p":{"a":0,"k":[0,0],"ix":2},"a":{"a":0,"k":[0,0],"ix":1},"s":{"a":0,"k":[500,500],"ix":3},"r":{"a":0,"k":0,"ix":6},"o":{"a":0,"k":100,"ix":7},"sk":{"a":0,"k":0,"ix":4},"sa":{"a":0,"k":0,"ix":5},"nm":"Transform"}],"nm":"Fill 446","np":2,"cix":2,"ix":1,"mn":"ADBE Vector Group","hd":false}],"ip":0,"op":121.000004928431,"st":0,"bm":0},{"ddd":0,"ind":4,"ty":4,"nm":"Fill 445","parent":1,"sr":1,"ks":{"o":{"a":0,"k":100,"ix":11},"r":{"a":0,"k":0,"ix":10},"p":{"a":0,"k":[0,0,0],"ix":2},"a":{"a":0,"k":[0,0,0],"ix":1},"s":{"a":0,"k":[100,100,100],"ix":6}},"ao":0,"shapes":[{"ty":"gr","it":[{"ind":0,"ty":"sh","ix":1,"ks":{"a":0,"k":{"i":[[0,0],[0,1.66],[0,0],[0,0],[0,0],[1.93,0],[0,1.93],[0,0],[0,0],[0,0],[1.66,0],[0,0],[-0.55,0],[0,0],[0.12,0.54],[-2.33,5.71]],"o":[[-1.66,0],[0,0],[0,0],[0,0],[0,1.93],[-1.93,0],[0,0],[0,0],[0,0],[0,1.66],[2.33,5.71],[-0.12,0.54],[0,0],[0.55,0],[0,0],[0,0]],"v":[[9,-4],[6,-7],[6,-12],[3.5,-12],[3.5,-10],[0,-6.5],[-3.5,-10],[-3.5,-12],[-6,-12],[-6,-7],[-9,-4],[-8.78,11.02],[-8,12],[8,12],[8.78,11.02],[9,-4]],"c":false},"ix":2},"nm":"Path 1","mn":"ADBE Vector Shape - Group","hd":false},{"ty":"fl","c":{"a":0,"k":[0.995509028435,0.995630025864,0.995441973209,1],"ix":4},"o":{"a":0,"k":100,"ix":5},"r":1,"nm":"Fill 1","mn":"ADBE Vector Graphic - Fill","hd":false},{"ty":"tr","p":{"a":0,"k":[0,0],"ix":2},"a":{"a":0,"k":[0,0],"ix":1},"s":{"a":0,"k":[500,500],"ix":3},"r":{"a":0,"k":0,"ix":6},"o":{"a":0,"k":100,"ix":7},"sk":{"a":0,"k":0,"ix":4},"sa":{"a":0,"k":0,"ix":5},"nm":"Transform"}],"nm":"Fill 445","np":2,"cix":2,"ix":1,"mn":"ADBE Vector Group","hd":false}],"ip":0,"op":121.000004928431,"st":0,"bm":0}],"markers":[]}