{"v":"5.3.4","fr":29.9700012207031,"ip":0,"op":91.000003706506,"w":136,"h":136,"nm":"17_Lamp1","ddd":0,"assets":[],"layers":[{"ddd":0,"ind":1,"ty":4,"nm":"Layer 3 Outlines 2","sr":1,"ks":{"o":{"a":0,"k":100,"ix":11},"r":{"a":1,"k":[{"i":{"x":[0.328],"y":[0.882]},"o":{"x":[0.196],"y":[0.098]},"n":["0p328_0p882_0p196_0p098"],"t":21,"s":[-205],"e":[14.161]},{"i":{"x":[0.625],"y":[1]},"o":{"x":[0.294],"y":[-0.696]},"n":["0p625_1_0p294_-0p696"],"t":37,"s":[14.161],"e":[0]},{"t":51.0000020772726}],"ix":10},"p":{"a":0,"k":[70.127,37.517,0],"ix":2},"a":{"a":0,"k":[11.259,4.839,0],"ix":1},"s":{"a":1,"k":[{"i":{"x":[0.328,0.328,0.328],"y":[0.877,0.877,-2.241]},"o":{"x":[0.196,0.196,0.196],"y":[0.102,0.102,49.029]},"n":["0p328_0p877_0p196_0p102","0p328_0p877_0p196_0p102","0p328_-2p241_0p196_49p029"],"t":21,"s":[0,0,100],"e":[287.065,287.065,100]},{"i":{"x":[0.625,0.625,0.625],"y":[1,1,1]},"o":{"x":[0.294,0.294,0.294],"y":[1.194,1.194,1.416]},"n":["0p625_1_0p294_1p194","0p625_1_0p294_1p194","0p625_1_0p294_1p416"],"t":36,"s":[287.065,287.065,100],"e":[300,300,100]},{"t":51.0000020772726}],"ix":6}},"ao":0,"shapes":[{"ty":"gr","it":[{"ind":0,"ty":"sh","ix":1,"ks":{"a":0,"k":{"i":[[0,0],[0,0],[0.389,-0.389],[-0.389,-0.39],[0,0]],"o":[[0,0],[-0.389,-0.389],[-0.389,0.389],[0,0],[0,0]],"v":[[1.654,0.24],[0.15,-1.265],[-1.265,-1.265],[-1.265,0.151],[0.24,1.654]],"c":false},"ix":2},"nm":"Path 1","mn":"ADBE Vector Shape - Group","hd":false},{"ty":"st","c":{"a":0,"k":[0.113999998803,0.113999998803,0.105999995213,1],"ix":3},"o":{"a":0,"k":100,"ix":4},"w":{"a":0,"k":1,"ix":5},"lc":2,"lj":2,"nm":"Stroke 1","mn":"ADBE Vector Graphic - Stroke","hd":false},{"ty":"tr","p":{"a":0,"k":[11.987,4.154],"ix":2},"a":{"a":0,"k":[0,0],"ix":1},"s":{"a":0,"k":[100,100],"ix":3},"r":{"a":0,"k":0,"ix":6},"o":{"a":0,"k":100,"ix":7},"sk":{"a":0,"k":0,"ix":4},"sa":{"a":0,"k":0,"ix":5},"nm":"Transform"}],"nm":"Group 2","np":2,"cix":2,"ix":1,"mn":"ADBE Vector Group","hd":false},{"ty":"gr","it":[{"ind":0,"ty":"sh","ix":1,"ks":{"a":0,"k":{"i":[[0,0],[1.562,-1.561],[-1.563,-1.561]],"o":[[-1.562,-1.562],[-1.563,1.563],[0,0]],"v":[[3.609,-2.047],[-2.047,-2.048],[-2.047,3.609]],"c":true},"ix":2},"nm":"Path 1","mn":"ADBE Vector Shape - Group","hd":false},{"ty":"st","c":{"a":0,"k":[0.113999998803,0.113999998803,0.105999995213,1],"ix":3},"o":{"a":0,"k":100,"ix":4},"w":{"a":0,"k":1,"ix":5},"lc":2,"lj":2,"nm":"Stroke 1","mn":"ADBE Vector Graphic - Stroke","hd":false},{"ty":"tr","p":{"a":0,"k":[14.89,7.058],"ix":2},"a":{"a":0,"k":[0,0],"ix":1},"s":{"a":0,"k":[100,100],"ix":3},"r":{"a":0,"k":0,"ix":6},"o":{"a":0,"k":100,"ix":7},"sk":{"a":0,"k":0,"ix":4},"sa":{"a":0,"k":0,"ix":5},"nm":"Transform"}],"nm":"Group 3","np":2,"cix":2,"ix":2,"mn":"ADBE Vector Group","hd":false}],"ip":21.0000008553475,"op":91.000003706506,"st":21.0000008553475,"bm":0},{"ddd":0,"ind":2,"ty":4,"nm":"Layer 3 Outlines","sr":1,"ks":{"o":{"a":0,"k":100,"ix":11},"r":{"a":0,"k":0,"ix":10},"p":{"a":0,"k":[67.85,66.647,0],"ix":2},"a":{"a":0,"k":[10.5,14.549,0],"ix":1},"s":{"a":0,"k":[300,300,100],"ix":6}},"ao":0,"shapes":[{"ty":"gr","it":[{"ind":0,"ty":"sh","ix":1,"ks":{"a":1,"k":[{"i":{"x":0.833,"y":0.833},"o":{"x":0.167,"y":0.167},"n":"0p833_0p833_0p167_0p167","t":0,"s":[{"i":[[0,0],[0,0],[0,0],[0,0]],"o":[[0,0],[0,0],[0,0],[0,0]],"v":[[4.5,10.88],[4.5,10.855],[4.512,10.867],[4.484,10.858]],"c":false}],"e":[{"i":[[0,0],[0,0],[0,0],[0,0]],"o":[[0,0],[0,0],[0,0],[0,0]],"v":[[4.5,10.642],[4.5,6.001],[4.501,7.397],[4.496,7.518]],"c":false}]},{"i":{"x":0.27,"y":1},"o":{"x":0.167,"y":0.167},"n":"0p27_1_0p167_0p167","t":4,"s":[{"i":[[0,0],[0,0],[0,0],[0,0]],"o":[[0,0],[0,0],[0,0],[0,0]],"v":[[4.5,10.642],[4.5,6.001],[4.501,7.397],[4.496,7.518]],"c":false}],"e":[{"i":[[0,0],[0,0],[0,0],[0,0]],"o":[[0,0],[0,0],[0,0],[0,0]],"v":[[4.5,10.73],[4.5,6.73],[4.5,7.042],[4.496,7.171]],"c":false}]},{"i":{"x":0.833,"y":0.833},"o":{"x":0.167,"y":0.167},"n":"0p833_0p833_0p167_0p167","t":10,"s":[{"i":[[0,0],[0,0],[0,0],[0,0]],"o":[[0,0],[0,0],[0,0],[0,0]],"v":[[4.5,10.73],[4.5,6.73],[4.5,7.042],[4.496,7.171]],"c":false}],"e":[{"i":[[0,0],[0,0],[0,0],[0,0]],"o":[[0,0],[0,0],[0,0],[0,0]],"v":[[4.5,10.63],[4.5,6.879],[-3.998,-1.601],[-5.164,-2.903]],"c":false}]},{"i":{"x":0.27,"y":1},"o":{"x":0.167,"y":0.167},"n":"0p27_1_0p167_0p167","t":14,"s":[{"i":[[0,0],[0,0],[0,0],[0,0]],"o":[[0,0],[0,0],[0,0],[0,0]],"v":[[4.5,10.63],[4.5,6.879],[-3.998,-1.601],[-5.164,-2.903]],"c":false}],"e":[{"i":[[0,0],[0,0],[0,0],[0,0]],"o":[[0,0],[0,0],[0,0],[0,0]],"v":[[4.5,10.704],[4.5,6.879],[-4.5,-2.121],[-4.516,-2.13]],"c":false}]},{"i":{"x":0.833,"y":0.833},"o":{"x":0.167,"y":0.167},"n":"0p833_0p833_0p167_0p167","t":20,"s":[{"i":[[0,0],[0,0],[0,0],[0,0]],"o":[[0,0],[0,0],[0,0],[0,0]],"v":[[4.5,10.704],[4.5,6.879],[-4.5,-2.121],[-4.516,-2.13]],"c":false}],"e":[{"i":[[0,0],[0,0],[0,0],[0,0]],"o":[[0,0],[0,0],[0,0],[0,0]],"v":[[4.5,10.717],[4.5,6.88],[-4.5,-2.121],[4.47,-11.092]],"c":false}]},{"i":{"x":0.27,"y":1},"o":{"x":0.167,"y":0.167},"n":"0p27_1_0p167_0p167","t":24,"s":[{"i":[[0,0],[0,0],[0,0],[0,0]],"o":[[0,0],[0,0],[0,0],[0,0]],"v":[[4.5,10.717],[4.5,6.88],[-4.5,-2.121],[4.47,-11.092]],"c":false}],"e":[{"i":[[0,0],[0,0],[0,0],[0,0]],"o":[[0,0],[0,0],[0,0],[0,0]],"v":[[4.5,10.692],[4.5,6.88],[-4.5,-2.121],[4.259,-10.88]],"c":false}]},{"t":30.0000012219251}],"ix":2},"nm":"Path 1","mn":"ADBE Vector Shape - Group","hd":false},{"ty":"st","c":{"a":0,"k":[0.113999998803,0.113999998803,0.105999995213,1],"ix":3},"o":{"a":0,"k":100,"ix":4},"w":{"a":0,"k":1,"ix":5},"lc":2,"lj":2,"nm":"Stroke 1","mn":"ADBE Vector Graphic - Stroke","hd":false},{"ty":"tr","p":{"a":0,"k":[7,15.719],"ix":2},"a":{"a":0,"k":[0,0],"ix":1},"s":{"a":0,"k":[100,100],"ix":3},"r":{"a":0,"k":0,"ix":6},"o":{"a":0,"k":100,"ix":7},"sk":{"a":0,"k":0,"ix":4},"sa":{"a":0,"k":0,"ix":5},"nm":"Transform"}],"nm":"Group 1","np":2,"cix":2,"ix":1,"mn":"ADBE Vector Group","hd":false},{"ty":"gr","it":[{"ind":0,"ty":"sh","ix":1,"ks":{"a":0,"k":{"i":[[0,0],[0,0]],"o":[[0,0],[0,0]],"v":[[7.5,26.598],[15.5,26.598]],"c":false},"ix":2},"nm":"Path 1","mn":"ADBE Vector Shape - Group","hd":false},{"ty":"st","c":{"a":0,"k":[0.113999998803,0.113999998803,0.105999995213,1],"ix":3},"o":{"a":0,"k":100,"ix":4},"w":{"a":0,"k":1,"ix":5},"lc":2,"lj":2,"nm":"Stroke 1","mn":"ADBE Vector Graphic - Stroke","hd":false},{"ty":"tr","p":{"a":0,"k":[0,0],"ix":2},"a":{"a":0,"k":[0,0],"ix":1},"s":{"a":0,"k":[100,100],"ix":3},"r":{"a":0,"k":0,"ix":6},"o":{"a":0,"k":100,"ix":7},"sk":{"a":0,"k":0,"ix":4},"sa":{"a":0,"k":0,"ix":5},"nm":"Transform"}],"nm":"Group 4","np":2,"cix":2,"ix":2,"mn":"ADBE Vector Group","hd":false},{"ty":"tm","s":{"a":0,"k":0,"ix":1},"e":{"a":1,"k":[{"i":{"x":[0.27],"y":[1]},"o":{"x":[0.167],"y":[0.167]},"n":["0p27_1_0p167_0p167"],"t":0,"s":[0],"e":[100]},{"t":6.00000024438501}],"ix":2},"o":{"a":0,"k":0,"ix":3},"m":1,"ix":3,"nm":"Trim Paths 1","mn":"ADBE Vector Filter - Trim","hd":false}],"ip":0,"op":91.000003706506,"st":0,"bm":0},{"ddd":0,"ind":3,"ty":4,"nm":"Layer 4 Outlines","parent":1,"sr":1,"ks":{"o":{"a":0,"k":100,"ix":11},"r":{"a":0,"k":0,"ix":10},"p":{"a":0,"k":[15.265,7.433,0],"ix":2},"a":{"a":0,"k":[3.484,3.484,0],"ix":1},"s":{"a":0,"k":[100,100,100],"ix":6}},"ao":0,"shapes":[{"ty":"gr","it":[{"ind":0,"ty":"sh","ix":1,"ks":{"a":0,"k":{"i":[[0.43,0.192],[0,0],[-0.353,-0.354],[0,0]],"o":[[0,0],[0.192,0.43],[0,0],[-0.353,-0.353]],"v":[[2.047,-3.235],[-3.234,2.047],[-2.422,3.235],[3.234,-2.423]],"c":true},"ix":2},"nm":"Path 1","mn":"ADBE Vector Shape - Group","hd":false},{"ty":"fl","c":{"a":0,"k":[0,0.607999973671,0.834999952129,1],"ix":4},"o":{"a":0,"k":100,"ix":5},"r":1,"nm":"Fill 1","mn":"ADBE Vector Graphic - Fill","hd":false},{"ty":"tr","p":{"a":0,"k":[3.484,3.485],"ix":2},"a":{"a":0,"k":[0,0],"ix":1},"s":{"a":0,"k":[100,100],"ix":3},"r":{"a":0,"k":0,"ix":6},"o":{"a":0,"k":100,"ix":7},"sk":{"a":0,"k":0,"ix":4},"sa":{"a":0,"k":0,"ix":5},"nm":"Transform"}],"nm":"Group 1","np":2,"cix":2,"ix":1,"mn":"ADBE Vector Group","hd":false}],"ip":0,"op":91.000003706506,"st":0,"bm":0},{"ddd":0,"ind":4,"ty":4,"nm":"Layer 5 Outlines","parent":1,"sr":1,"ks":{"o":{"a":0,"k":100,"ix":11},"r":{"a":0,"k":0,"ix":10},"p":{"a":0,"k":[11.735,3.901,0],"ix":2},"a":{"a":0,"k":[1.652,1.651,0],"ix":1},"s":{"a":0,"k":[100,100,100],"ix":6}},"ao":0,"shapes":[{"ty":"gr","it":[{"ind":0,"ty":"sh","ix":1,"ks":{"a":0,"k":{"i":[[-0.389,0.389],[-0.389,-0.389],[0,0],[0.389,-0.389],[-0.389,-0.39],[0,0]],"o":[[0.389,-0.389],[0,0],[-0.389,-0.389],[-0.389,0.389],[0,0],[-0.387,-0.39]],"v":[[-0.012,-0.012],[1.402,-0.012],[0.402,-1.012],[-1.012,-1.012],[-1.012,0.403],[-0.014,1.401]],"c":true},"ix":2},"nm":"Path 1","mn":"ADBE Vector Shape - Group","hd":false},{"ty":"fl","c":{"a":0,"k":[0.626999978458,0.851000019148,0.969000004787,1],"ix":4},"o":{"a":0,"k":100,"ix":5},"r":1,"nm":"Fill 1","mn":"ADBE Vector Graphic - Fill","hd":false},{"ty":"tr","p":{"a":0,"k":[1.652,1.651],"ix":2},"a":{"a":0,"k":[0,0],"ix":1},"s":{"a":0,"k":[100,100],"ix":3},"r":{"a":0,"k":0,"ix":6},"o":{"a":0,"k":100,"ix":7},"sk":{"a":0,"k":0,"ix":4},"sa":{"a":0,"k":0,"ix":5},"nm":"Transform"}],"nm":"Group 1","np":2,"cix":2,"ix":1,"mn":"ADBE Vector Group","hd":false}],"ip":0,"op":91.000003706506,"st":0,"bm":0},{"ddd":0,"ind":5,"ty":4,"nm":"Layer 6 Outlines","parent":1,"sr":1,"ks":{"o":{"a":0,"k":100,"ix":11},"r":{"a":0,"k":0,"ix":10},"p":{"a":0,"k":[14.417,6.584,0],"ix":2},"a":{"a":0,"k":[4.333,4.333,0],"ix":1},"s":{"a":0,"k":[100,100,100],"ix":6}},"ao":0,"shapes":[{"ty":"gr","it":[{"ind":0,"ty":"sh","ix":1,"ks":{"a":0,"k":{"i":[[1.539,-0.931],[0,0],[0,0],[0.389,-0.389],[-0.388,-0.39],[0,0],[0,0],[-1.328,-1.328],[0,0]],"o":[[0,0],[0,0],[-0.388,-0.389],[-0.388,0.389],[0,0],[0,0],[-0.931,1.539],[0,0],[-1.329,-1.328]],"v":[[-0.81,-2.158],[-0.777,-2.191],[-2.281,-3.695],[-3.695,-3.695],[-3.695,-2.28],[-2.191,-0.777],[-2.158,-0.81],[-1.574,4.084],[4.083,-1.573]],"c":true},"ix":2},"nm":"Path 1","mn":"ADBE Vector Shape - Group","hd":false},{"ty":"fl","c":{"a":0,"k":[0.016000001571,0.728999956916,0.933000033509,1],"ix":4},"o":{"a":0,"k":100,"ix":5},"r":1,"nm":"Fill 1","mn":"ADBE Vector Graphic - Fill","hd":false},{"ty":"tr","p":{"a":0,"k":[4.333,4.334],"ix":2},"a":{"a":0,"k":[0,0],"ix":1},"s":{"a":0,"k":[100,100],"ix":3},"r":{"a":0,"k":0,"ix":6},"o":{"a":0,"k":100,"ix":7},"sk":{"a":0,"k":0,"ix":4},"sa":{"a":0,"k":0,"ix":5},"nm":"Transform"}],"nm":"Group 1","np":2,"cix":2,"ix":1,"mn":"ADBE Vector Group","hd":false}],"ip":0,"op":91.000003706506,"st":0,"bm":0}],"markers":[]}