{"v":"5.3.4","fr":29.9700012207031,"ip":0,"op":150.000006109625,"w":136,"h":136,"nm":"18_Lamp2","ddd":0,"assets":[],"layers":[{"ddd":0,"ind":1,"ty":4,"nm":"Path","parent":4,"sr":1,"ks":{"o":{"a":0,"k":100,"ix":11},"r":{"a":0,"k":0,"ix":10},"p":{"a":0,"k":[0,0,0],"ix":2},"a":{"a":0,"k":[0,0,0],"ix":1},"s":{"a":0,"k":[100,100,100],"ix":6}},"ao":0,"shapes":[{"ty":"gr","it":[{"ind":0,"ty":"sh","ix":1,"ks":{"a":0,"k":{"i":[[0,0],[-0.55,0],[0,0],[0,0.55],[0,0],[0.55,0],[0,0],[0,-0.55]],"o":[[0,0.55],[0,0],[0.55,0],[0,0],[0,-0.55],[0,0],[-0.55,0],[0,0]],"v":[[-5,3],[-4,4],[4,4],[5,3],[5,-3],[4,-4],[-4,-4],[-5,-3]],"c":true},"ix":2},"nm":"Path 1","mn":"ADBE Vector Shape - Group","hd":false},{"ty":"st","c":{"a":0,"k":[0,0,0,1],"ix":3},"o":{"a":0,"k":100,"ix":4},"w":{"a":0,"k":1,"ix":5},"lc":2,"lj":2,"nm":"Stroke 1","mn":"ADBE Vector Graphic - Stroke","hd":false},{"ty":"tr","p":{"a":0,"k":[0,0],"ix":2},"a":{"a":0,"k":[0,0],"ix":1},"s":{"a":0,"k":[500,500],"ix":3},"r":{"a":0,"k":0,"ix":6},"o":{"a":0,"k":100,"ix":7},"sk":{"a":0,"k":0,"ix":4},"sa":{"a":0,"k":0,"ix":5},"nm":"Transform"}],"nm":"Path","np":2,"cix":2,"ix":1,"mn":"ADBE Vector Group","hd":false}],"ip":12.00000048877,"op":129.000005254278,"st":12.00000048877,"bm":0},{"ddd":0,"ind":2,"ty":4,"nm":"Path","parent":4,"sr":1,"ks":{"o":{"a":0,"k":100,"ix":11},"r":{"a":0,"k":0,"ix":10},"p":{"a":0,"k":[-17.5,0,0],"ix":2},"a":{"a":0,"k":[0,0,0],"ix":1},"s":{"a":0,"k":[100,100,100],"ix":6}},"ao":0,"shapes":[{"ty":"gr","it":[{"ind":0,"ty":"sh","ix":1,"ks":{"a":0,"k":{"i":[[-0.55,0],[0,0],[0,-0.55],[0,0],[-0.55,0],[0,0],[0,0.55],[0,0]],"o":[[0,0],[-0.55,0],[0,0],[0,0.55],[0,0],[-0.55,0],[0,0],[0,-0.55]],"v":[[-0.5,-4],[1.5,-4],[0.5,-3],[0.5,3],[1.5,4],[-0.5,4],[-1.5,3],[-1.5,-3]],"c":true},"ix":2},"nm":"Path 1","mn":"ADBE Vector Shape - Group","hd":false},{"ty":"fl","c":{"a":0,"k":[0.929412007332,0.419607996941,0.384314000607,1],"ix":4},"o":{"a":0,"k":100,"ix":5},"r":1,"nm":"Fill 1","mn":"ADBE Vector Graphic - Fill","hd":false},{"ty":"tr","p":{"a":0,"k":[0,0],"ix":2},"a":{"a":0,"k":[0,0],"ix":1},"s":{"a":0,"k":[500,500],"ix":3},"r":{"a":0,"k":0,"ix":6},"o":{"a":0,"k":100,"ix":7},"sk":{"a":0,"k":0,"ix":4},"sa":{"a":0,"k":0,"ix":5},"nm":"Transform"}],"nm":"Path","np":2,"cix":2,"ix":1,"mn":"ADBE Vector Group","hd":false}],"ip":12.00000048877,"op":129.000005254278,"st":12.00000048877,"bm":0},{"ddd":0,"ind":3,"ty":4,"nm":"Path","parent":4,"sr":1,"ks":{"o":{"a":0,"k":100,"ix":11},"r":{"a":0,"k":0,"ix":10},"p":{"a":0,"k":[17.5,0,0],"ix":2},"a":{"a":0,"k":[0,0,0],"ix":1},"s":{"a":0,"k":[100,100,100],"ix":6}},"ao":0,"shapes":[{"ty":"gr","it":[{"ind":0,"ty":"sh","ix":1,"ks":{"a":0,"k":{"i":[[0.55,0],[0,0],[0,-0.55],[0,0],[0.55,0],[0,0],[0,0.55],[0,0]],"o":[[0,0],[0.55,0],[0,0],[0,0.55],[0,0],[0.55,0],[0,0],[0,-0.55]],"v":[[0.5,-4],[-1.5,-4],[-0.5,-3],[-0.5,3],[-1.5,4],[0.5,4],[1.5,3],[1.5,-3]],"c":true},"ix":2},"nm":"Path 1","mn":"ADBE Vector Shape - Group","hd":false},{"ty":"fl","c":{"a":0,"k":[0.827450990677,0.02352900058,0.188234999776,1],"ix":4},"o":{"a":0,"k":100,"ix":5},"r":1,"nm":"Fill 1","mn":"ADBE Vector Graphic - Fill","hd":false},{"ty":"tr","p":{"a":0,"k":[0,0],"ix":2},"a":{"a":0,"k":[0,0],"ix":1},"s":{"a":0,"k":[500,500],"ix":3},"r":{"a":0,"k":0,"ix":6},"o":{"a":0,"k":100,"ix":7},"sk":{"a":0,"k":0,"ix":4},"sa":{"a":0,"k":0,"ix":5},"nm":"Transform"}],"nm":"Path","np":2,"cix":2,"ix":1,"mn":"ADBE Vector Group","hd":false}],"ip":12.00000048877,"op":129.000005254278,"st":12.00000048877,"bm":0},{"ddd":0,"ind":4,"ty":4,"nm":"Path","sr":1,"ks":{"o":{"a":0,"k":100,"ix":11},"r":{"a":0,"k":0,"ix":10},"p":{"a":1,"k":[{"i":{"x":0.523,"y":0.89},"o":{"x":0.206,"y":0.046},"n":"0p523_0p89_0p206_0p046","t":12,"s":[68.3,72.8,0],"e":[68.3,19.52,0],"to":[0,-1.76588416099548,0],"ti":[0,7.99615812301636,0]},{"i":{"x":0.653,"y":0.498},"o":{"x":0.321,"y":0.209},"n":"0p653_0p498_0p321_0p209","t":20,"s":[68.3,19.52,0],"e":[68.3,40.653,0],"to":[0,-1.04025173187256,0],"ti":[0,-10.5691452026367,0]},{"i":{"x":0.56,"y":0.946},"o":{"x":0.117,"y":0.43},"n":"0p56_0p946_0p117_0p43","t":29,"s":[68.3,40.653,0],"e":[68.3,46.262,0],"to":[0,1.72804939746857,0],"ti":[0,-0.37571355700493,0]},{"i":{"x":0.721,"y":1},"o":{"x":0.361,"y":0.127},"n":"0p721_1_0p361_0p127","t":35,"s":[68.3,46.262,0],"e":[68.3,44,0],"to":[0,0.11336350440979,0],"ti":[0,0,0]},{"i":{"x":0.833,"y":0.833},"o":{"x":0.167,"y":0.167},"n":"0p833_0p833_0p167_0p167","t":42,"s":[68.3,44,0],"e":[68.3,44,0],"to":[0,0,0],"ti":[0,0,0]},{"i":{"x":0.639,"y":0.873},"o":{"x":0.279,"y":0},"n":"0p639_0p873_0p279_0","t":90,"s":[68.3,44,0],"e":[68.3,46.262,0],"to":[0,0,0],"ti":[0,0.11336350440979,0]},{"i":{"x":0.883,"y":0.57},"o":{"x":0.44,"y":0.054},"n":"0p883_0p57_0p44_0p054","t":97,"s":[68.3,46.262,0],"e":[68.3,40.653,0],"to":[0,-0.37571352720261,0],"ti":[0,1.72804939746857,0]},{"i":{"x":0.679,"y":0.791},"o":{"x":0.347,"y":0.502},"n":"0p679_0p791_0p347_0p502","t":103,"s":[68.3,40.653,0],"e":[68.3,19.52,0],"to":[0,-10.5691452026367,0],"ti":[0,-1.04025173187256,0]},{"i":{"x":0.794,"y":0.954},"o":{"x":0.477,"y":0.11},"n":"0p794_0p954_0p477_0p11","t":112,"s":[68.3,19.52,0],"e":[68.3,99.8,0],"to":[0,7.99615812301636,0],"ti":[0,-1.76588416099548,0]},{"t":124.000005050624}],"ix":2},"a":{"a":0,"k":[0,0,0],"ix":1},"s":{"a":1,"k":[{"i":{"x":[0.833,0.833,0.833],"y":[0.833,0.833,0.833]},"o":{"x":[0.167,0.167,0.167],"y":[0.167,0.167,0.167]},"n":["0p833_0p833_0p167_0p167","0p833_0p833_0p167_0p167","0p833_0p833_0p167_0p167"],"t":103,"s":[60,60,100],"e":[43.2,43.2,100]},{"i":{"x":[0.833,0.833,0.833],"y":[0.833,0.833,0.833]},"o":{"x":[0.167,0.167,0.167],"y":[0.167,0.167,0.167]},"n":["0p833_0p833_0p167_0p167","0p833_0p833_0p167_0p167","0p833_0p833_0p167_0p167"],"t":112,"s":[43.2,43.2,100],"e":[0,0,100]},{"t":125.000005091354}],"ix":6}},"ao":0,"shapes":[{"ty":"gr","it":[{"ind":0,"ty":"sh","ix":1,"ks":{"a":0,"k":{"i":[[0,0],[-0.55,0],[0,0],[0,0.55],[0,0],[0.55,0],[0,0],[0,-0.55]],"o":[[0,0.55],[0,0],[0.55,0],[0,0],[0,-0.55],[0,0],[-0.55,0],[0,0]],"v":[[-5,3],[-4,4],[4,4],[5,3],[5,-3],[4,-4],[-4,-4],[-5,-3]],"c":true},"ix":2},"nm":"Path 1","mn":"ADBE Vector Shape - Group","hd":false},{"ty":"fl","c":{"a":0,"k":[0.905882000923,0.203922003508,0.274509996176,1],"ix":4},"o":{"a":0,"k":100,"ix":5},"r":1,"nm":"Fill 1","mn":"ADBE Vector Graphic - Fill","hd":false},{"ty":"tr","p":{"a":0,"k":[0,0],"ix":2},"a":{"a":0,"k":[0,0],"ix":1},"s":{"a":0,"k":[500,500],"ix":3},"r":{"a":0,"k":0,"ix":6},"o":{"a":0,"k":100,"ix":7},"sk":{"a":0,"k":0,"ix":4},"sa":{"a":0,"k":0,"ix":5},"nm":"Transform"}],"nm":"Path","np":2,"cix":2,"ix":1,"mn":"ADBE Vector Group","hd":false}],"ip":12.00000048877,"op":129.000005254278,"st":12.00000048877,"bm":0},{"ddd":0,"ind":5,"ty":4,"nm":"Path","sr":1,"ks":{"o":{"a":0,"k":100,"ix":11},"r":{"a":0,"k":0,"ix":10},"p":{"a":0,"k":[68.3,104,0],"ix":2},"a":{"a":0,"k":[0,40,0],"ix":1},"s":{"a":1,"k":[{"i":{"x":[0.409,0.409,0.409],"y":[1,0.778,1]},"o":{"x":[0.201,0.201,0.201],"y":[0,0,0]},"n":["0p409_1_0p201_0","0p409_0p778_0p201_0","0p409_1_0p201_0"],"t":7,"s":[60,0,100],"e":[60,73.876,100]},{"i":{"x":[0.615,0.615,0.615],"y":[1,1,1]},"o":{"x":[0.285,0.285,0.285],"y":[0,-0.834,0]},"n":["0p615_1_0p285_0","0p615_1_0p285_-0p834","0p615_1_0p285_0"],"t":20,"s":[60,73.876,100],"e":[60,60,100]},{"i":{"x":[0.833,0.833,0.833],"y":[1,1,1]},"o":{"x":[0.167,0.167,0.167],"y":[0,0,0]},"n":["0p833_1_0p167_0","0p833_1_0p167_0","0p833_1_0p167_0"],"t":39,"s":[60,60,100],"e":[60,60,100]},{"i":{"x":[0.715,0.715,0.715],"y":[1,0.166,1]},"o":{"x":[0.385,0.385,0.385],"y":[0,0,0]},"n":["0p715_1_0p385_0","0p715_0p166_0p385_0","0p715_1_0p385_0"],"t":93,"s":[60,60,100],"e":[60,73.876,100]},{"i":{"x":[0.799,0.799,0.799],"y":[1,1,1]},"o":{"x":[0.591,0.591,0.591],"y":[0,0,0]},"n":["0p799_1_0p591_0","0p799_1_0p591_0","0p799_1_0p591_0"],"t":112,"s":[60,73.876,100],"e":[60,0,100]},{"t":125.000005091354}],"ix":6}},"ao":0,"shapes":[{"ty":"gr","it":[{"ind":0,"ty":"sh","ix":1,"ks":{"a":0,"k":{"i":[[0,0],[0,0]],"o":[[0,0],[0,0]],"v":[[0,-8],[0,8]],"c":false},"ix":2},"nm":"Path 1","mn":"ADBE Vector Shape - Group","hd":false},{"ty":"st","c":{"a":0,"k":[0,0,0,1],"ix":3},"o":{"a":0,"k":100,"ix":4},"w":{"a":0,"k":1,"ix":5},"lc":2,"lj":2,"nm":"Stroke 1","mn":"ADBE Vector Graphic - Stroke","hd":false},{"ty":"tr","p":{"a":0,"k":[0,0],"ix":2},"a":{"a":0,"k":[0,0],"ix":1},"s":{"a":0,"k":[500,500],"ix":3},"r":{"a":0,"k":0,"ix":6},"o":{"a":0,"k":100,"ix":7},"sk":{"a":0,"k":0,"ix":4},"sa":{"a":0,"k":0,"ix":5},"nm":"Transform"}],"nm":"Path","np":2,"cix":2,"ix":1,"mn":"ADBE Vector Group","hd":false}],"ip":7.00000028511585,"op":150.000006109625,"st":7.00000028511585,"bm":0},{"ddd":0,"ind":6,"ty":4,"nm":"Path","sr":1,"ks":{"o":{"a":0,"k":100,"ix":11},"r":{"a":0,"k":0,"ix":10},"p":{"a":0,"k":[68.3,104,0],"ix":2},"a":{"a":0,"k":[0,0,0],"ix":1},"s":{"a":1,"k":[{"i":{"x":[0.433,0.433,0.433],"y":[0.762,2.624,4.91]},"o":{"x":[0.213,0.213,0.213],"y":[0.122,5.164,12.432]},"n":["0p433_0p762_0p213_0p122","0p433_2p624_0p213_5p164","0p433_4p91_0p213_12p432"],"t":0,"s":[0,60,100],"e":[61.394,61.444,100]},{"i":{"x":[0.598,0.598,0.598],"y":[1,1,1]},"o":{"x":[0.271,0.271,0.271],"y":[-6.428,0.996,-2.397]},"n":["0p598_1_0p271_-6p428","0p598_1_0p271_0p996","0p598_1_0p271_-2p397"],"t":7,"s":[61.394,61.444,100],"e":[60,60,100]},{"i":{"x":[0.833,0.833,0.833],"y":[1,1,1]},"o":{"x":[0.167,0.167,0.167],"y":[0,0,0]},"n":["0p833_1_0p167_0","0p833_1_0p167_0","0p833_1_0p167_0"],"t":16,"s":[60,60,100],"e":[60,60,100]},{"i":{"x":[0.729,0.729,0.729],"y":[-5.428,1.996,3.397]},"o":{"x":[0.402,0.402,0.402],"y":[0,0,0]},"n":["0p729_-5p428_0p402_0","0p729_1p996_0p402_0","0p729_3p397_0p402_0"],"t":116,"s":[60,60,100],"e":[61.394,61.444,100]},{"i":{"x":[0.787,0.787,0.787],"y":[1.122,6.164,-11.432]},"o":{"x":[0.567,0.567,0.567],"y":[0,0,-3.91]},"n":["0p787_1p122_0p567_0","0p787_6p164_0p567_0","0p787_-11p432_0p567_-3p91"],"t":125,"s":[61.394,61.444,100],"e":[0,60,100]},{"t":132.00000537647}],"ix":6}},"ao":0,"shapes":[{"ty":"gr","it":[{"ind":0,"ty":"sh","ix":1,"ks":{"a":0,"k":{"i":[[0,0],[0,0]],"o":[[0,0],[0,0]],"v":[[-3,0],[3,0]],"c":false},"ix":2},"nm":"Path 1","mn":"ADBE Vector Shape - Group","hd":false},{"ty":"st","c":{"a":0,"k":[0,0,0,1],"ix":3},"o":{"a":0,"k":100,"ix":4},"w":{"a":0,"k":1,"ix":5},"lc":2,"lj":2,"nm":"Stroke 1","mn":"ADBE Vector Graphic - Stroke","hd":false},{"ty":"tr","p":{"a":0,"k":[0,0],"ix":2},"a":{"a":0,"k":[0,0],"ix":1},"s":{"a":0,"k":[500,500],"ix":3},"r":{"a":0,"k":0,"ix":6},"o":{"a":0,"k":100,"ix":7},"sk":{"a":0,"k":0,"ix":4},"sa":{"a":0,"k":0,"ix":5},"nm":"Transform"}],"nm":"Path","np":2,"cix":2,"ix":1,"mn":"ADBE Vector Group","hd":false}],"ip":0,"op":150.349506123861,"st":0,"bm":0}],"markers":[]}