{"v":"5.3.4","fr":29.9700012207031,"ip":0,"op":150.000006109625,"w":136,"h":136,"nm":"24_Tables_and_chairs","ddd":0,"assets":[],"layers":[{"ddd":0,"ind":1,"ty":4,"nm":"Path","parent":4,"sr":1,"ks":{"o":{"a":0,"k":100,"ix":11},"r":{"a":0,"k":0,"ix":10},"p":{"a":0,"k":[-20,22.5,0],"ix":2},"a":{"a":0,"k":[0,0,0],"ix":1},"s":{"a":0,"k":[100,100,100],"ix":6}},"ao":0,"shapes":[{"ty":"gr","it":[{"ind":0,"ty":"sh","ix":1,"ks":{"a":0,"k":{"i":[[0,0],[0,0],[-0.55,0],[0,0]],"o":[[0,0],[0,-0.55],[0,0],[0,0]],"v":[[-4,4.5],[-4,-3.5],[-3,-4.5],[4,-4.5]],"c":false},"ix":2},"nm":"Path 1","mn":"ADBE Vector Shape - Group","hd":false},{"ty":"st","c":{"a":0,"k":[0,0,0,1],"ix":3},"o":{"a":0,"k":100,"ix":4},"w":{"a":0,"k":1,"ix":5},"lc":2,"lj":2,"nm":"Stroke 1","mn":"ADBE Vector Graphic - Stroke","hd":false},{"ty":"tr","p":{"a":0,"k":[0,0],"ix":2},"a":{"a":0,"k":[0,0],"ix":1},"s":{"a":0,"k":[500,500],"ix":3},"r":{"a":0,"k":0,"ix":6},"o":{"a":0,"k":100,"ix":7},"sk":{"a":0,"k":0,"ix":4},"sa":{"a":0,"k":0,"ix":5},"nm":"Transform"}],"nm":"Path","np":2,"cix":2,"ix":1,"mn":"ADBE Vector Group","hd":false}],"ip":0,"op":150.000006109625,"st":0,"bm":0},{"ddd":0,"ind":2,"ty":4,"nm":"Path","parent":4,"sr":1,"ks":{"o":{"a":0,"k":100,"ix":11},"r":{"a":0,"k":0,"ix":10},"p":{"a":0,"k":[-20,10,0],"ix":2},"a":{"a":0,"k":[0,0,0],"ix":1},"s":{"a":0,"k":[100,100,100],"ix":6}},"ao":0,"shapes":[{"ty":"gr","it":[{"ind":0,"ty":"sh","ix":1,"ks":{"a":0,"k":{"i":[[0,0],[0,0]],"o":[[0,0],[0,0]],"v":[[4,0],[-4,0]],"c":false},"ix":2},"nm":"Path 1","mn":"ADBE Vector Shape - Group","hd":false},{"ty":"st","c":{"a":0,"k":[0,0,0,1],"ix":3},"o":{"a":0,"k":100,"ix":4},"w":{"a":0,"k":1,"ix":5},"lc":2,"lj":2,"nm":"Stroke 1","mn":"ADBE Vector Graphic - Stroke","hd":false},{"ty":"tr","p":{"a":0,"k":[0,0],"ix":2},"a":{"a":0,"k":[0,0],"ix":1},"s":{"a":0,"k":[500,500],"ix":3},"r":{"a":0,"k":0,"ix":6},"o":{"a":0,"k":100,"ix":7},"sk":{"a":0,"k":0,"ix":4},"sa":{"a":0,"k":0,"ix":5},"nm":"Transform"}],"nm":"Path","np":2,"cix":2,"ix":1,"mn":"ADBE Vector Group","hd":false}],"ip":0,"op":150.000006109625,"st":0,"bm":0},{"ddd":0,"ind":3,"ty":4,"nm":"Path","parent":4,"sr":1,"ks":{"o":{"a":0,"k":100,"ix":11},"r":{"a":0,"k":0,"ix":10},"p":{"a":0,"k":[-20,5,0],"ix":2},"a":{"a":0,"k":[0,0,0],"ix":1},"s":{"a":0,"k":[100,100,100],"ix":6}},"ao":0,"shapes":[{"ty":"gr","it":[{"ind":0,"ty":"sh","ix":1,"ks":{"a":0,"k":{"i":[[0,0],[0,0],[0,0],[0,0],[0,-0.55]],"o":[[0,0],[0,0],[0,0],[-0.55,0],[0,0]],"v":[[-4,1],[4,1],[4,-1],[-3,-1],[-4,0]],"c":true},"ix":2},"nm":"Path 1","mn":"ADBE Vector Shape - Group","hd":false},{"ty":"fl","c":{"a":0,"k":[0.862744987011,0.392156988382,0.074510000646,1],"ix":4},"o":{"a":0,"k":100,"ix":5},"r":1,"nm":"Fill 1","mn":"ADBE Vector Graphic - Fill","hd":false},{"ty":"tr","p":{"a":0,"k":[0,0],"ix":2},"a":{"a":0,"k":[0,0],"ix":1},"s":{"a":0,"k":[500,500],"ix":3},"r":{"a":0,"k":0,"ix":6},"o":{"a":0,"k":100,"ix":7},"sk":{"a":0,"k":0,"ix":4},"sa":{"a":0,"k":0,"ix":5},"nm":"Transform"}],"nm":"Path","np":2,"cix":2,"ix":1,"mn":"ADBE Vector Group","hd":false}],"ip":0,"op":150.000006109625,"st":0,"bm":0},{"ddd":0,"ind":4,"ty":4,"nm":"Path","sr":1,"ks":{"o":{"a":0,"k":100,"ix":11},"r":{"a":1,"k":[{"i":{"x":[0.508],"y":[0.762]},"o":{"x":[0.2],"y":[0.113]},"n":["0p508_0p762_0p2_0p113"],"t":21,"s":[15],"e":[0.469]},{"i":{"x":[0.62],"y":[1]},"o":{"x":[0.289],"y":[5.914]},"n":["0p62_1_0p289_5p914"],"t":32,"s":[0.469],"e":[0]},{"t":47.0000019143492}],"ix":10},"p":{"a":1,"k":[{"i":{"x":0.357,"y":0.832},"o":{"x":0.211,"y":0.103},"n":"0p357_0p832_0p211_0p103","t":21,"s":[194,93.5,0],"e":[111.844,93.5,0],"to":[-13.0679063796997,0,0],"ti":[21.8664131164551,0,0]},{"i":{"x":0.604,"y":1},"o":{"x":0.133,"y":1},"n":"0p604_1_0p133_1","t":29,"s":[111.844,93.5,0],"e":[104,93.5,0],"to":[-3.23295569419861,0,0],"ti":[0,0,0]},{"i":{"x":0.833,"y":0.833},"o":{"x":0.167,"y":0.167},"n":"0p833_0p833_0p167_0p167","t":51,"s":[104,93.5,0],"e":[104,93.5,0],"to":[0,0,0],"ti":[0,0,0]},{"i":{"x":0.867,"y":0},"o":{"x":0.396,"y":0},"n":"0p867_0_0p396_0","t":75,"s":[104,93.5,0],"e":[111.844,93.5,0],"to":[0,0,0],"ti":[-3.23295569419861,0,0]},{"i":{"x":0.789,"y":0.897},"o":{"x":0.643,"y":0.168},"n":"0p789_0p897_0p643_0p168","t":97,"s":[111.844,93.5,0],"e":[194,93.5,0],"to":[21.8664112091064,0,0],"ti":[-13.0679063796997,0,0]},{"t":105.000004276738}],"ix":2},"a":{"a":0,"k":[0,45,0],"ix":1},"s":{"a":0,"k":[60,60,100],"ix":6}},"ao":0,"shapes":[{"ty":"gr","it":[{"ind":0,"ty":"sh","ix":1,"ks":{"a":0,"k":{"i":[[0,0],[0,0]],"o":[[0,0],[0,0]],"v":[[0,9],[0,-9]],"c":false},"ix":2},"nm":"Path 1","mn":"ADBE Vector Shape - Group","hd":false},{"ty":"st","c":{"a":0,"k":[0,0,0,1],"ix":3},"o":{"a":0,"k":100,"ix":4},"w":{"a":0,"k":1,"ix":5},"lc":2,"lj":2,"nm":"Stroke 1","mn":"ADBE Vector Graphic - Stroke","hd":false},{"ty":"tr","p":{"a":0,"k":[0,0],"ix":2},"a":{"a":0,"k":[0,0],"ix":1},"s":{"a":0,"k":[500,500],"ix":3},"r":{"a":0,"k":0,"ix":6},"o":{"a":0,"k":100,"ix":7},"sk":{"a":0,"k":0,"ix":4},"sa":{"a":0,"k":0,"ix":5},"nm":"Transform"}],"nm":"Path","np":2,"cix":2,"ix":1,"mn":"ADBE Vector Group","hd":false}],"ip":0,"op":150.000006109625,"st":0,"bm":0},{"ddd":0,"ind":5,"ty":4,"nm":"Path","parent":8,"sr":1,"ks":{"o":{"a":0,"k":100,"ix":11},"r":{"a":0,"k":0,"ix":10},"p":{"a":0,"k":[20,10,0],"ix":2},"a":{"a":0,"k":[0,0,0],"ix":1},"s":{"a":0,"k":[100,100,100],"ix":6}},"ao":0,"shapes":[{"ty":"gr","it":[{"ind":0,"ty":"sh","ix":1,"ks":{"a":0,"k":{"i":[[0,0],[0,0]],"o":[[0,0],[0,0]],"v":[[-4,0],[4,0]],"c":false},"ix":2},"nm":"Path 1","mn":"ADBE Vector Shape - Group","hd":false},{"ty":"st","c":{"a":0,"k":[0,0,0,1],"ix":3},"o":{"a":0,"k":100,"ix":4},"w":{"a":0,"k":1,"ix":5},"lc":2,"lj":2,"nm":"Stroke 1","mn":"ADBE Vector Graphic - Stroke","hd":false},{"ty":"tr","p":{"a":0,"k":[0,0],"ix":2},"a":{"a":0,"k":[0,0],"ix":1},"s":{"a":0,"k":[500,500],"ix":3},"r":{"a":0,"k":0,"ix":6},"o":{"a":0,"k":100,"ix":7},"sk":{"a":0,"k":0,"ix":4},"sa":{"a":0,"k":0,"ix":5},"nm":"Transform"}],"nm":"Path","np":2,"cix":2,"ix":1,"mn":"ADBE Vector Group","hd":false}],"ip":0,"op":150.000006109625,"st":0,"bm":0},{"ddd":0,"ind":6,"ty":4,"nm":"Path","parent":8,"sr":1,"ks":{"o":{"a":0,"k":100,"ix":11},"r":{"a":0,"k":0,"ix":10},"p":{"a":0,"k":[20,22.5,0],"ix":2},"a":{"a":0,"k":[0,0,0],"ix":1},"s":{"a":0,"k":[100,100,100],"ix":6}},"ao":0,"shapes":[{"ty":"gr","it":[{"ind":0,"ty":"sh","ix":1,"ks":{"a":0,"k":{"i":[[0,0],[0,0],[0.55,0],[0,0]],"o":[[0,0],[0,-0.55],[0,0],[0,0]],"v":[[4,4.5],[4,-3.5],[3,-4.5],[-4,-4.5]],"c":false},"ix":2},"nm":"Path 1","mn":"ADBE Vector Shape - Group","hd":false},{"ty":"st","c":{"a":0,"k":[0,0,0,1],"ix":3},"o":{"a":0,"k":100,"ix":4},"w":{"a":0,"k":1,"ix":5},"lc":2,"lj":2,"nm":"Stroke 1","mn":"ADBE Vector Graphic - Stroke","hd":false},{"ty":"tr","p":{"a":0,"k":[0,0],"ix":2},"a":{"a":0,"k":[0,0],"ix":1},"s":{"a":0,"k":[500,500],"ix":3},"r":{"a":0,"k":0,"ix":6},"o":{"a":0,"k":100,"ix":7},"sk":{"a":0,"k":0,"ix":4},"sa":{"a":0,"k":0,"ix":5},"nm":"Transform"}],"nm":"Path","np":2,"cix":2,"ix":1,"mn":"ADBE Vector Group","hd":false}],"ip":0,"op":150.000006109625,"st":0,"bm":0},{"ddd":0,"ind":7,"ty":4,"nm":"Path","parent":8,"sr":1,"ks":{"o":{"a":0,"k":100,"ix":11},"r":{"a":0,"k":0,"ix":10},"p":{"a":0,"k":[20,5,0],"ix":2},"a":{"a":0,"k":[0,0,0],"ix":1},"s":{"a":0,"k":[100,100,100],"ix":6}},"ao":0,"shapes":[{"ty":"gr","it":[{"ind":0,"ty":"sh","ix":1,"ks":{"a":0,"k":{"i":[[0,0],[0,0],[0,0],[0,0],[0,-0.55]],"o":[[0,0],[0,0],[0,0],[0.55,0],[0,0]],"v":[[4,1],[-4,1],[-4,-1],[3,-1],[4,0]],"c":true},"ix":2},"nm":"Path 1","mn":"ADBE Vector Shape - Group","hd":false},{"ty":"fl","c":{"a":0,"k":[0.862744987011,0.392156988382,0.074510000646,1],"ix":4},"o":{"a":0,"k":100,"ix":5},"r":1,"nm":"Fill 1","mn":"ADBE Vector Graphic - Fill","hd":false},{"ty":"tr","p":{"a":0,"k":[0,0],"ix":2},"a":{"a":0,"k":[0,0],"ix":1},"s":{"a":0,"k":[500,500],"ix":3},"r":{"a":0,"k":0,"ix":6},"o":{"a":0,"k":100,"ix":7},"sk":{"a":0,"k":0,"ix":4},"sa":{"a":0,"k":0,"ix":5},"nm":"Transform"}],"nm":"Path","np":2,"cix":2,"ix":1,"mn":"ADBE Vector Group","hd":false}],"ip":0,"op":150.000006109625,"st":0,"bm":0},{"ddd":0,"ind":8,"ty":4,"nm":"Path","sr":1,"ks":{"o":{"a":0,"k":100,"ix":11},"r":{"a":1,"k":[{"i":{"x":[0.508],"y":[0.762]},"o":{"x":[0.2],"y":[0.113]},"n":["0p508_0p762_0p2_0p113"],"t":13,"s":[-15],"e":[-0.469]},{"i":{"x":[0.62],"y":[1]},"o":{"x":[0.289],"y":[5.914]},"n":["0p62_1_0p289_5p914"],"t":24,"s":[-0.469],"e":[0]},{"t":39.0000015885026}],"ix":10},"p":{"a":1,"k":[{"i":{"x":0.357,"y":0.832},"o":{"x":0.211,"y":0.103},"n":"0p357_0p832_0p211_0p103","t":13,"s":[-58,93.5,0],"e":[24.158,93.5,0],"to":[13.068187713623,0,0],"ti":[-21.8657913208008,0,0]},{"i":{"x":0.604,"y":1},"o":{"x":0.133,"y":1},"n":"0p604_1_0p133_1","t":21,"s":[24.158,93.5,0],"e":[32,93.5,0],"to":[3.23232245445251,0,0],"ti":[0,0,0]},{"i":{"x":0.833,"y":0.833},"o":{"x":0.167,"y":0.167},"n":"0p833_0p833_0p167_0p167","t":43,"s":[32,93.5,0],"e":[32,93.5,0],"to":[0,0,0],"ti":[0,0,0]},{"i":{"x":0.867,"y":0},"o":{"x":0.396,"y":0},"n":"0p867_0_0p396_0","t":83,"s":[32,93.5,0],"e":[24.158,93.5,0],"to":[0,0,0],"ti":[3.23232245445251,0,0]},{"i":{"x":0.789,"y":0.897},"o":{"x":0.643,"y":0.168},"n":"0p789_0p897_0p643_0p168","t":105,"s":[24.158,93.5,0],"e":[-58,93.5,0],"to":[-21.8657913208008,0,0],"ti":[13.068187713623,0,0]},{"t":113.000004602584}],"ix":2},"a":{"a":0,"k":[0,45,0],"ix":1},"s":{"a":0,"k":[60,60,100],"ix":6}},"ao":0,"shapes":[{"ty":"gr","it":[{"ind":0,"ty":"sh","ix":1,"ks":{"a":0,"k":{"i":[[0,0],[0,0]],"o":[[0,0],[0,0]],"v":[[0,9],[0,-9]],"c":false},"ix":2},"nm":"Path 1","mn":"ADBE Vector Shape - Group","hd":false},{"ty":"st","c":{"a":0,"k":[0,0,0,1],"ix":3},"o":{"a":0,"k":100,"ix":4},"w":{"a":0,"k":1,"ix":5},"lc":2,"lj":2,"nm":"Stroke 1","mn":"ADBE Vector Graphic - Stroke","hd":false},{"ty":"tr","p":{"a":0,"k":[0,0],"ix":2},"a":{"a":0,"k":[0,0],"ix":1},"s":{"a":0,"k":[500,500],"ix":3},"r":{"a":0,"k":0,"ix":6},"o":{"a":0,"k":100,"ix":7},"sk":{"a":0,"k":0,"ix":4},"sa":{"a":0,"k":0,"ix":5},"nm":"Transform"}],"nm":"Path","np":2,"cix":2,"ix":1,"mn":"ADBE Vector Group","hd":false}],"ip":0,"op":150.000006109625,"st":0,"bm":0},{"ddd":0,"ind":9,"ty":4,"nm":"Path","parent":12,"sr":1,"ks":{"o":{"a":0,"k":100,"ix":11},"r":{"a":0,"k":0,"ix":10},"p":{"a":0,"k":[0,0,0],"ix":2},"a":{"a":0,"k":[0,0,0],"ix":1},"s":{"a":0,"k":[100,100,100],"ix":6}},"ao":0,"shapes":[{"ty":"gr","it":[{"ind":0,"ty":"sh","ix":1,"ks":{"a":0,"k":{"i":[[0,0],[-0.55,0],[0,0],[0,0.55],[0,0],[0.55,0],[0,0],[0,-0.55]],"o":[[0,0.55],[0,0],[0.55,0],[0,0],[0,-0.55],[0,0],[-0.55,0],[0,0]],"v":[[-9,0],[-8,1],[8,1],[9,0],[9,0],[8,-1],[-8,-1],[-9,0]],"c":true},"ix":2},"nm":"Path 1","mn":"ADBE Vector Shape - Group","hd":false},{"ty":"st","c":{"a":0,"k":[0,0,0,1],"ix":3},"o":{"a":0,"k":100,"ix":4},"w":{"a":0,"k":1,"ix":5},"lc":2,"lj":2,"nm":"Stroke 1","mn":"ADBE Vector Graphic - Stroke","hd":false},{"ty":"tr","p":{"a":0,"k":[0,0],"ix":2},"a":{"a":0,"k":[0,0],"ix":1},"s":{"a":0,"k":[500,500],"ix":3},"r":{"a":0,"k":0,"ix":6},"o":{"a":0,"k":100,"ix":7},"sk":{"a":0,"k":0,"ix":4},"sa":{"a":0,"k":0,"ix":5},"nm":"Transform"}],"nm":"Path","np":2,"cix":2,"ix":1,"mn":"ADBE Vector Group","hd":false}],"ip":3.00000012219251,"op":139.000005661586,"st":3.00000012219251,"bm":0},{"ddd":0,"ind":10,"ty":4,"nm":"Path","parent":12,"sr":1,"ks":{"o":{"a":0,"k":100,"ix":11},"r":{"a":0,"k":0,"ix":10},"p":{"a":0,"k":[37.5,0,0],"ix":2},"a":{"a":0,"k":[0,0,0],"ix":1},"s":{"a":0,"k":[100,100,100],"ix":6}},"ao":0,"shapes":[{"ty":"gr","it":[{"ind":0,"ty":"sh","ix":1,"ks":{"a":0,"k":{"i":[[0,0.55],[0.55,0],[0,0],[0,-0.55],[0.55,0],[0,0]],"o":[[0,-0.55],[0,0],[0.55,0],[0,0.55],[0,0],[0.55,0]],"v":[[-0.5,0],[-1.5,-1],[0.5,-1],[1.5,0],[0.5,1],[-1.5,1]],"c":true},"ix":2},"nm":"Path 1","mn":"ADBE Vector Shape - Group","hd":false},{"ty":"fl","c":{"a":0,"k":[0.729412019253,0.282353013754,0.094117999077,1],"ix":4},"o":{"a":0,"k":100,"ix":5},"r":1,"nm":"Fill 1","mn":"ADBE Vector Graphic - Fill","hd":false},{"ty":"tr","p":{"a":0,"k":[0,0],"ix":2},"a":{"a":0,"k":[0,0],"ix":1},"s":{"a":0,"k":[500,500],"ix":3},"r":{"a":0,"k":0,"ix":6},"o":{"a":0,"k":100,"ix":7},"sk":{"a":0,"k":0,"ix":4},"sa":{"a":0,"k":0,"ix":5},"nm":"Transform"}],"nm":"Path","np":2,"cix":2,"ix":1,"mn":"ADBE Vector Group","hd":false}],"ip":3.00000012219251,"op":139.000005661586,"st":3.00000012219251,"bm":0},{"ddd":0,"ind":11,"ty":4,"nm":"Path","parent":12,"sr":1,"ks":{"o":{"a":0,"k":100,"ix":11},"r":{"a":0,"k":0,"ix":10},"p":{"a":0,"k":[-37.5,0,0],"ix":2},"a":{"a":0,"k":[0,0,0],"ix":1},"s":{"a":0,"k":[100,100,100],"ix":6}},"ao":0,"shapes":[{"ty":"gr","it":[{"ind":0,"ty":"sh","ix":1,"ks":{"a":0,"k":{"i":[[0,0.55],[-0.55,0],[0,0],[0,-0.55],[-0.55,0],[0,0]],"o":[[0,-0.55],[0,0],[-0.55,0],[0,0.55],[0,0],[-0.55,0]],"v":[[0.5,0],[1.5,-1],[-0.5,-1],[-1.5,0],[-0.5,1],[1.5,1]],"c":true},"ix":2},"nm":"Path 1","mn":"ADBE Vector Shape - Group","hd":false},{"ty":"fl","c":{"a":0,"k":[0.941175997257,0.494118005037,0.149020001292,1],"ix":4},"o":{"a":0,"k":100,"ix":5},"r":1,"nm":"Fill 1","mn":"ADBE Vector Graphic - Fill","hd":false},{"ty":"tr","p":{"a":0,"k":[0,0],"ix":2},"a":{"a":0,"k":[0,0],"ix":1},"s":{"a":0,"k":[500,500],"ix":3},"r":{"a":0,"k":0,"ix":6},"o":{"a":0,"k":100,"ix":7},"sk":{"a":0,"k":0,"ix":4},"sa":{"a":0,"k":0,"ix":5},"nm":"Transform"}],"nm":"Path","np":2,"cix":2,"ix":1,"mn":"ADBE Vector Group","hd":false}],"ip":3.00000012219251,"op":139.000005661586,"st":3.00000012219251,"bm":0},{"ddd":0,"ind":12,"ty":4,"nm":"Path","sr":1,"ks":{"o":{"a":0,"k":100,"ix":11},"r":{"a":0,"k":0,"ix":10},"p":{"a":1,"k":[{"i":{"x":0.381,"y":0.795},"o":{"x":0.222,"y":0.107},"n":"0p381_0p795_0p222_0p107","t":3,"s":[68,93.35,0],"e":[68,48.66,0],"to":[0,-5.34477806091309,0],"ti":[0,9.96534061431885,0]},{"i":{"x":0.61,"y":0.805},"o":{"x":0.281,"y":0.599},"n":"0p61_0p805_0p281_0p599","t":13,"s":[68,48.66,0],"e":[68,56.5,0],"to":[0,-1.67776262760162,0],"ti":[0,-1.7057431936264,0]},{"i":{"x":0.646,"y":1},"o":{"x":0.313,"y":0.411},"n":"0p646_1_0p313_0p411","t":25,"s":[68,56.5,0],"e":[68,54.5,0],"to":[0,0.43670052289963,0],"ti":[0,0,0]},{"i":{"x":0.833,"y":0.833},"o":{"x":0.167,"y":0.167},"n":"0p833_0p833_0p167_0p167","t":33,"s":[68,54.5,0],"e":[68,54.5,0],"to":[0,0,0],"ti":[0,0,0]},{"i":{"x":0.687,"y":0.589},"o":{"x":0.354,"y":0},"n":"0p687_0p589_0p354_0","t":93,"s":[68,54.5,0],"e":[68,56.5,0],"to":[0,0,0],"ti":[0,0.43670052289963,0]},{"i":{"x":0.719,"y":0.401},"o":{"x":0.39,"y":0.195},"n":"0p719_0p401_0p39_0p195","t":101,"s":[68,56.5,0],"e":[68,48.66,0],"to":[0,-1.7057431936264,0],"ti":[0,-1.67776262760162,0]},{"i":{"x":0.778,"y":0.893},"o":{"x":0.619,"y":0.205},"n":"0p778_0p893_0p619_0p205","t":113,"s":[68,48.66,0],"e":[68,93.35,0],"to":[0,9.96533966064453,0],"ti":[0,-5.34477758407593,0]},{"t":123.000005009893}],"ix":2},"a":{"a":0,"k":[0,0,0],"ix":1},"s":{"a":1,"k":[{"i":{"x":[0.58,0.58,0.58],"y":[1,1,1]},"o":{"x":[0.167,0.167,0.167],"y":[0.167,0.167,-16.667]},"n":["0p58_1_0p167_0p167","0p58_1_0p167_0p167","0p58_1_0p167_-16p667"],"t":119,"s":[60,60,100],"e":[0,0,100]},{"t":125.000005091354}],"ix":6}},"ao":0,"shapes":[{"ty":"gr","it":[{"ind":0,"ty":"sh","ix":1,"ks":{"a":0,"k":{"i":[[0,0],[-0.55,0],[0,0],[0,0.55],[0,0],[0.55,0],[0,0],[0,-0.55]],"o":[[0,0.55],[0,0],[0.55,0],[0,0],[0,-0.55],[0,0],[-0.55,0],[0,0]],"v":[[-9,0],[-8,1],[8,1],[9,0],[9,0],[8,-1],[-8,-1],[-9,0]],"c":true},"ix":2},"nm":"Path 1","mn":"ADBE Vector Shape - Group","hd":false},{"ty":"fl","c":{"a":0,"k":[0.862744987011,0.392156988382,0.074510000646,1],"ix":4},"o":{"a":0,"k":100,"ix":5},"r":1,"nm":"Fill 1","mn":"ADBE Vector Graphic - Fill","hd":false},{"ty":"tr","p":{"a":0,"k":[0,0],"ix":2},"a":{"a":0,"k":[0,0],"ix":1},"s":{"a":0,"k":[500,500],"ix":3},"r":{"a":0,"k":0,"ix":6},"o":{"a":0,"k":100,"ix":7},"sk":{"a":0,"k":0,"ix":4},"sa":{"a":0,"k":0,"ix":5},"nm":"Transform"}],"nm":"Path","np":2,"cix":2,"ix":1,"mn":"ADBE Vector Group","hd":false}],"ip":3.00000012219251,"op":139.000005661586,"st":3.00000012219251,"bm":0},{"ddd":0,"ind":13,"ty":4,"nm":"Path","sr":1,"ks":{"o":{"a":0,"k":100,"ix":11},"r":{"a":0,"k":0,"ix":10},"p":{"a":0,"k":[68,93.5,0],"ix":2},"a":{"a":0,"k":[0,30,0],"ix":1},"s":{"a":1,"k":[{"i":{"x":[0.27,0.27,0.27],"y":[1,1,1]},"o":{"x":[0.167,0.167,0.167],"y":[0,0,0]},"n":["0p27_1_0p167_0","0p27_1_0p167_0","0p27_1_0p167_0"],"t":3,"s":[60,0,100],"e":[60,60,100]},{"i":{"x":[0.833,0.833,0.833],"y":[1,1,1]},"o":{"x":[0.167,0.167,0.167],"y":[0,0,0]},"n":["0p833_1_0p167_0","0p833_1_0p167_0","0p833_1_0p167_0"],"t":23,"s":[60,60,100],"e":[60,60,100]},{"i":{"x":[0.833,0.833,0.833],"y":[1,1,1]},"o":{"x":[0.73,0.73,0.73],"y":[0,0,0]},"n":["0p833_1_0p73_0","0p833_1_0p73_0","0p833_1_0p73_0"],"t":103,"s":[60,60,100],"e":[60,0,100]},{"t":123.000005009893}],"ix":6}},"ao":0,"shapes":[{"ty":"gr","it":[{"ind":0,"ty":"sh","ix":1,"ks":{"a":0,"k":{"i":[[0,0],[0,0]],"o":[[0,0],[0,0]],"v":[[0,6],[0,-6]],"c":false},"ix":2},"nm":"Path 1","mn":"ADBE Vector Shape - Group","hd":false},{"ty":"st","c":{"a":0,"k":[0,0,0,1],"ix":3},"o":{"a":0,"k":100,"ix":4},"w":{"a":0,"k":1,"ix":5},"lc":2,"lj":2,"nm":"Stroke 1","mn":"ADBE Vector Graphic - Stroke","hd":false},{"ty":"tr","p":{"a":0,"k":[0,0],"ix":2},"a":{"a":0,"k":[0,0],"ix":1},"s":{"a":0,"k":[500,500],"ix":3},"r":{"a":0,"k":0,"ix":6},"o":{"a":0,"k":100,"ix":7},"sk":{"a":0,"k":0,"ix":4},"sa":{"a":0,"k":0,"ix":5},"nm":"Transform"}],"nm":"Path","np":2,"cix":2,"ix":1,"mn":"ADBE Vector Group","hd":false}],"ip":3.00000012219251,"op":139.000005661586,"st":3.00000012219251,"bm":0},{"ddd":0,"ind":14,"ty":4,"nm":"Path","sr":1,"ks":{"o":{"a":0,"k":100,"ix":11},"r":{"a":0,"k":0,"ix":10},"p":{"a":0,"k":[68,93.5,0],"ix":2},"a":{"a":0,"k":[0,0,0],"ix":1},"s":{"a":1,"k":[{"i":{"x":[0.27,0.27,0.27],"y":[1,1,1]},"o":{"x":[0.167,0.167,0.167],"y":[0.167,10,16.667]},"n":["0p27_1_0p167_0p167","0p27_1_0p167_10","0p27_1_0p167_16p667"],"t":3,"s":[0,60,100],"e":[60,60,100]},{"i":{"x":[0.833,0.833,0.833],"y":[1,1,1]},"o":{"x":[0.167,0.167,0.167],"y":[0,0,0]},"n":["0p833_1_0p167_0","0p833_1_0p167_0","0p833_1_0p167_0"],"t":11,"s":[60,60,100],"e":[60,60,100]},{"i":{"x":[0.833,0.833,0.833],"y":[1.167,-9,-15.667]},"o":{"x":[0.73,0.73,0.73],"y":[0,0,0]},"n":["0p833_1p167_0p73_0","0p833_-9_0p73_0","0p833_-15p667_0p73_0"],"t":115,"s":[60,60,100],"e":[0,60,100]},{"t":123.000005009893}],"ix":6}},"ao":0,"shapes":[{"ty":"gr","it":[{"ind":0,"ty":"sh","ix":1,"ks":{"a":0,"k":{"i":[[0,0],[0,0]],"o":[[0,0],[0,0]],"v":[[-2,0],[2,0]],"c":false},"ix":2},"nm":"Path 1","mn":"ADBE Vector Shape - Group","hd":false},{"ty":"st","c":{"a":0,"k":[0,0,0,1],"ix":3},"o":{"a":0,"k":100,"ix":4},"w":{"a":0,"k":1,"ix":5},"lc":2,"lj":2,"nm":"Stroke 1","mn":"ADBE Vector Graphic - Stroke","hd":false},{"ty":"tr","p":{"a":0,"k":[0,0],"ix":2},"a":{"a":0,"k":[0,0],"ix":1},"s":{"a":0,"k":[500,500],"ix":3},"r":{"a":0,"k":0,"ix":6},"o":{"a":0,"k":100,"ix":7},"sk":{"a":0,"k":0,"ix":4},"sa":{"a":0,"k":0,"ix":5},"nm":"Transform"}],"nm":"Path","np":2,"cix":2,"ix":1,"mn":"ADBE Vector Group","hd":false}],"ip":3.00000012219251,"op":139.000005661586,"st":3.00000012219251,"bm":0}],"markers":[]}